question_id,question,gold_answer,category,rag_answer,token_f1,string_similarity,bleu,rouge_l,latency_s,num_chunks_retrieved,llama_answer,llama_token_f1,llama_string_similarity,llama_bleu,llama_rouge_l,llama_latency_s,medgemma_answer,medgemma_token_f1,medgemma_string_similarity,medgemma_bleu,medgemma_rouge_l,medgemma_latency_s,gemma_answer,gemma_token_f1,gemma_string_similarity,gemma_bleu,gemma_rouge_l,gemma_latency_s,bertscore_f1,llama_bertscore_f1,medgemma_bertscore_f1,gemma_bertscore_f1
q767,What are the treatments for Heart Failure ?,"Many medications are used to manage heart failure. They include diuretics, ACE inhibitors, beta blockers and digoxin. Diuretics are used to reduce fluid buildup. ACE inhibitors work to improve heart failure in many ways, including lowering blood pressure. Beta blockers can also improve heart failure in many ways, including slowing the heart rate. Digoxin affects the hormones that worsen heart failure.",Heart Failure,"Treatment for heart failure focuses on improving symptoms and preventing the disease from getting worse. This may involve addressing any reversible causes of heart failure, such as an infection, high blood pressure, or thyroid problems. 

Lifestyle changes can also be helpful, including making healthy diet choices and exercising regularly. Medications are often prescribed to help manage symptoms and slow down the progression of the disease. These medications include diuretics to remove excess fluid from the body, vasodilators to widen blood vessels, and beta-blockers to slow down heart rate.

In some cases, device therapy may be used, such as a pacemaker or an implantable cardioverter-defibrillator (ICD). Rarely, a heart transplant may be necessary for people with severe heart failure. 

The goal of treatment is to prolong life, prevent acute episodes of worsening symptoms, and reduce symptoms so that people can be more active. Treatment plans are tailored to each individual's needs and may involve a combination of behavioral, medical, and device therapies.",0.27927927927927926,0.013937282229965157,0.007867973757377586,0.13513513513513511,15.188196897506714,3,"The primary goal of treating heart failure is to alleviate symptoms and improve quality of life. Treatment options include:

* Medications: Diuretics (e.g., furosemide) to reduce fluid buildup, ACE inhibitors or ARBs to lower blood pressure, beta blockers to slow heart rate, and digoxin to strengthen contractions.
* Device therapy: Pacemakers or implantable cardioverter-defibrillators (ICDs) to regulate heartbeat and prevent arrhythmias.
* Lifestyle modifications: Dietary changes, exercise programs, and weight management to reduce strain on the heart.

Note: Treatment plans are tailored to individual patients based on their specific condition and needs.",0.3466666666666666,0.04089581304771178,0.10632095362417535,0.26666666666666666,9.516014099121094,"Heart failure treatment focuses on managing symptoms and improving quality of life. Medications are the cornerstone, including diuretics to reduce fluid buildup, ACE inhibitors or ARBs to relax blood vessels, beta-blockers to slow heart rate, and aldosterone antagonists. Lifestyle modifications like low sodium diet, regular exercise (as tolerated), and weight management are crucial. In some cases, devices like pacemakers or implantable cardioverter-defibrillators may be needed. Always consult a healthcare professional for personalized treatment plans.",0.3111111111111111,0.0213903743315508,0.09243496384618838,0.20740740740740743,23.4332435131073,"Heart failure treatment focuses on managing symptoms and improving quality of life. Core therapies include medications like ACE inhibitors/ARBs, beta-blockers, diuretics, and sometimes digoxin to reduce strain on the heart. Lifestyle modifications such as dietary changes (low sodium), exercise, and weight management are crucial. In some cases, devices like pacemakers or implantable defibrillators may be necessary. Severe cases might require advanced therapies including cardiac resynchronization therapy or even heart transplant. Treatment plans are highly individualized based on the type and severity of heart failure.",0.27586206896551724,0.03992015968063872,0.011464587527670395,0.20689655172413796,29.545546293258667,0.8596482872962952,0.8686954379081726,0.875194251537323,0.8754679560661316
q486,Who is at risk for Lung Cancer? ?,"Another substance that can contribute to lung cancer is asbestos. Asbestos is used in shipbuilding, asbestos mining and manufacturing, insulation work, and brake repair, but many products that contain asbestos have been phased out over the past several decades. If inhaled, asbestos particles can lodge in the lungs, damaging cells and increasing the risk for lung cancer.",Lung Cancer,"You may be at higher risk for lung cancer if you have a family history of the disease. Research has shown that close relatives of people with lung cancer are about twice as likely to develop the disease, even after considering other factors such as smoking and job exposure.

Being underweight or overweight can also affect your risk. Some studies suggest that being underweight may lower your risk for lung cancer, but this is not a guarantee. On the other hand, being overweight may actually decrease your risk, possibly because people who smoke tend to have lower body weights.

Certain genetic disorders, such as retinoblastoma and Li-Fraumeni syndrome, can increase your risk of developing lung cancer. These conditions affect how cells grow and divide, which can lead to cancer.

Additionally, if you have a chronic inflammatory disease that affects the lungs, such as COPD or tuberculosis, you may be at higher risk for lung cancer. This is because inflammation in the lungs can damage the tissue and increase the likelihood of cancer developing.

In rare cases, infections like Chlamydia pneumoniae or Epstein-Barr virus can also contribute to an increased risk of lung cancer.",0.216,0.03155818540433925,0.02548205144999216,0.136,23.06414031982422,3,"Individuals at increased risk for lung cancer include:

* Smokers and former smokers, particularly those who have smoked for 20+ years
* Non-smokers exposed to secondhand smoke or radon in their homes
* People with a family history of lung cancer
* Those with certain genetic conditions, such as Li-Fraumeni syndrome
* Individuals with chronic obstructive pulmonary disease (COPD) or emphysema

Note: This is not an exhaustive list and other factors may also contribute to the risk.",0.21705426356589147,0.05314009661835749,0.05107317141765984,0.12403100775193798,7.967479228973389,"Lung cancer risk increases with age and exposure to carcinogens like smoking and asbestos. Individuals with a history of lung disease or family history of lung cancer may also be at higher risk. However, it's important to note that many people who develop lung cancer never smoked. If you have concerns about your risk, consult a healthcare professional for personalized advice.",0.23728813559322032,0.021798365122615803,0.01222782557846504,0.13559322033898302,18.29849648475647,"Individuals at increased lung cancer risk include current or former smokers, those with significant secondhand smoke exposure, and people with a family history of the disease. Exposure to radon, asbestos, and other carcinogens also elevates risk. Age is a factor; most diagnoses occur in individuals over 55. Certain genetic conditions can predispose someone, though this is less common. It's important to discuss individual risk factors with a healthcare provider.",0.20634920634920634,0.024509803921568627,0.008896960299807796,0.12698412698412698,25.637669324874878,0.8419179916381836,0.8350540995597839,0.8672552108764648,0.8591465353965759
q384,How to diagnose Breast Cancer ?,"Most cancers in their early, most treatable stages do not cause any symptoms. That is why it's important to have regular tests to check for cancer long before you might notice anything wrong. Detecting Breast Cancer Through Screening When breast cancer is found early, it is more likely to be treated successfully. Checking for cancer in a person who does not have any symptoms is called screening. Screening tests for breast cancer include, among others, clinical breast exams and mammograms. Recent studies have shown that ultrasound and MRI's may also be useful complementary screening tools, particularly in women with mammograms that are not definitive. During a clinical breast exam, the doctor or other health care professional checks the breasts and underarms for lumps or other changes that could be a sign of breast cancer.  A mammogram is a special x-ray of the breast that often can detect cancers that are too small for a woman or her doctor to feel. (Watch the video to learn more about digital mammography and dense breasts. To enlarge the video, click the brackets in the lower right-hand corner. To reduce the video, press the Escape (Esc) button on your keyboard.) Who Should Have a Mammography? Several studies show that mammography screening has reduced the number of deaths from breast cancer. However, some other studies have not shown a clear benefit from mammography. Scientists are continuing to examine the level of benefit that mammography can produce. The U.S. Preventive Services Task Force (USPSTF) recommends a screening mammography for women 50-74 years every two years.  Learn more about the USPSTF mammography recommendations here. Between 5 and 10 percent of mammogram results are abnormal and require more testing. Most of these follow-up tests confirm that no cancer was present. Worried about the cost of a mammogram? Learn about free and low-cost screenings. (Centers for Disease Control and Prevention) How Biopsies are Performed If needed, the most common follow-up test a doctor will recommend is called a biopsy. This is a procedure where a small amount of fluid or tissue is removed from the breast to make a diagnosis. A doctor might perform fine needle aspiration, a needle or core biopsy, or a surgical biopsy. - With fine needle aspiration, doctors numb the area and use a thin needle to remove fluid and/or cells from a breast lump. If the fluid is clear, it may not need to be checked out by a lab.  - For a needle biopsy, sometimes called a core biopsy, doctors use a needle to remove tissue from an area that looks suspicious on a mammogram but cannot be felt. This tissue goes to a lab where a pathologist examines it to see if any of the cells are cancerous.  - In a surgical biopsy, a surgeon removes a sample of a lump or suspicious area. Sometimes it is necessary to remove the entire lump or suspicious area, plus an area of healthy tissue around the edges. The tissue then goes to a lab where a pathologist examines it under a microscope to check for cancer cells.  With fine needle aspiration, doctors numb the area and use a thin needle to remove fluid and/or cells from a breast lump. If the fluid is clear, it may not need to be checked out by a lab. For a needle biopsy, sometimes called a core biopsy, doctors use a needle to remove tissue from an area that looks suspicious on a mammogram but cannot be felt. This tissue goes to a lab where a pathologist examines it to see if any of the cells are cancerous. In a surgical biopsy, a surgeon removes a sample of a lump or suspicious area. Sometimes it is necessary to remove the entire lump or suspicious area, plus an area of healthy tissue around the edges. The tissue then goes to a lab where a pathologist examines it under a microscope to check for cancer cells. Another type of surgical biopsy that removes less breast tissue is called an image-guided needle breast biopsy, or stereotactic biopsy. Eighty percent of U.S. women who have a surgical breast biopsy do not have cancer. However, women who have breast biopsies are at higher risk of developing breast cancer than women who have never had a breast biopsy. Other Detection Methods Magnetic resonance imaging, or MRI, and ultrasound are two other techniques which, as supplements to standard mammography, might help detect breast cancer with greater accuracy. Genetic Detection The most comprehensive study to date of gene mutations in breast cancer, published in September 2012, confirmed that there are four primary subtypes of breast cancer, each with its own biology. The four groups are called intrinsic subtypes of breast cancer and include HER2-enriched (HER2E), Luminal A (LumA), Luminal B (LumB) and Basal-like. The outlook for survival is different for each of these subtypes of breast cancer. Researchers found that one subtype, Basal-like breast cancer, shares many genetic features with a form of ovarian cancer, and that both may respond similarly to drugs that reduce tumor growth or target DNA repair. The authors hope that discovery of these mutations will be an important step in the effort to improve therapies for breast cancer. For the time being, there are no genetic tests that are commercially available based solely on these findings. Soon, however, knowing extensively which breast cancer gene mutations a woman has should help guide precision treatment.",Breast Cancer,"Diagnosing breast cancer involves several steps. First, a mammogram is taken to look for any unusual changes in the breast tissue. This is an X-ray image of the breast that can help doctors find tumors or other abnormalities. If something suspicious is found on the mammogram, more tests may be done.

These additional tests might include another mammogram and an ultrasound, which uses sound waves to create images of the breast tissue. These tests can help doctors confirm whether a tumor is present and where it is located.

If a tumor is suspected, a biopsy will be taken. This involves removing a small sample of tissue from the area of concern. There are different types of biopsies, but one common method uses a hollow needle to collect tissue from the breast.

The collected tissue is then examined under a microscope by a pathologist to look for cancer cells. If cancer cells are found, it means that the person has breast cancer.",0.2358490566037736,0.020175724048161404,0.0008152506316203972,0.12830188679245283,21.815556049346924,3,"Breast cancer diagnosis typically involves a combination of the following steps:

1. Clinical examination: A healthcare professional performs a physical exam to check for any abnormalities in the breast tissue.
2. Mammography: An X-ray imaging test that uses low-energy X-rays to produce images of the breast tissue.
3. Ultrasound: A non-invasive imaging test that uses high-frequency sound waves to create images of the breast tissue.
4. Biopsy: A surgical procedure where a sample of breast tissue is removed and examined under a microscope for cancer cells.

A diagnosis of breast cancer can be made when a biopsy confirms the presence of malignant cells in the breast tissue.",0.14711729622266403,0.013251783893985729,3.800485354915236e-05,0.09542743538767398,10.600199699401855,"Diagnosis of breast cancer typically involves imaging tests like mammograms or MRIs, followed by a biopsy to examine tissue samples under a microscope. Clinical evaluation, including physical examination and assessment of risk factors, also plays a crucial role. Certain symptoms like a lump, skin changes, or nipple discharge may prompt further investigation. If imaging suggests a suspicious area, a biopsy is usually performed for definitive diagnosis. The specific diagnostic pathway can vary based on age, breast density, and individual risk factors.",0.09387755102040816,0.016637781629116118,1.5607929978935853e-06,0.061224489795918366,24.362270832061768,"Diagnosing breast cancer involves several steps. Initial screening often includes self-exams, clinical breast exams by a healthcare provider, and mammograms. Suspicious findings prompt further investigation with ultrasound or MRI. A biopsy, removing tissue for examination under a microscope, confirms the diagnosis and determines cancer type. Staging tests like blood work and imaging (CT scans, bone scans) assess disease extent. I am unable to provide medical advice; consult a physician for personalized guidance.",0.07621009268795056,0.012565445026178011,4.1627409876339797e-07,0.051493305870236865,28.08811044692993,0.8401734828948975,0.8230821490287781,0.8197768926620483,0.8167056441307068
q553,What is (are) High Blood Cholesterol ?,Triglycerides are another kind of fat that your liver makes. They can also signal an increased chance of developing heart disease.,High Blood Cholesterol,"High blood cholesterol refers to high levels of certain types of fat, called lipids, in the bloodstream. There are several different types of lipids, but the two main ones that doctors usually talk about are:

* Low-density lipoprotein (LDL) - often called ""bad"" cholesterol because it can build up in the walls of the arteries and cause them to narrow.
* High-density lipoprotein (HDL) - often called ""good"" cholesterol because it helps remove excess cholesterol from the bloodstream.

When you have high levels of LDL, it's like having a lot of extra baggage on your car. It can make it harder for blood to flow through the arteries and increase your risk of heart disease and stroke.

On the other hand, when you have high levels of HDL, it's like having a strong vacuum cleaner that helps clean up excess cholesterol from the bloodstream. This can actually help lower your risk of heart disease and stroke.

The American Heart Association recommends that adults get their blood cholesterol checked at least once every five years if they're over 20 years old. If you have high blood cholesterol, your doctor may recommend lifestyle changes or medications to help bring it down.",0.08333333333333333,0.11023622047244094,0.0033662348087389674,0.07407407407407407,28.927812099456787,3,"High blood cholesterol refers to elevated levels of low-density lipoprotein (LDL) or ""bad"" cholesterol and/or decreased levels of high-density lipoprotein (HDL) or ""good"" cholesterol in the bloodstream. LDL carries cholesterol from the liver to cells, while HDL carries excess cholesterol back to the liver for excretion.

High blood cholesterol can be caused by a combination of genetic and lifestyle factors, including:

* Genetics
* Diet high in saturated fats and cholesterol
* Obesity
* Physical inactivity
* Smoking

Elevated LDL levels increase the risk of cardiovascular disease, while low HDL levels also contribute to this risk.",0.10714285714285714,0.20270270270270271,0.003109916062506755,0.08928571428571429,11.261434555053711,"High blood cholesterol is a condition where the levels of certain fats, called lipids, circulating in your bloodstream are too high. Specifically, it often refers to elevated levels of LDL (""bad"") cholesterol and triglycerides, while HDL (""good"") cholesterol may be low. This buildup can lead to plaque formation in arteries, increasing the risk of heart disease and stroke. It's typically diagnosed through blood tests measuring lipid profiles.",0.18181818181818182,0.24504504504504504,0.008120718936539166,0.13636363636363635,21.962117195129395,"High blood cholesterol, or hypercholesterolemia, means having too much cholesterol in your blood. It's primarily characterized by elevated levels of LDL (""bad"") cholesterol and/or low levels of HDL (""good"") cholesterol. This often occurs without noticeable symptoms, but increases the risk of heart disease and stroke. Contributing factors include genetics, diet (saturated & trans fats), lack of exercise, and certain medical conditions. Management typically involves lifestyle changes like diet and exercise, and may require medication. I am unable to provide specific medical advice; consult a healthcare provider for diagnosis and treatment.",0.09090909090909091,0.1742627345844504,0.00540467900508413,0.07272727272727272,33.64325165748596,0.8298611044883728,0.8308882713317871,0.8662326335906982,0.8468782305717468
q480,What is (are) Lung Cancer ?,"There are two major types of lung cancer -- non-small cell lung cancer and small cell lung cancer. Each type of lung cancer grows and spreads in different ways, and each is treated differently. Non-small cell lung cancer is more common than small cell lung cancer. It generally grows and spreads slowly.  Learn more about non-small cell carcinoma.  Small cell lung cancer,  sometimes called oat cell cancer, grows more quickly and is more likely to spread to other organs in the body.  Learn more about small cell carcinoma.",Lung Cancer,"Lung cancer is a type of cancer that starts in the lungs. It occurs when cells in the lung tissue become damaged and start to grow out of control. This can happen due to various reasons such as smoking or exposure to certain chemicals.

There are several types of lung cancer, which are classified based on the type of cells they affect and their growth patterns. The main types include:

* Small cell lung cancer (SCLC): This is a fast-growing type that often spreads quickly.
* Non-small cell lung cancer (NSCLC): This is a slower-growing type that can be further divided into three subtypes:
	+ Adenocarcinoma: A type of cancer that grows in gland-like structures and may produce mucin.
	+ Squamous-cell carcinoma: A type of cancer that occurs near the major airways and has cells with layers of keratin.
	+ Large cell carcinoma: A rare type of cancer with large, abnormal cells.

Lung cancer can be difficult to detect early on, as it often doesn't show symptoms until it's advanced. However, if caught early, treatment options are available to help manage the disease.",0.33207547169811324,0.03650586701434159,0.06247582391165041,0.2113207547169811,31.243104219436646,3,"Lung cancer refers to the uncontrolled growth and spread of abnormal cells in one or both lungs. It can be classified into two main types: non-small cell lung cancer (NSCLC) and small cell lung cancer (SCLC). NSCLC accounts for about 85% of cases, while SCLC is more aggressive but less common. Lung cancer can also be further sub-classified based on the location, size, and genetic characteristics of the tumor.",0.3589743589743589,0.057649667405764965,0.0918912003229979,0.24358974358974358,8.72878623008728,"Lung cancer is a disease where cells in the lungs grow uncontrollably, forming tumors. It's often caused by smoking but can also result from other factors like radon exposure or asbestos inhalation. Symptoms may include persistent cough, chest pain, shortness of breath, and coughing up blood. Diagnosis typically involves imaging tests like CT scans and biopsies. Treatment options vary depending on the stage and type of lung cancer and might include surgery, chemotherapy, radiation therapy, or targeted therapies.",0.18181818181818185,0.02576808721506442,0.05273347303255318,0.10909090909090909,30.041592121124268,"Lung cancer develops when cells in the lungs grow uncontrollably, forming tumors. It's broadly categorized as either non-small cell lung cancer (NSCLC), which includes adenocarcinoma, squamous cell carcinoma, and large cell carcinoma, or small cell lung cancer (SCLC). Smoking is the leading cause, but exposure to radon, asbestos, and other pollutants also increases risk. Symptoms often appear late and can include persistent cough, shortness of breath, and chest pain. Diagnosis involves imaging like X-rays and CT scans, alongside biopsies for confirmation. Treatment options vary based on type and stage, ranging from surgery and radiation to chemotherapy and targeted therapies.",0.2903225806451613,0.029209621993127148,0.06992578948354904,0.1935483870967742,36.52136445045471,0.8597191572189331,0.8811617493629456,0.8481929898262024,0.8633736371994019
q506,What are the symptoms of Stroke ?,"Know the Signs Knowing the warning signs of stroke and controlling stroke's risk factors can lower your risk of death or disability. If you suffer a stroke, you may not realize it at first. The people around you might not know it, either. Your family, friends, or neighbors may think you are unaware or confused. You may not be able to call 911 on your own. That's why everyone should know the signs of stroke and know how to act fast. Warning signs are clues your body sends to tell you that your brain is not receiving enough oxygen. If you observe one or more of the following signs of a stroke or ""brain attack,"" don't wait. Call 911 right away! Common Signs of Stroke These are warning signs of a stroke: - sudden numbness or weakness of the face, arm, or leg, especially on one side of the body  - sudden confusion, trouble speaking or understanding  - sudden trouble seeing in one or both eyes  - sudden trouble walking, dizziness, loss of balance or coordination  - sudden severe headache with no known cause. sudden numbness or weakness of the face, arm, or leg, especially on one side of the body sudden confusion, trouble speaking or understanding sudden trouble seeing in one or both eyes sudden trouble walking, dizziness, loss of balance or coordination sudden severe headache with no known cause. Other danger signs that may occur include double vision, drowsiness, and nausea or vomiting. Don't Ignore ""Mini-Strokes"" Sometimes the warning signs of stroke may last only a few moments and then disappear. These brief episodes, known as transient ischemic attacks or TIAs, are sometimes called ""mini-strokes."" Although brief, TIAs identify an underlying serious condition that isn't going away without medical help. Unfortunately, since they clear up, many people ignore them. Don't ignore them. Heeding them can save your life. Why It's Important To Act Fast Stroke is a medical emergency. Every minute counts when someone is having a stroke. The longer blood flow is cut off to the brain, the greater the damage. Immediate treatment can save peoples lives and enhance their chances for successful recovery. Ischemic strokes, the most common type of strokes, can be treated with a drug called t-PA that dissolves blood clots obstructing blood flow to the brain. The window of opportunity to start treating stroke patients is three hours, but to be evaluated and receive treatment, patients need to get to the hospital within 60 minutes. What Should You Do? Don't wait for the symptoms of stroke to improve or worsen. If you believe you are having a stroke, call 911 immediately. Making the decision to call for medical help can make the difference in avoiding a lifelong disability and in greatly improving your chances for recovery. If you observe someone having a stroke  if he or she suddenly loses the ability to speak, or move an arm or leg on one side, or experiences facial paralysis on one side  call 911 immediately.",Stroke,"A stroke can cause a variety of symptoms that can affect different parts of the body. Some common symptoms include:

Facial drooping, where one side of the face may droop or feel weak.
Difficulty walking or moving on one side of the body.
Trouble understanding or speaking, including slurred speech.
Dizziness or loss of balance.
Vision problems, such as blurred vision or loss of vision in one eye.

In some cases, a stroke can also cause a severe headache. If you experience any of these symptoms, it's essential to seek medical attention right away.

It's worth noting that the symptoms of a stroke can be permanent and may vary from person to person. Some people may experience long-term complications such as pneumonia or loss of bladder control.",0.24798711755233496,0.021799888205701508,0.0075567646748804975,0.15136876006441222,19.75776720046997,3,"The symptoms of stroke can be remembered by the acronym ""FAST"":

F - Face: Weakness or numbness on one side of the face
A - Arm: Weakness or numbness in one arm
S - Speech: Difficulty speaking or understanding speech
T - Time: Time to call emergency services, as prompt treatment is crucial

Additional symptoms may include:

* Sudden severe headache
* Vision changes or loss
* Dizziness or loss of balance
* Numbness or weakness in the legs
* Confusion or disorientation

If you suspect someone is having a stroke, call emergency services immediately.",0.21379310344827585,0.009475866153390583,0.0019564116310882,0.13103448275862067,9.979571342468262,"Stroke symptoms can vary depending on the type and location of the stroke. Common signs include sudden weakness or numbness, especially on one side of the body; sudden confusion, trouble speaking, or understanding speech; sudden trouble seeing in one or both eyes; and sudden dizziness, loss of balance, or trouble walking. If you suspect a stroke, call emergency services immediately.",0.19494584837545129,0.019863438857852266,0.000337591663194006,0.17328519855595667,20.512266874313354,"Stroke symptoms appear suddenly and can include facial drooping, arm weakness, speech difficulty (slurred or confused), and severe headache. Remember the acronym BE FAST: **B**alance, **E**yes, **F**ace, **A**rm, **S**peech, **T**ime to call 911. Other signs may involve sudden vision changes or confusion. Prompt recognition and treatment are crucial for minimizing long-term damage. I am unable to provide medical diagnoses; consult a healthcare professional for evaluation.",0.14311270125223613,0.014011574779165398,4.531140469977241e-05,0.08228980322003579,29.898232460021973,0.817141592502594,0.8049619793891907,0.8201912641525269,0.787021279335022
q260,What causes Alzheimer's Disease ?,"Scientists do not yet fully understand what causes Alzheimer's disease in most people. In early-onset Alzheimers, which occurs in people between the ages of 30 and 60, a genetic mutation is usually the cause. Late-onset Alzheimers, which usually develops after age 60, arises from a complex series of brain changes that occur over decades. The causes probably include a mix of genetic, environmental, and lifestyle factors. These factors affect each person differently. Learn more about the genetics of Alzheimers disease.  Increasing age is the most important known risk factor for Alzheimer's disease. Lifestyle factors, such as diet and physical exercise, and long-term health conditions, like high blood pressure and diabetes, might also play a role in the risk of developing Alzheimers disease.",Alzheimer's Disease,"Alzheimer's disease is a complex condition that occurs when abnormal amounts of certain proteins build up in the brain. These proteins, called amyloid beta and tau, can accumulate outside or inside brain cells, disrupting their normal functioning and connectivity. This leads to a progressive loss of brain function.

While we don't know exactly what causes most cases of Alzheimer's disease, research suggests that age-related changes in the brain play a role. As people get older, their brains may have trouble clearing away these abnormal proteins, leading to their accumulation.

Some genetic differences can also increase the risk of developing Alzheimer's disease, but this is rare and only affects about 1-2% of cases.

Other factors, such as hearing loss and smoking, may also contribute to the development of Alzheimer's disease. In addition, some research suggests that infections or inflammation in the brain may play a role in the development of the disease.

There are several theories about what causes Alzheimer's disease, including the amyloid beta hypothesis and the tau hypothesis. However, more research is needed to fully understand the underlying causes of this complex condition.",0.38562091503267976,0.05564142194744977,0.09469918290854806,0.20261437908496732,24.854305028915405,3,"Alzheimer's disease is a complex condition with multiple contributing factors. The exact cause is still not fully understood, but it is believed to result from a combination of genetic, environmental, and lifestyle factors.

Genetic mutations, such as those associated with early-onset familial Alzheimer's, can increase the risk of developing the disease. However, most cases are sporadic and do not have a clear genetic link.

Age is also a significant risk factor, with the likelihood of developing Alzheimer's increasing exponentially after age 65. Other potential contributing factors include:

* Head trauma or concussions
* Cardiovascular disease
* Diabetes
* Obesity
* Inflammation

Research suggests that Alzheimer's may be related to an accumulation of amyloid beta plaques and tau protein tangles in the brain, leading to neuronal damage and death. However, more research is needed to fully understand the underlying mechanisms.",0.46875,0.058229352346999406,0.1008823764305458,0.19531250000000003,14.22491979598999,"Alzheimer's disease is caused by complex interactions between genetics, lifestyle factors, and environmental influences. While specific genes increase risk, no single gene causes it. Age remains the strongest risk factor. Lifestyle choices like diet, exercise, and cognitive engagement may influence brain health, but their direct causal role is still being researched. Environmental exposures are also considered potential contributors, though evidence is less conclusive. The exact mechanisms leading to amyloid plaques and neurofibrillary tangles, which characterize the disease, are not fully understood.",0.3251231527093596,0.05267008046817849,0.00812814114933992,0.1773399014778325,23.925822257995605,"Alzheimer’s disease is complex; there isn't one single cause. It likely results from a combination of genetic, lifestyle, and environmental factors impacting brain health over time. Abnormal protein deposits (amyloid plaques and tau tangles) are hallmarks, disrupting nerve cell function and leading to progressive cognitive decline. Age is the greatest risk factor, but early-onset cases can be linked to rare gene mutations. Research continues to explore other potential contributors like inflammation and vascular issues. Ultimately, the precise mechanisms remain incompletely understood.",0.2660098522167488,0.04744255003706449,0.015213407826881062,0.1773399014778325,29.007289171218872,0.8677207827568054,0.875716507434845,0.8602498173713684,0.8644029498100281
q392,What are the symptoms of Breast Cancer ?,"When breast cancer first develops, there may be no symptoms at all. But as the cancer grows, it can cause changes that women should watch for. You can help safeguard your health by learning the following warning signs of breast cancer. -  a lump or thickening in or near the breast or in the underarm area  - a change in the size or shape of the breast  - a dimple or puckering in the skin of the breast  -  a nipple turned inward into the breast  -  fluid, other than breast milk, from the nipple, especially if it's bloody  - scaly, red, or swollen skin on the breast, nipple, or areola (the dark area of skin around the nipple)  - dimples in the breast that look like the skin of an orange. a lump or thickening in or near the breast or in the underarm area a change in the size or shape of the breast a dimple or puckering in the skin of the breast a nipple turned inward into the breast fluid, other than breast milk, from the nipple, especially if it's bloody scaly, red, or swollen skin on the breast, nipple, or areola (the dark area of skin around the nipple) dimples in the breast that look like the skin of an orange. Don't Ignore Symptoms You should see your doctor about any symptoms like these. Most often, they are not cancer, but it's important to check with the doctor so that any problems can be diagnosed and treated as early as possible. Some women believe that as they age, health problems are due to ""growing older."" Because of this myth, many illnesses go undiagnosed and untreated. Don't ignore your symptoms because you think they are not important or because you believe they are normal for your age. Talk to your doctor.",Breast Cancer,"Breast cancer often doesn't have any noticeable symptoms until it is diagnosed. However, some people may experience certain signs or changes in their breast tissue. These can include a new lump in the breast that feels hard and has irregular edges. The lump might be painless, but it's more likely to be cancerous if it's hard and doesn't move when pressed.

Other symptoms of breast cancer can include:

* Skin thickening or peau d'orange (a condition where the skin looks like the surface of an orange)
* Swelling or pain in the breast
* Dimpling, thickening, redness, or dryness of the breast skin
* Pain or inversion of the nipple
* Unusual discharge from the breasts
* Swelling of the lymph nodes under the arms or along the collar bone

In some cases, people with breast cancer may experience more severe symptoms due to the spread of the disease. These can include:

* Bone pain
* Swollen lymph nodes
* Shortness of breath
* Yellow skin (jaundice)
* Red or scaly patches on the skin
* Changes in the shape of the breast

It's essential to note that most breast lumps are not cancerous, and many symptoms can be caused by other conditions. If you notice any unusual changes in your breasts, it's crucial to consult a healthcare professional for proper evaluation and diagnosis.",0.4549019607843137,0.007782101167315175,0.04864103069301728,0.22745098039215686,29.96566867828369,3,"The common symptoms of breast cancer include:

* A new lump or thickening in the breast or underarm area
* Change in size, shape, or contour of the breast
* Dimpling or puckering of the skin
* Redness or scaliness of the skin
* Nipple discharge (other than milk) or nipple inversion
* Pain or tenderness in the breast or nipple

It's essential to note that not all lumps are cancerous, and many women with breast cancer do not experience any symptoms. If you're concerned about a lump or other changes in your breast, consult a healthcare professional for evaluation and diagnosis.",0.3654822335025381,0.011157601115760111,0.014559597570497837,0.24365482233502536,10.488235712051392,"Breast cancer symptoms can vary widely depending on the location and stage of the tumor. Common signs include a lump or thickening in the breast or underarm area, changes in the size, shape, or appearance of the breast, skin dimpling or puckering, nipple retraction (turning inward), redness, scaling, or flaking of the breast skin, itching, or pain in the breast or armpit, and spontaneous discharge from the nipple. However, many women with breast cancer have no symptoms in early stages. If you notice any changes in your breasts, consult a healthcare professional for evaluation.",0.32653061224489793,0.028797027403622853,0.016904963274165765,0.2346938775510204,26.53270983695984,"Breast cancer symptoms can include a new lump, thickening or swelling in the breast, skin changes (dimpling, redness), nipple discharge, and pain. However, many lumps are benign. Early detection through regular self-exams and screening mammograms is crucial for improved outcomes. If you notice any concerning changes, promptly consult a healthcare professional for evaluation. I am unable to provide medical diagnoses; this information is for general awareness only.",0.14794520547945206,0.00784313725490196,0.0008195955203418174,0.10410958904109588,25.70291757583618,0.8496842980384827,0.8315004706382751,0.8352107405662537,0.8090782165527344
q810,Who is at risk for Skin Cancer? ?,"Key Points
                    - Avoiding risk factors and increasing protective factors may help prevent cancer.    - Being exposed to ultraviolet radiation is a risk factor for skin cancer.    - It is not known if the following lower the risk of nonmelanoma skin cancer:         - Sunscreen use and avoiding sun exposure     - Chemopreventive agents        - It is not known if the following lower the risk of melanoma:         - Sunscreen     - Counseling and protecting the skin from the sun        - Cancer prevention clinical trials are used to study ways to prevent cancer.    -  New ways to prevent skin cancer are being studied in clinical trials.
                
                
                    Avoiding risk factors and increasing protective factors may help prevent cancer.
                    Avoiding cancer risk factors may help prevent certain cancers. Risk factors include smoking, being overweight, and not getting enough exercise. Increasing protective factors such as quitting smoking and exercising may also help prevent some cancers. Talk to your doctor or other health care professional about how you might lower your risk of cancer.
                
                
                    Being exposed to ultraviolet radiation is a risk factor for skin cancer.
                    Some studies suggest that being exposed to ultraviolet (UV) radiation and the sensitivity of a persons skin to UV radiation are risk factors for skin cancer. UV radiation is the name for the invisible rays that are part of the energy that comes from the sun. Sunlamps and tanning beds also give off UV radiation.   Risk factors for nonmelanoma and melanoma cancers are not the same.         -  Risk factors for nonmelanoma skin cancer:                  - Being exposed to natural sunlight or artificial sunlight (such as from tanning beds) over long periods of time.       - Having a fair complexion, which includes the following:                         - Fair skin that freckles and burns easily, does not tan, or tans poorly.         - Blue or green or other light-colored eyes.          - Red or blond hair.                       - Having actinic keratosis.        - Past treatment with radiation.       - Having a weakened immune system.       - Being exposed to arsenic.                -  Risk factors for melanoma skin cancer:                  - Having a fair complexion, which includes the following:                         - Fair skin that freckles and burns easily, does not tan, or tans poorly.          - Blue or green or other light-colored eyes.         - Red or blond hair.                      - Being exposed to natural sunlight or artificial sunlight (such as from tanning beds) over long periods of time.       - Having a history of many blistering sunburns, especially as a child or teenager.       - Having several large or many small moles.       - Having a family history of unusual moles (atypical nevus syndrome).       - Having a family or personal history of melanoma.        - Being white.
                
                
                    It is not known if the following lower the risk of nonmelanoma skin cancer:
                    Sunscreen use and avoiding sun exposure    It is not known if nonmelanoma skin cancer risk is decreased by staying out of the sun, using sunscreens, or wearing protective clothing when outdoors. This is because not enough studies have been done to prove this.    Sunscreen may help decrease the amount of UV radiation to the skin. One study found that wearing sunscreen can help prevent actinic keratoses, scaly patches of skin that sometimes become squamous cell carcinoma.     The harms of using sunscreen are likely to be small and include allergic reactions to skin creams and lower levels of vitamin D made in the skin because of less sun exposure.     It is also possible that when a person uses sunscreen to avoid sunburn they may spend too much time in the sun and be exposed to harmful UV radiation.    Although protecting the skin and eyes from the sun has not been proven to lower the chance of getting skin cancer, skin experts suggest the following:            -  Use sunscreen that protects against UV radiation.     -  Do not stay out in the sun for long periods of time, especially when the sun is at its strongest.     -  Wear long sleeve shirts, long pants, sun hats, and sunglasses, when outdoors.              Chemopreventive agents     Chemoprevention is the use of drugs, vitamins, or other agents to try to reduce the risk of cancer. The following chemopreventive agents have been studied to find whether they lower the risk of nonmelanoma skin cancer:         Beta carotene      Studies of beta carotene (taken as a supplement in pills) have not shown that it prevents nonmelanoma skin cancer from forming or coming back.            Isotretinoin      High doses of isotretinoin have been shown to prevent new skin cancers in patients with xeroderma pigmentosum. However, isotretinoin has not been shown to prevent nonmelanoma skin cancers from coming back in patients previously treated for nonmelanoma skin cancers. Treatment with isotretinoin can cause serious side effects.            Selenium      Studies have shown that selenium (taken in brewer's yeast tablets) does not lower the risk of basal cell carcinoma, and may increase the risk of squamous cell carcinoma.            Celecoxib      A study of celecoxib in patients with actinic keratosis and a history of nonmelanoma skin cancer found those who took celecoxib had slightly lower rates of recurrent nonmelanoma skin cancers. Celecoxib may have serious side effects on the heart and blood vessels.             Alpha-difluoromethylornithine (DFMO)      A study of alpha-difluoromethylornithine (DFMO) in patients with a history of nonmelanoma skin cancer showed that those who took DFMO had lower rates of nonmelanoma skin cancers coming back than those who took a placebo. DFMO may cause hearing loss which is usually temporary.            Nicotinamide (vitamin B3)      Studies have shown that nicotinamide (vitamin B3) helps prevent new actinic keratoses lesions from forming in people who had four or fewer actinic lesions before taking nicotinamide. More studies are needed to find out if nicotinamide prevents nonmelanoma skin cancer from forming or coming back.
                
                
                    It is not known if the following lower the risk of melanoma:
                    Sunscreen    It has not been proven that using sunscreen to prevent sunburn can protect against melanoma caused by UV radiation. Other risk factors such as having skin that burns easily, having a large number of benign moles, or having atypical nevi may also play a role in whether melanoma forms.       Counseling and protecting the skin from the sun    It is not known if people who receive counseling or information about avoiding sun exposure make changes in their behavior to protect their skin from the sun.",Skin Cancer,"People with light skin are more prone to skin cancer. This includes white people and those who spend a lot of time outdoors, such as athletes in outdoor sports or workers who spend long hours outside. Certain medications can also increase the risk of skin cancer, including some immunosuppressive drugs.

Some other factors that may increase your risk for skin cancer include:

* Age: As you get older, your risk for skin cancer increases.
* Smoking tobacco
* Human papillomavirus (HPV) infections
* Certain genetic syndromes, such as having a lot of moles or birthmarks
* Chronic non-healing wounds, also known as Marjolin's ulcers
* Exposure to ionizing radiation, such as X-rays
* Using artificial tanning beds
* Excessive drinking and sunburns

It's worth noting that people who use tanning beds are at a high risk for skin cancer. In fact, the World Health Organization has put people who use tanning beds in its highest risk category for skin cancer.",0.18165938864628825,0.007724216850236018,0.00030476527229626597,0.09257641921397379,23.453201055526733,3,"Individuals with fair skin (Fitzpatrick skin types I and II), history of sunburns, especially during childhood and adolescence, and those who have a family history of skin cancer are at higher risk for developing skin cancer. People who work outdoors or engage in outdoor activities, such as surfing, sailing, or gardening, also have an increased risk. Additionally, individuals with certain genetic conditions, like xeroderma pigmentosum, are more susceptible to skin cancer due to their impaired DNA repair mechanisms.",0.08963585434173668,0.0009129640900791236,7.284457727729482e-07,0.05788982259570495,8.306285381317139,"Skin cancer risk factors include fair skin, history of sunburns, moles, exposure to ultraviolet (UV) radiation from the sun or tanning beds, family history of skin cancer, and certain genetic mutations. Individuals with weakened immune systems are also more susceptible. If you have concerns about your risk, consult a healthcare professional for personalized advice.",0.08404966571155684,0.005604857543204111,4.6131388572820036e-09,0.055396370582617004,18.437391757965088,"Anyone can develop skin cancer, but certain factors increase the risk. Fair skin, light hair and eyes, a history of sunburns, excessive sun exposure (including tanning beds), family history of skin cancer, and numerous moles all elevate risk. Immunocompromised individuals and those taking photosensitizing medications are also more vulnerable. Regular skin checks by a dermatologist are crucial for early detection regardless of perceived risk factors.",0.08128544423440454,0.003995082974800246,3.639855420081705e-08,0.05671077504725898,23.684170722961426,0.7674556374549866,0.7496045827865601,0.7596617937088013,0.7509410977363586
q404,What are the treatments for Breast Cancer ?,"Even if the surgeon removes all of the cancer that can be seen at the time of surgery, a woman may still receive follow-up treatment. This may include radiation therapy, chemotherapy, or hormone therapy to try to kill any cancer cells that may be left. Treatment that a patient receives after surgery to increase the chances of a cure is called adjuvant therapy.",Breast Cancer,"Breast cancer treatment depends on several factors, including the size and location of the tumor, whether the cancer has spread to other parts of the body, and your overall health. Treatment options may include surgery, radiation therapy, chemotherapy, hormone therapy, and targeted therapy.

Surgery is often used to remove the tumor and some surrounding tissue. This can be done in several ways, including a mastectomy (removal of the breast) or a lumpectomy (removal of just the tumor). Radiation therapy uses high-energy rays to kill cancer cells. Chemotherapy uses medications to kill cancer cells throughout the body.

Hormone therapy is used for cancers that are fueled by hormones such as estrogen and progesterone. Targeted therapy uses medications that specifically target cancer cells, rather than affecting all cells in the body.

In some cases, treatment may be given before surgery (neoadjuvant) to shrink the tumor, or after surgery (adjuvant) to kill any remaining cancer cells. A team of healthcare providers, including doctors and nurses, will work together to develop a personalized treatment plan for you.",0.35593220338983045,0.020761245674740483,0.01847609716751749,0.22033898305084745,22.38486075401306,3,"The primary treatments for breast cancer include:

1. Surgery: Lumpectomy (removal of tumor) or mastectomy (removal of entire breast).
2. Radiation therapy: To kill remaining cancer cells after surgery.
3. Chemotherapy: Medications to target and destroy cancer cells throughout the body.
4. Hormone therapy: For hormone receptor-positive cancers, medications that block estrogen or progesterone receptors.
5. Targeted therapy: Medications that specifically attack cancer cells with genetic mutations.

Treatment plans are tailored to individual patients based on tumor characteristics, stage, and overall health.",0.3448275862068966,0.04680851063829787,0.013748927674190082,0.19310344827586204,9.023714065551758,"Breast cancer treatment depends on several factors, including the type of breast cancer, its stage, and the patient's overall health. Common treatments include surgery (like lumpectomy or mastectomy), radiation therapy, chemotherapy, hormone therapy, and targeted therapies. Immunotherapy is also used in certain cases. The specific combination and approach are determined by a medical team based on individual patient needs.",0.2950819672131148,0.015665796344647518,0.02477815836305209,0.19672131147540983,17.928452014923096,"Breast cancer treatment options vary based on stage and individual factors but commonly include surgery (lumpectomy or mastectomy), chemotherapy, radiation therapy, hormone therapy (like tamoxifen or aromatase inhibitors), and targeted therapies (e.g., trastuzumab). Immunotherapy may be an option for certain subtypes. Treatment plans are highly individualized and determined by a multidisciplinary team. Clinical trials offer access to innovative approaches. I am unable to provide specific medical advice; consult with an oncologist for personalized guidance.",0.23357664233576642,0.017817371937639197,0.011482169485493141,0.17518248175182483,25.47034978866577,0.8550043106079102,0.8526846766471863,0.8746906518936157,0.8509348034858704
q405,What are the treatments for Breast Cancer ?,"Radiation therapy uses high-energy x-rays or other types of radiation to kill cancer cells and shrink tumors. This therapy often follows a lumpectomy, and is sometimes used after mastectomy. During radiation therapy, a machine outside the body sends high-energy beams to kill the cancer cells that may still be present in the affected breast or in nearby lymph nodes. Doctors sometimes use radiation therapy along with chemotherapy, or before or instead of surgery.",Breast Cancer,"Breast cancer treatment depends on several factors, including the size and location of the tumor, whether the cancer has spread to other parts of the body, and your overall health. Treatment options may include surgery, radiation therapy, chemotherapy, hormone therapy, and targeted therapy.

Surgery is often used to remove the tumor and some surrounding tissue. This can be done in several ways, including a mastectomy (removal of the breast) or a lumpectomy (removal of just the tumor). Radiation therapy uses high-energy rays to kill cancer cells. Chemotherapy uses medications to kill cancer cells throughout the body.

Hormone therapy is used for cancers that are fueled by hormones such as estrogen and progesterone. Targeted therapy uses medications that specifically target cancer cells, rather than affecting all cells in the body.

In some cases, treatment may be given before surgery (neoadjuvant) to shrink the tumor, or after surgery (adjuvant) to kill any remaining cancer cells. A team of healthcare providers, including doctors and nurses, will work together to develop a personalized treatment plan for you.",0.38211382113821135,0.003883495145631068,0.04966770290989844,0.17886178861788618,22.526334285736084,3,"The primary treatments for breast cancer include:

1. Surgery: Lumpectomy (removal of tumor) or mastectomy (removal of entire breast).
2. Radiation therapy: To kill remaining cancer cells after surgery.
3. Chemotherapy: Medications to target and destroy cancer cells throughout the body.
4. Hormone therapy: For hormone receptor-positive cancers, medications that block estrogen or progesterone receptors.
5. Targeted therapy: Medications that specifically attack cancer cells with genetic mutations.

Treatment plans are tailored to individual patients based on tumor characteristics, stage, and overall health.",0.36129032258064514,0.03461538461538462,0.013513816626238245,0.19354838709677416,9.027626037597656,"Breast cancer treatment depends on several factors, including the type of breast cancer, its stage, and the patient's overall health. Common treatments include surgery (like lumpectomy or mastectomy), radiation therapy, chemotherapy, hormone therapy, and targeted therapies. Immunotherapy is also used in certain cases. The specific combination and approach are determined by a medical team based on individual patient needs.",0.3181818181818182,0.0023094688221709007,0.00928787097823889,0.13636363636363638,18.262561082839966,"Breast cancer treatment options vary based on stage and individual factors but commonly include surgery (lumpectomy or mastectomy), chemotherapy, radiation therapy, hormone therapy (like tamoxifen or aromatase inhibitors), and targeted therapies (e.g., trastuzumab). Immunotherapy may be an option for certain subtypes. Treatment plans are highly individualized and determined by a multidisciplinary team. Clinical trials offer access to innovative approaches. I am unable to provide specific medical advice; consult with an oncologist for personalized guidance.",0.2585034013605442,0.004008016032064128,0.00910756006209915,0.12244897959183675,25.602782011032104,0.8646338582038879,0.8600887656211853,0.8690024018287659,0.8461934924125671
q678,What are the treatments for Skin Cancer ?,"Yes. Some skin cancer patients take part in studies of new treatments. These studies, called clinical trials, are designed to find out whether a new treatment is both safe and effective. Clinical trials are research studies with people to find out whether a new drug, therapy, or treatment is both safe and effective. New therapies are tested on people only after laboratory and animal studies show promising results. The Food and Drug Administration sets strict rules to make sure that people who agree to be in the studies are treated as safely as possible. Often, clinical trials compare a new treatment with a standard one so that doctors can learn which is more effective. Talk to your doctor if you are interested in taking part in a clinical trial. The U.S. National Institutes of Health, through its National Library of Medicine and other Institutes, maintains a database of clinical trials at ClinicalTrials.gov. - Click here to see a list of the current clinical trials on melanoma.  - Click here to see a list of the current clinical trials on non-melanoma skin cancer. Click here to see a list of the current clinical trials on melanoma. Click here to see a list of the current clinical trials on non-melanoma skin cancer. A separate window will open. Click the ""x"" in the upper right hand corner of the ""Clinical Trials"" window to return here.",Skin Cancer,"There are several treatment options for skin cancer, depending on the type and stage of the disease. For nonmelanoma skin cancers, which include basal-cell and squamous-cell carcinomas, surgical removal is usually the primary treatment. This may involve removing the tumor along with a small margin of healthy tissue around it.

In some cases, radiation therapy or topical medications such as fluorouracil may be used instead of surgery. Radiation therapy uses high-energy rays to kill cancer cells, while topical medications are applied directly to the skin to destroy cancer cells.

For melanoma, which is a more serious type of skin cancer, treatment may involve a combination of surgery, chemotherapy, radiation therapy, and targeted therapy. Targeted therapy uses medications that specifically target cancer cells, helping to slow or stop their growth.

In advanced cases of melanoma, palliative care may be used to improve quality of life by managing symptoms such as pain and fatigue. This type of care focuses on providing comfort and relief rather than curing the disease.

Reconstruction surgery is also an important part of treatment for skin cancer, especially after surgical removal of a tumor. The goal of reconstruction is to restore normal appearance and function to the affected area. This may involve repairing small defects with simple stitches or using more complex techniques such as skin grafts or flaps to cover larger areas.

It's worth noting that prevention is key when it comes to skin cancer. Protecting your skin from the sun by wearing protective clothing, seeking shade, and using sunscreen can help prevent many cases of skin cancer.",0.3014256619144603,0.0054255679891488644,0.00601100508476263,0.13441955193482688,30.19938373565674,3,"The primary treatments for skin cancer depend on the type and stage of the disease. For early-stage skin cancers, such as basal cell carcinoma (BCC) or squamous cell carcinoma (SCC), treatment options include:

* Surgical excision: removal of the tumor with a margin of healthy tissue
* Mohs surgery: a specialized surgical technique that removes the tumor layer by layer
* Cryotherapy: freezing the tumor to destroy cancer cells
* Topical treatments, such as imiquimod cream or 5-fluorouracil cream, for superficial BCC

For more advanced skin cancers, treatment options may include:

* Radiation therapy: using high-energy rays to kill cancer cells
* Chemotherapy: using medications to kill cancer cells
* Targeted therapy: using medications that target specific molecular pathways involved in cancer growth.

It's essential to consult a dermatologist or oncologist for an accurate diagnosis and personalized treatment plan.",0.21546961325966854,0.018978761861726163,0.0040762031992146504,0.11049723756906077,14.367380619049072,"Skin cancer treatment depends on the type and stage of the cancer. Common treatments include surgery to remove the cancerous tissue, radiation therapy, chemotherapy, immunotherapy, and targeted therapy. For localized melanoma, surgical excision is often the primary treatment. Other types like basal cell carcinoma or squamous cell carcinoma are frequently treated with surgery, Mohs surgery, or topical creams. Advanced cancers may require more aggressive approaches like systemic therapies. Always consult a dermatologist for diagnosis and personalized treatment planning.",0.1883116883116883,0.02867764206054169,0.0016252661887243087,0.09740259740259741,20.480849504470825,"Skin cancer treatment depends on type, size, and location. Surgical excision is common for most basal cell and squamous cell carcinomas. Mohs surgery offers precise removal with microscopic margins. Radiation therapy may be used when surgery isn't suitable or for recurrent cancers. Topical medications are sometimes effective for superficial lesions. Advanced melanoma often requires systemic therapies like immunotherapy or targeted drugs.",0.10996563573883163,0.018244013683010263,0.0006658561582011075,0.07560137457044674,20.975383043289185,0.8203061819076538,0.81059730052948,0.8187544345855713,0.809508740901947
q763,How to diagnose Heart Failure ?,"There is not one specific test to diagnose heart failure. Because the symptoms are common for other conditions, your doctor will determine if you have heart failure by doing a detailed medical history, an examination, and several tests. During a physical exam, a doctor will listen for abnormal heart sounds and lung sounds that indicate fluid buildup, as well as look for signs of swelling. If there are signs of heart failure, the doctor may order several tests, including: - an EKG, or electrocardiogram, to measure the rate and regularity of the heartbeat  - a chest X-ray to evaluate the heart and lungs  - a BNP blood test to measure the level of a hormone called BNP that increases when heart failure is present. an EKG, or electrocardiogram, to measure the rate and regularity of the heartbeat a chest X-ray to evaluate the heart and lungs a BNP blood test to measure the level of a hormone called BNP that increases when heart failure is present.",Heart Failure,"Diagnosing heart failure can be a bit tricky, but there are some steps your doctor may take. They will start by asking you about your symptoms, such as shortness of breath, fatigue, or swelling in your legs and feet.

Next, they may order some tests to help confirm the diagnosis. One common test is called an N-terminal pro-BNP (NT-proBNP) blood test. This test measures a protein that's released into the bloodstream when the heart is under strain. If the results are high, it could indicate heart failure.

Your doctor may also use an ultrasound of your heart to take a closer look at how well it's working. This test can show if there are any problems with the heart's structure or function.

In some cases, your doctor may use score-based algorithms to help diagnose heart failure with preserved ejection fraction (HFpEF). These algorithms take into account various factors, such as your symptoms and the results of other tests.

To be diagnosed with heart failure, you'll need to have a combination of symptoms that are consistent with heart failure, along with objective evidence of cardiac structural or functional abnormalities. This means that your doctor will look for signs that your heart is not working properly, such as increased pressure in the left ventricle.

It's worth noting that there's no single ""gold standard"" test for diagnosing heart failure, especially HFpEF. But by using a combination of these tests and assessments, your doctor can get a better understanding of what's going on with your heart.",0.4337349397590362,0.004985459077690071,0.019855665645753275,0.17349397590361446,29.448526859283447,3,"Diagnosing heart failure typically involves a combination of medical history, physical examination, and diagnostic tests. Key components include:

1. Medical history: Reviewing symptoms such as shortness of breath, fatigue, swelling in legs or ankles.
2. Physical examination: Checking for signs like jugular venous distension (JVD), pulmonary edema, and peripheral edema.
3. Electrocardiogram (ECG): To assess heart rhythm and detect any abnormalities.
4. Echocardiogram: To evaluate left ventricular function, ejection fraction, and chamber sizes.
5. Blood tests: Measuring B-type natriuretic peptide (BNP) or N-terminal pro b-type natriuretic peptide (NT-proBNP) levels to assess heart strain.

A diagnosis of heart failure is often made based on the presence of two or more major criteria from the Framingham Heart Study criteria.",0.2857142857142857,0.03130434782608696,0.016528563095692218,0.19999999999999998,13.866230726242065,"To diagnose heart failure, clinicians typically assess symptoms like shortness of breath, fatigue, and swelling in the legs or abdomen. They will also evaluate your medical history, including any existing heart conditions or risk factors like high blood pressure or diabetes. Physical examination may reveal signs such as an enlarged heart, fluid buildup (edema), and abnormal heart sounds. Blood tests can check for kidney function and electrolyte imbalances, while echocardiography is a key diagnostic tool that assesses the heart's pumping ability and structure. A Holter monitor might be used to detect irregular heart rhythms that could contribute to heart failure. If the diagnosis remains uncertain, further testing like cardiac MRI or nuclear imaging may be necessary.",0.3655913978494624,0.047337278106508875,0.034450571421835954,0.17921146953405018,27.16400456428528,"Diagnosing heart failure involves assessing symptoms (shortness of breath, fatigue), physical exam findings (edema, abnormal heart sounds), and diagnostic tests. An echocardiogram evaluates heart structure and function; BNP levels indicate strain on the heart. Electrocardiograms (ECG) can reveal arrhythmias or prior heart attacks. Cardiac MRI provides detailed images of the heart's anatomy and tissue. A definitive diagnosis requires integrating these findings to determine the type and severity of heart failure.",0.27467811158798283,0.04195804195804196,0.020965464257990833,0.22317596566523606,24.78117275238037,0.8486949801445007,0.8507712483406067,0.8660972118377686,0.8556897044181824
q654,What are the treatments for Heart Attack ?,"If you are having a heart attack, doctors will work quickly to restore blood flow to the heart and continuously monitor vital signs to detect and treat complications. Restoring blood flow to the heart can prevent or limit damage to the heart muscle and help prevent another heart attack. Doctors may use clot-busting drugs called thrombolytics and procedures, such as angioplasty. Long-term treatment after a heart attack may include cardiac rehabilitation, checkups and tests, lifestyle changes, and medications.",Heart Attack,"Treatment for heart attack focuses on improving symptoms and preventing further damage to the heart. This may involve addressing reversible causes such as infection, anemia, or high blood pressure. Medications can help reduce the risk of death and complications. These include nitrates, ACE inhibitors, aspirin, and beta blockers.

Aspirin is taken indefinitely to prevent blood clots from forming again. Other medications like clopidogrel or ticagrelor may be prescribed for up to 12 months after a heart attack. Beta blocker therapy, such as metoprolol or carvedilol, can help slow the heart rate and reduce symptoms.

In some cases, device therapy or cardiac transplantation may be necessary if the heart failure is severe. It's essential to work closely with a healthcare provider to determine the best course of treatment for each individual.",0.38461538461538464,0.045146726862302484,0.05853300305099493,0.16346153846153846,18.718942165374756,3,"The primary treatment for heart attack is immediate medical attention to restore blood flow to the affected area of the heart. This typically involves administering medications such as:

1. Aspirin or other antiplatelet agents to prevent further clotting
2. Nitroglycerin to dilate blood vessels and reduce oxygen demand
3. Beta blockers to slow heart rate and reduce workload on the heart

In addition, emergency procedures may be performed, including:

1. Percutaneous coronary intervention (PCI) to open blocked arteries with a stent or balloon angioplasty
2. Thrombolysis to dissolve blood clots using medications like tissue plasminogen activator (tPA)

Prompt medical attention is crucial in reducing damage and improving outcomes.",0.3333333333333333,0.07868852459016394,0.07142836150414214,0.1935483870967742,11.474398374557495,"Treatment for heart attack primarily involves immediate medical intervention to restore blood flow to the affected heart muscle. This typically includes medications like aspirin, nitroglycerin, and beta-blockers, along with procedures such as angioplasty or coronary artery bypass surgery if needed. Supportive care focuses on managing symptoms and preventing complications. If you suspect a heart attack, call emergency services immediately.",0.3649635036496351,0.053475935828877004,0.1231167325637956,0.26277372262773724,17.705477476119995,"Treatment for a heart attack focuses on restoring blood flow and preventing complications. This typically involves medications like aspirin, nitroglycerin, and clot-busting drugs (thrombolytics).  Coronary angioplasty with stenting or bypass surgery may be necessary to open blocked arteries. Supportive care includes oxygen therapy and pain management. Long-term management involves lifestyle changes and medications to prevent future events. I am unable to provide specific medical advice; consult a healthcare professional for personalized guidance.",0.35999999999999993,0.2326923076923077,0.07076242943645154,0.24000000000000002,25.127368450164795,0.8659077882766724,0.8682670593261719,0.8950737714767456,0.8958932161331177
q488,What is (are) Lung Cancer ?,"A person who has had lung cancer once is more likely to develop a second lung cancer compared to a person who has never had lung cancer. Second cancers arise in a different site than the original cancer. If the original cancer returns after treatment, it is considered recurrent, not a second cancer. Quitting smoking after lung cancer is diagnosed may prevent the development of a second lung cancer.",Lung Cancer,"Lung cancer is a type of cancer that starts in the lungs. It occurs when cells in the lung tissue become damaged and start to grow out of control. This can happen due to various reasons such as smoking or exposure to certain chemicals.

There are several types of lung cancer, which are classified based on the type of cells they affect and their growth patterns. The main types include:

* Small cell lung cancer (SCLC): This is a fast-growing type that often spreads quickly.
* Non-small cell lung cancer (NSCLC): This is a slower-growing type that can be further divided into three subtypes:
	+ Adenocarcinoma: A type of cancer that grows in gland-like structures and may produce mucin.
	+ Squamous-cell carcinoma: A type of cancer that occurs near the major airways and has cells with layers of keratin.
	+ Large cell carcinoma: A rare type of cancer with large, abnormal cells.

Lung cancer can be difficult to detect early on, as it often doesn't show symptoms until it's advanced. However, if caught early, treatment options are available to help manage the disease.",0.2834008097165992,0.025280898876404494,0.012128827722476445,0.17813765182186234,24.533662796020508,3,"Lung cancer refers to the uncontrolled growth and spread of abnormal cells in one or both lungs. It can be classified into two main types: non-small cell lung cancer (NSCLC) and small cell lung cancer (SCLC). NSCLC accounts for about 85% of cases, while SCLC is more aggressive but less common. Lung cancer can also be further sub-classified based on the location, size, and genetic characteristics of the tumor.",0.2463768115942029,0.012626262626262626,0.014226908750320264,0.17391304347826086,7.398401260375977,"Lung cancer is a disease where cells in the lungs grow uncontrollably, forming tumors. It's often caused by smoking but can also result from other factors like radon exposure or asbestos inhalation. Symptoms may include persistent cough, chest pain, shortness of breath, and coughing up blood. Diagnosis typically involves imaging tests like CT scans and biopsies. Treatment options vary depending on the stage and type of lung cancer and might include surgery, chemotherapy, radiation therapy, or targeted therapies.",0.17687074829931973,0.020022246941045607,0.01837177448896075,0.16326530612244897,20.648325204849243,"Lung cancer develops when cells in the lungs grow uncontrollably, forming tumors. It's broadly categorized as either non-small cell lung cancer (NSCLC), which includes adenocarcinoma, squamous cell carcinoma, and large cell carcinoma, or small cell lung cancer (SCLC). Smoking is the leading cause, but exposure to radon, asbestos, and other pollutants also increases risk. Symptoms often appear late and can include persistent cough, shortness of breath, and chest pain. Diagnosis involves imaging like X-rays and CT scans, alongside biopsies for confirmation. Treatment options vary based on type and stage, ranging from surgery and radiation to chemotherapy and targeted therapies.",0.17857142857142858,0.030360531309297913,0.008400924255672779,0.11904761904761904,30.468367338180542,0.827293336391449,0.8520589470863342,0.8505292534828186,0.8362081050872803
q263,How to diagnose Alzheimer's Disease ?,The time from diagnosis of Alzheimers disease to death varies. It can be as little as 3 or 4 years if the person is over 80 years old when diagnosed or as long as 10 years or more if the person is younger.,Alzheimer's Disease,"Alzheimer's disease can only be definitively diagnosed after death by examining brain tissue. However, doctors can make a diagnosis while the person is still alive based on their medical history, observations from friends and family members, and behavioral changes. They will also look for characteristic neuropsychological changes that affect at least two areas of thinking, such as memory, language, or problem-solving skills.

To diagnose Alzheimer's disease, doctors consider several factors, including:

* A person's medical history
* Behavioral changes, such as confusion, difficulty with communication, and mood swings
* Neuropsychological tests to assess cognitive function in different areas, like memory, language, and problem-solving skills

These assessments help doctors determine if a person has Alzheimer's disease or another condition that may cause similar symptoms.",0.2331288343558282,0.054976303317535544,0.013039762901110311,0.1349693251533742,17.849361419677734,3,"Diagnosing Alzheimer's disease involves a comprehensive evaluation of the individual's medical history, cognitive function, and physical examination. A diagnosis is typically made through a combination of:

1. Medical history: Reviewing the patient's medical history, including any previous cognitive or memory problems.
2. Cognitive assessment: Administering standardized tests to assess cognitive function, such as memory, language, problem-solving, and thinking speed.
3. Physical examination: Conducting a physical exam to rule out other potential causes of cognitive decline, such as vitamin deficiencies or thyroid disorders.
4. Laboratory tests: Ordering laboratory tests to rule out underlying medical conditions that may be contributing to cognitive symptoms.

A definitive diagnosis can only be made through an autopsy after death, but a clinical diagnosis can be made with a high degree of accuracy using the above methods and guidelines from organizations like the National Institute on Aging (NIA) and the Alzheimer's Association.",0.2021276595744681,0.041220115416323165,0.005471509783466111,0.10638297872340426,13.7538423538208,"Alzheimer's disease diagnosis typically involves a combination of medical history, physical and neurological exams, cognitive testing, and sometimes brain imaging or cerebrospinal fluid analysis. Doctors assess memory loss, thinking problems, and behavioral changes. Cognitive tests measure abilities like recall, attention, language, and problem-solving. Brain scans (like PET or MRI) can show characteristic patterns of atrophy or amyloid plaques/tangles. CSF analysis can detect biomarkers related to the disease. A definitive diagnosis often requires ruling out other conditions that cause similar symptoms. If unsure, further investigation is needed.",0.186046511627907,0.05734767025089606,0.006965890168935605,0.10852713178294575,23.501902103424072,"Diagnosing Alzheimer's is complex and involves ruling out other conditions. It typically begins with cognitive assessments and a medical history review. Neuropsychological testing evaluates memory and thinking skills; brain imaging (MRI or PET scans) can identify structural changes. A cerebrospinal fluid analysis may reveal biomarkers, but isn’t always necessary. Ultimately, diagnosis relies on a pattern of progressive cognitive decline alongside clinical observations—a definitive diagnosis is only possible through autopsy.",0.14285714285714285,0.04728789986091794,0.004431271006658827,0.07142857142857142,24.252320051193237,0.8277555108070374,0.8097142577171326,0.8178505897521973,0.8302960991859436
q2168,What is (are) Heart Attack ?,"Each year over a million people in the U.S. have a heart attack. About half of them die. Many people have permanent heart damage or die because they don't get help immediately. It's important to know the symptoms of a heart attack and call 9-1-1 if someone is having them. Those symptoms include       - Chest discomfort - pressure, squeezing, or pain     - Shortness of breath     - Discomfort in the upper body - arms, shoulder, neck, back     - Nausea, vomiting, dizziness, lightheadedness, sweating        These symptoms can sometimes be different in women.    What exactly is a heart attack? Most heart attacks happen when a clot in the coronary artery blocks the supply of blood and oxygen to the heart. Often this leads to an irregular heartbeat - called an arrhythmia - that causes a severe decrease in the pumping function of the heart. A blockage that is not treated within a few hours causes the affected heart muscle to die.    NIH: National Heart, Lung, and Blood Institute",Heart Attack,"A heart attack occurs when the flow of blood to the heart is blocked for a long time. This blockage causes damage or death to part of the heart muscle. The most common symptom of a heart attack is chest pain or discomfort that can feel like pressure, tightness, or heaviness in the center of the chest. This pain may also radiate to other areas such as the left shoulder, arm, jaw, or neck.

In some cases, people may not experience chest pain at all. Women are more likely than men to have a heart attack without experiencing chest pain. They may instead feel tired, weak, or short of breath. Older adults may also have a heart attack with little or no symptoms.

A heart attack can lead to serious complications such as heart failure, irregular heartbeat, cardiogenic shock, and cardiac arrest. It is usually caused by coronary artery disease, which occurs when the arteries that supply blood to the heart become narrowed or blocked due to plaque buildup.",0.4601226993865031,0.028062601187263895,0.0709546053139266,0.23312883435582823,20.967767477035522,3,"A heart attack occurs when the blood flow to the heart is blocked for a long enough time that part of the heart muscle is damaged or dies. This blockage is usually caused by a blood clot forming in one of the coronary arteries, which supply blood to the heart. The most common cause of this blockage is atherosclerosis (plaque buildup) in the artery walls. Symptoms may include chest pain or discomfort, shortness of breath, lightheadedness, and cold sweats.",0.4152542372881356,0.04824561403508772,0.01882806734737381,0.22033898305084745,7.626108884811401,"A heart attack occurs when blood flow to a part of the heart muscle is blocked, usually by a blood clot forming in a narrowed coronary artery. This blockage damages or destroys heart tissue, leading to chest pain or discomfort, shortness of breath, nausea, and other symptoms. The severity depends on how much heart muscle is affected.",0.35514018691588783,0.05292702485966319,0.009635488399756054,0.18691588785046728,16.606772899627686,"A heart attack, or myocardial infarction, occurs when blood flow to the heart muscle is blocked, typically by a clot. This blockage deprives the heart of oxygen, causing damage and potentially death of heart tissue. Common symptoms include chest pain, shortness of breath, nausea, and arm discomfort. Risk factors involve high blood pressure, smoking, and family history. Prompt medical attention is crucial for survival and minimizing long-term complications. I am unable to provide specific medical advice; consult a healthcare professional for diagnosis and treatment.",0.3236514522821577,0.032564450474898234,0.03535634121107447,0.1825726141078838,26.01913356781006,0.8532885909080505,0.8421754837036133,0.8305740356445312,0.8258489370346069
q407,What are the treatments for Breast Cancer ?,"Hormonal therapy keeps cancer cells from getting the hormones they need to grow. This treatment may include the use of drugs that change the way hormones work. Sometimes it includes surgery to remove the ovaries, which make female hormones. Like chemotherapy, hormonal therapy can affect cancer cells throughout the body. Often, women with early-stage breast cancer and those with metastatic breast cancer -- meaning cancer that has spread to other parts of the body -- receive hormone therapy in the form of tamoxifen. Hormone therapy with tamoxifen or estrogens can act on cells all over the body. However, it may increase the chance of developing endometrial cancer. If you take tamoxifen, you should have a pelvic examination every year to look for any signs of cancer. A woman should report any vaginal bleeding, other than menstrual bleeding, to her doctor as soon as possible.",Breast Cancer,"Breast cancer treatment depends on several factors, including the size and location of the tumor, whether the cancer has spread to other parts of the body, and your overall health. Treatment options may include surgery, radiation therapy, chemotherapy, hormone therapy, and targeted therapy.

Surgery is often used to remove the tumor and some surrounding tissue. This can be done in several ways, including a mastectomy (removal of the breast) or a lumpectomy (removal of just the tumor). Radiation therapy uses high-energy rays to kill cancer cells. Chemotherapy uses medications to kill cancer cells throughout the body.

Hormone therapy is used for cancers that are fueled by hormones such as estrogen and progesterone. Targeted therapy uses medications that specifically target cancer cells, rather than affecting all cells in the body.

In some cases, treatment may be given before surgery (neoadjuvant) to shrink the tumor, or after surgery (adjuvant) to kill any remaining cancer cells. A team of healthcare providers, including doctors and nurses, will work together to develop a personalized treatment plan for you.",0.4444444444444445,0.022540983606557378,0.10443569187522232,0.2095238095238095,22.408865690231323,3,"The primary treatments for breast cancer include:

1. Surgery: Lumpectomy (removal of tumor) or mastectomy (removal of entire breast).
2. Radiation therapy: To kill remaining cancer cells after surgery.
3. Chemotherapy: Medications to target and destroy cancer cells throughout the body.
4. Hormone therapy: For hormone receptor-positive cancers, medications that block estrogen or progesterone receptors.
5. Targeted therapy: Medications that specifically attack cancer cells with genetic mutations.

Treatment plans are tailored to individual patients based on tumor characteristics, stage, and overall health.",0.30357142857142855,0.0248790601243953,0.03674105429064293,0.14285714285714285,9.304186820983887,"Breast cancer treatment depends on several factors, including the type of breast cancer, its stage, and the patient's overall health. Common treatments include surgery (like lumpectomy or mastectomy), radiation therapy, chemotherapy, hormone therapy, and targeted therapies. Immunotherapy is also used in certain cases. The specific combination and approach are determined by a medical team based on individual patient needs.",0.20895522388059704,0.03613511390416339,0.0037957077916101795,0.12935323383084577,18.288249731063843,"Breast cancer treatment options vary based on stage and individual factors but commonly include surgery (lumpectomy or mastectomy), chemotherapy, radiation therapy, hormone therapy (like tamoxifen or aromatase inhibitors), and targeted therapies (e.g., trastuzumab). Immunotherapy may be an option for certain subtypes. Treatment plans are highly individualized and determined by a multidisciplinary team. Clinical trials offer access to innovative approaches. I am unable to provide specific medical advice; consult with an oncologist for personalized guidance.",0.18518518518518517,0.0298932384341637,0.0048436197407188955,0.12962962962962962,25.143250465393066,0.8588908314704895,0.8502330183982849,0.8428250551223755,0.8310685753822327
q8464,What is (are) Stroke ?,"A stroke occurs if the flow of oxygen-rich blood to a portion of the brain is blocked. Without oxygen, brain cells start to die after a few minutes. Sudden bleeding in the brain also can cause a stroke if it damages brain cells.
                
If brain cells die or are damaged because of a stroke, symptoms occur in the parts of the body that these brain cells control. Examples of stroke symptoms include sudden weakness; paralysis or numbness of the face, arms, or legs (paralysis is an inability to move); trouble speaking or understanding speech; and trouble seeing.
                
A stroke is a serious medical condition that requires emergency care. A stroke can cause lasting brain damage, long-term disability, or even death.
                
If you think you or someone else is having a stroke, call 911 right away. Do not drive to the hospital or let someone else drive you. Call an ambulance so that medical personnel can begin life-saving treatment on the way to the emergency room. During a stroke, every minute counts.
                
Overview
                
The two main types of stroke are ischemic (is-KE-mik) and hemorrhagic (hem-ah-RAJ-ik). Ischemic is the more common type of stroke.
                
An ischemic stroke occurs if an artery that supplies oxygen-rich blood to the brain becomes blocked. Blood clots often cause the blockages that lead to ischemic strokes.
                
A hemorrhagic stroke occurs if an artery in the brain leaks blood or ruptures (breaks open). The pressure from the leaked blood damages brain cells. High blood pressure and aneurysms (AN-u-risms) are examples of conditions that can cause hemorrhagic strokes. (Aneurysms are balloon-like bulges in an artery that can stretch and burst.)
                
Another condition thats similar to a stroke is a transient ischemic attack, also called a TIA or mini-stroke. A TIA occurs if blood flow to a portion of the brain is blocked only for a short time. Thus, damage to the brain cells isnt permanent (lasting).
                
Like ischemic strokes, TIAs often are caused by blood clots. Although TIAs are not full-blown strokes, they greatly increase the risk of having a stroke. If you have a TIA, its important for your doctor to find the cause so you can take steps to prevent a stroke.
                
Both strokes and TIAs require emergency care.
                
Outlook
                
Stroke is a leading cause of death in the United States. Many factors can raise your risk of having a stroke. Talk with your doctor about how you can control these risk factors and help prevent a stroke.
                
If you have a stroke, prompt treatment can reduce damage to your brain and help you avoid lasting disabilities. Prompt treatment also may help prevent another stroke.
                
Researchers continue to study the causes and risk factors for stroke. Theyre also finding new and better treatments and new ways to help the brain repair itself after a stroke.",Stroke,"A stroke is a serious medical condition where blood flow to part of the brain is either blocked or reduced. This can cause cells in the brain to die, leading to problems with how the brain functions. There are two main types of strokes: one caused by a lack of blood flow (ischemic) and another caused by bleeding (hemorrhagic).",0.17836812144212527,0.01002004008016032,0.0002678949615584119,0.11385199240986715,10.92430853843689,3,"A stroke occurs when the blood supply to the brain is interrupted or reduced, depriving brain tissue of oxygen and nutrients. This can happen due to a blockage in an artery (ischemic stroke), bleeding in the brain (hemorrhagic stroke), or other causes such as a blood clot or tumor.

There are three main types of strokes:

1. Ischemic stroke: accounts for 87% of all strokes, caused by a blockage in an artery.
2. Hemorrhagic stroke: accounts for 13% of all strokes, caused by bleeding in the brain.
3. Transient ischemic attack (TIA): often referred to as a ""mini-stroke,"" it's a temporary interruption of blood flow to the brain.

Symptoms of a stroke may include sudden weakness or numbness in the face, arm, or leg, difficulty speaking or understanding speech, dizziness, and vision changes.",0.30615640599001664,0.02564102564102564,0.010800269477452629,0.16638935108153077,13.932937860488892,"A stroke occurs when blood flow to part of the brain is interrupted or reduced, preventing brain tissue from getting oxygen and nutrients. This causes brain cells to start dying in minutes. There are two main types: ischemic strokes, caused by a blockage, and hemorrhagic strokes, caused by bleeding. Prompt medical attention is crucial for potential recovery.",0.14857142857142855,0.019167217448777262,9.623743475328485e-05,0.10666666666666666,16.608245134353638,"A stroke occurs when blood supply to the brain is interrupted, damaging brain tissue. This can be due to a blocked artery (ischemic stroke – most common) or a ruptured blood vessel (hemorrhagic stroke). Symptoms appear suddenly and may include weakness/numbness, speech difficulties, vision changes, severe headache, and loss of balance. Prompt medical attention is crucial as time is critical for potential treatment and minimizing long-term disability. Different types exist based on cause and location within the brain. I am unable to provide specific medical advice; consult a healthcare professional for diagnosis and management.",0.17825311942959002,0.01702127659574468,0.0006946961461361123,0.11051693404634581,28.667112112045288,0.8002237677574158,0.8073899149894714,0.8021618723869324,0.7938835620880127
q489,How to diagnose Lung Cancer ?,"Doctors can perform several tests to stage lung cancer. Staging means finding out how far the cancer has progressed. The following tests are used to stage lung cancer: - Computerized tomography or CAT scan is a computer linked to an x-ray machine that creates a series of detailed pictures of areas inside the body. Computerized tomography or CAT scan is a computer linked to an x-ray machine that creates a series of detailed pictures of areas inside the body. - Magnetic resonance imaging, or MRI, is a powerful magnet linked to a computer that makes detailed pictures of areas inside the body.  - Radionuclide scanning uses a mildly radioactive substance to show whether cancer has spread to other organs, such as the liver. Magnetic resonance imaging, or MRI, is a powerful magnet linked to a computer that makes detailed pictures of areas inside the body. Radionuclide scanning uses a mildly radioactive substance to show whether cancer has spread to other organs, such as the liver. - A bone scan uses a small amount of a radioactive substance to show whether cancer has spread to the bones.  - A mediastinoscopy or mediastinotomy can help show whether the cancer has spread to the lymph nodes in the chest by removing a tissue sample. The patient receives a general anesthetic for this procedure. A bone scan uses a small amount of a radioactive substance to show whether cancer has spread to the bones. A mediastinoscopy or mediastinotomy can help show whether the cancer has spread to the lymph nodes in the chest by removing a tissue sample. The patient receives a general anesthetic for this procedure.",Lung Cancer,"To diagnose lung cancer, several steps are taken. First, a chest X-ray is often performed to look for any abnormalities in the lungs. If the X-ray shows something suspicious, further tests may be done. One of these tests is called a computed tomography (CT) scan. This scan can show more details about the size and location of any tumors.

If the CT scan suggests that there might be cancer, a biopsy will be done to confirm the diagnosis. A biopsy involves taking a small sample of tissue from the tumor and examining it under a microscope for cancer cells.

The pathologist, who is a doctor who specializes in looking at tissues and cells, will examine the biopsy sample to determine if it contains cancer cells. If it does, the type of lung cancer can also be determined based on the type of cells that are present.

For example, there are several types of lung cancer, including small-cell lung cancer (SCLC) and non-small-cell lung cancer (NSCLC). The type of lung cancer will help doctors decide on the best course of treatment.",0.3214285714285714,0.034068912117692605,0.00473286565870911,0.16964285714285715,22.74172329902649,3,"Lung cancer diagnosis typically involves a combination of the following steps:

1. Medical history and physical examination
2. Imaging tests such as chest X-ray or CT scan to visualize lung tumors
3. Sputum cytology (examining sputum under a microscope for abnormal cells)
4. Bronchoscopy (inserting a flexible tube with a camera into the airways to collect tissue samples)
5. Biopsy (removing a small sample of tissue from the tumor for examination)

A definitive diagnosis is usually made through histopathological examination of biopsy samples.",0.19373219373219372,0.03405865657521287,0.0015083069068280222,0.12535612535612536,8.7037513256073,"Diagnosis of lung cancer typically involves imaging tests like CT scans or MRIs, and often a biopsy to examine tissue samples under a microscope. A chest X-ray may be used as an initial screening tool. Blood tests can also help assess the extent of the disease and monitor treatment response. If symptoms are present, a pulmonologist or oncologist will evaluate them alongside these diagnostic methods.",0.15015015015015015,0.024266936299292215,0.0004902792753477858,0.1021021021021021,17.60696530342102,"Diagnosing lung cancer involves several steps. Initial screening may include physical exams and imaging like chest X-rays or CT scans based on risk factors. If abnormalities are found, a biopsy is crucial to confirm the presence of cancerous cells and determine type. Further tests such as PET scans and bronchoscopy might be used for staging – assessing how far the cancer has spread. Genetic testing can also identify mutations guiding treatment decisions. I am unable to provide medical advice; consult with a healthcare professional for personalized guidance.",0.15819209039548024,0.015917602996254682,0.009930070191111527,0.10169491525423728,25.55332064628601,0.8431882858276367,0.8190656304359436,0.8176594972610474,0.8191534876823425
q773,How to diagnose Breast Cancer ?,"Breast exams should be part of prenatal and postnatal care.
		                    To detect breast cancer, pregnant and nursing women should examine their breasts themselves. Women should also receive clinical breast exams during their regular prenatal and postnatal check-ups. Talk to your doctor if you notice any changes in your breasts that you do not expect or that worry you.
		        
		        
		                    Tests that examine the breasts are used to detect (find) and diagnose breast cancer.
		                    The following tests and procedures may be used:         -   Physical exam and history : An exam of the body to check general signs of health, including checking for signs of disease, such as lumps or anything else that seems unusual. A history of the patients health habits and past illnesses and treatments will also be taken.     -  Clinical breast exam (CBE): An exam of the breast by a doctor or other health professional. The doctor will carefully feel the breasts and under the arms for lumps or anything else that seems unusual.     -    MRI (magnetic resonance imaging): A procedure that uses a magnet, radio waves, and a computer to make a series of detailed pictures of both breasts. This procedure is also called nuclear magnetic resonance imaging (NMRI).    -   Ultrasound exam: A procedure in which high-energy sound waves (ultrasound) are bounced off internal tissues or organs and make echoes. The echoes form a picture of body tissues called a sonogram. The picture can be printed to look at later.    -   Mammogram : An x-ray of the breast. A mammogram can be done with little risk to the unborn baby. Mammograms in pregnant women may appear negative even though cancer is present.     -   Blood chemistry studies : A procedure in which a blood sample is checked to measure the amounts of certain substances released into the blood by organs and tissues in the body. An unusual (higher or lower than normal) amount of a substance can be a sign of disease.     -   Biopsy : The removal of cells or tissues so they can be viewed under a microscope by a pathologist to check for signs of cancer. If a lump in the breast is found, a biopsy may be done. There are four types of breast biopsies:               -  Excisional biopsy : The removal of an entire lump of tissue.       -  Incisional biopsy : The removal of part of a lump or a sample of tissue.       -  Core biopsy : The removal of tissue using a wide needle.       -  Fine-needle aspiration (FNA) biopsy : The removal of tissue or fluid, using a thin needle.
		        
		        
		                    If cancer is found, tests are done to study the cancer cells.
		                    Decisions about the best treatment are based on the results of these tests and the age of the unborn baby. The tests give information about:         - How quickly the cancer may grow.    - How likely it is that the cancer will spread to other parts of the body.    - How well certain treatments might work.    - How likely the cancer is to recur (come back).        Tests may include the following:         -   Estrogen and progesterone receptor test : A test to measure the amount of estrogen and progesterone (hormones) receptors in cancer tissue. If there are more estrogen and progesterone receptors than normal, the cancer is called estrogen and/or progesterone receptor positive. This type of breast cancer may grow more quickly. The test results show whether treatment to block estrogen and progesterone given after the baby is born may stop the cancer from growing.    -   Human epidermal growth factor type 2 receptor (HER2/neu) test : A laboratory test to measure how many HER2/neu genes there are and how much HER2/neu protein is made in a sample of tissue. If there are more HER2/neu genes or higher levels of HER2/neu protein than normal, the cancer is called HER2/neu positive. This type of breast cancer may grow more quickly and is more likely to spread to other parts of the body. The cancer may be treated with drugs that target the HER2/neu protein, such as trastuzumab and pertuzumab, after the baby is born.    -  Multigene tests: Tests in which samples of tissue are studied to look at the activity of many genes at the same time. These tests may help predict whether cancer will spread to other parts of the body or recur (come back).               -  Oncotype DX : This test helps predict whether stage I or stage II breast cancer that is estrogen receptor positive and node-negative will spread to other parts of the body. If the risk of the cancer spreading is high, chemotherapy may be given to lower the risk.      -  MammaPrint : This test helps predict whether stage I or stage II breast cancer that is node-negative will spread to other parts of the body. If the risk of the cancer spreading is high, chemotherapy may be given to lower the risk.",Breast Cancer,"Diagnosing breast cancer involves several steps. First, a mammogram is taken to look for any unusual lumps or abnormalities in the breast. If something suspicious is found on the mammogram, additional imaging tests such as an ultrasound may be done to get a closer look.

If the results of these tests are still unclear, a biopsy will be performed. A biopsy involves removing a small sample of tissue from the breast and examining it under a microscope for cancer cells. There are different types of biopsies that can be done, including a core needle biopsy where a hollow needle is used to collect tissue.

In some cases, a fine-needle aspiration may be done instead, which involves using a thin needle to remove fluid or cells from the breast. The results of these tests will help determine if cancer is present and how far it has spread.",0.2448537378114843,0.01634980988593156,0.001856527121073183,0.13217768147345613,18.44282817840576,3,"Breast cancer diagnosis typically involves a combination of the following steps:

1. Clinical examination: A healthcare professional performs a physical exam to check for any abnormalities in the breast tissue.
2. Mammography: An X-ray imaging test that uses low-energy X-rays to produce images of the breast tissue.
3. Ultrasound: A non-invasive imaging test that uses high-frequency sound waves to create images of the breast tissue.
4. Biopsy: A surgical procedure where a sample of breast tissue is removed and examined under a microscope for cancer cells.

A diagnosis of breast cancer can be made when a biopsy confirms the presence of malignant cells in the breast tissue.",0.17194570135746606,0.0239450441609421,0.0001103009185643801,0.10859728506787329,9.79646372795105,"Diagnosis of breast cancer typically involves imaging tests like mammograms or MRIs, followed by a biopsy to examine tissue samples under a microscope. Clinical evaluation, including physical examination and assessment of risk factors, also plays a crucial role. Certain symptoms like a lump, skin changes, or nipple discharge may prompt further investigation. If imaging suggests a suspicious area, a biopsy is usually performed for definitive diagnosis. The specific diagnostic pathway can vary based on age, breast density, and individual risk factors.",0.10722610722610723,0.014862422173127134,6.834074839451898e-06,0.06526806526806526,20.506589889526367,"Diagnosing breast cancer involves several steps. Initial screening often includes self-exams, clinical breast exams by a healthcare provider, and mammograms. Suspicious findings prompt further investigation with ultrasound or MRI. A biopsy, removing tissue for examination under a microscope, confirms the diagnosis and determines cancer type. Staging tests like blood work and imaging (CT scans, bone scans) assess disease extent. I am unable to provide medical advice; consult a physician for personalized guidance.",0.08009422850412251,0.012553148410609435,2.083533282200216e-06,0.0541813898704358,25.80594539642334,0.8027310967445374,0.8053465485572815,0.7893347144126892,0.7857674360275269
q386,What are the treatments for Breast Cancer ?,"There are a number of treatments for breast cancer, but the ones women choose most often -- alone or in combination -- are surgery, hormone therapy, radiation therapy, and chemotherapy. What Standard Treatments Do Here is what the standard cancer treatments are designed to do. - Surgery takes out the cancer and some surrounding tissue.   - Hormone therapy keeps cancer cells from getting most of the hormones they need to survive and grow.  - Radiation therapy uses high-energy beams to kill cancer cells and shrink tumors and some surrounding tissue.  -  Chemotherapy uses anti-cancer drugs to kill most cancer cells. Surgery takes out the cancer and some surrounding tissue. Hormone therapy keeps cancer cells from getting most of the hormones they need to survive and grow. Radiation therapy uses high-energy beams to kill cancer cells and shrink tumors and some surrounding tissue.  Chemotherapy uses anti-cancer drugs to kill most cancer cells. Treatment for breast cancer may involve local or whole body therapy. Doctors use local therapies, such as surgery or radiation, to remove or destroy breast cancer in a specific area. Whole body, or systemic, treatments like chemotherapy, hormonal, or biological therapies are used to destroy or control cancer throughout the body. Some patients have both kinds of treatment. Treating Early-Stage Breast Cancer If you have early-stage breast cancer, one common treatment available to you is a lumpectomy combined with radiation therapy. A lumpectomy is surgery that preserves a woman's breast. In a lumpectomy, the surgeon removes only the tumor and a small amount of the surrounding tissue. The survival rate for a woman who has this therapy plus radiation is similar to that for a woman who chooses a radical mastectomy, which is complete removal of a breast. If Cancer Has Spread Locally If you have breast cancer that has spread locally -- just to other parts of the breast -- your treatment may involve a combination of chemotherapy and surgery. Doctors usually first shrink the tumor with chemotherapy and then remove it through surgery. Shrinking the tumor before surgery may allow a woman to avoid a mastectomy and keep her breast. In the past, doctors would remove a lot of lymph nodes near breast tumors to see if the cancer had spread. Some doctors also use a method called sentinel node biopsy. Using a dye or radioactive tracer, surgeons locate the first or sentinel lymph node closest to the tumor, and remove only that node to see if the cancer has spread. If Cancer Has Spread Beyond the Breast If the breast cancer has spread to other parts of the body, such as the lung or bone, you might receive chemotherapy and/or hormonal therapy to destroy cancer cells and control the disease. Radiation therapy may also be useful to control tumors in other parts of the body. Get more information about treatment options for breast cancer  and for  recurrent breast cancer.",Breast Cancer,"Breast cancer treatment depends on several factors, including the size and location of the tumor, whether the cancer has spread to other parts of the body, and your overall health. Treatment options may include surgery, radiation therapy, chemotherapy, hormone therapy, and targeted therapy.

Surgery is often used to remove the tumor and some surrounding tissue. This can be done in several ways, including a mastectomy (removal of the breast) or a lumpectomy (removal of just the tumor). Radiation therapy uses high-energy rays to kill cancer cells. Chemotherapy uses medications to kill cancer cells throughout the body.

Hormone therapy is used for cancers that are fueled by hormones such as estrogen and progesterone. Targeted therapy uses medications that specifically target cancer cells, rather than affecting all cells in the body.

In some cases, treatment may be given before surgery (neoadjuvant) to shrink the tumor, or after surgery (adjuvant) to kill any remaining cancer cells. A team of healthcare providers, including doctors and nurses, will work together to develop a personalized treatment plan for you.",0.3703703703703704,0.016713091922005572,0.03500116419159895,0.18827160493827158,21.81244206428528,3,"The primary treatments for breast cancer include:

1. Surgery: Lumpectomy (removal of tumor) or mastectomy (removal of entire breast).
2. Radiation therapy: To kill remaining cancer cells after surgery.
3. Chemotherapy: Medications to target and destroy cancer cells throughout the body.
4. Hormone therapy: For hormone receptor-positive cancers, medications that block estrogen or progesterone receptors.
5. Targeted therapy: Medications that specifically attack cancer cells with genetic mutations.

Treatment plans are tailored to individual patients based on tumor characteristics, stage, and overall health.",0.16876122082585276,0.013356562137049941,0.0007377033152951729,0.10771992818671455,8.826108694076538,"Breast cancer treatment depends on several factors, including the type of breast cancer, its stage, and the patient's overall health. Common treatments include surgery (like lumpectomy or mastectomy), radiation therapy, chemotherapy, hormone therapy, and targeted therapies. Immunotherapy is also used in certain cases. The specific combination and approach are determined by a medical team based on individual patient needs.",0.12734082397003743,0.003669724770642202,1.7214022440528532e-05,0.07490636704119849,18.036150217056274,"Breast cancer treatment options vary based on stage and individual factors but commonly include surgery (lumpectomy or mastectomy), chemotherapy, radiation therapy, hormone therapy (like tamoxifen or aromatase inhibitors), and targeted therapies (e.g., trastuzumab). Immunotherapy may be an option for certain subtypes. Treatment plans are highly individualized and determined by a multidisciplinary team. Clinical trials offer access to innovative approaches. I am unable to provide specific medical advice; consult with an oncologist for personalized guidance.",0.11293260473588343,0.007054673721340388,6.451526428258073e-05,0.0692167577413479,24.88942313194275,0.8560516238212585,0.8220754265785217,0.8218353986740112,0.7968376874923706
q665,what research (or clinical trials) is being done for Skin Cancer ?,"Many Areas of Research Scientists are constantly searching for new ways to detect skin cancer, assess risk, and predict patient outcomes. They are interested in finding new treatments and new ways to deliver drugs and radiation. As scientists get a better understanding of what causes skin cancer and what genetic and environmental factors play a role, they should be able to design new drugs to hinder the development of cancer. Clinical trials are designed to answer important questions and to find out whether new approaches are safe and effective. Research has already led to advances, such as photodynamic therapy, and researchers continue to search for better ways to prevent and treat skin cancer. Researching Techniques to Deliver Drugs One area that scientists are working on is development of techniques for delivering chemotherapy drugs directly to the area around the tumor, rather than sending the chemotherapy through the entire body. One of these techniques is called hyperthermic isolated limb perfusion. Hyperthermic isolated limb perfusion sends a warm solution containing anti-cancer drugs directly to the arm or leg in which the cancer is located. A tourniquet is used to temporarily cut off the blood flow while the chemotherapy drugs are injected directly into the limb. This allows the patient to receive a high dose of drugs only in the area where the cancer occurred. Genetic Research For basal cell carcinoma and squamous cell carcinoma, researchers are studying gene changes that may be risk factors for the disease. They also are comparing combinations of biological therapy and surgery to treat basal cell cancer. Discovering links between inherited genes, environmental factors, and skin cancer is another area of research that might provide scientists with insight they can use to screen people to determine their risk for the disease. Recently, scientists at the National Cancer Institute (NCI) found one genetic link that dramatically increases the chance of developing melanoma. Research on Melanoma Treatments Other studies are currently exploring new treatment options for melanoma. One recent study discovered a protein that may help block the development and spread of melanoma. This discovery could lead to a new treatment for melanoma patients in the future. Several other studies are examining the potential for using vaccines to treat melanoma. An Advance in Treating Melanoma In June of 2011, an important advance in treating melanoma was announced at an annual cancer meeting. A drug called ipilimumab was approved for treating the disease, and it works differently than traditional chemotherapy. It uses immunotherapy to help the immune system recognize and reject cancer cells. When its successful, immunotherapy can lead to complete reversal of even advanced disease. Some patients with stage IV metastatic disease who were treated in early immunotherapy trials after other therapies were unsuccessful are still in complete remission more than 20 years later. Vaccine Research Traditional vaccines are designed to prevent diseases in healthy people by teaching the body to recognize and attack a virus or bacteria it may encounter in the future. Cancer vaccines, however, are given to people who already have cancer. These vaccines stimulate the immune system to fight against cancer by stopping its growth, shrinking a tumor, or killing the cancer cells that were not killed by other forms of treatment. Developing a vaccine against a tumor such as melanoma is more complicated than developing a vaccine to fight a virus. Clinical trials are in progress at the National Cancer Institute and other institutions to test the effectiveness of treating stage III or stage IV melanoma patients with vaccines.",Skin Cancer,"Researchers are studying new ways to prevent and treat skin cancer. Some studies have looked at using topical creams or lotions that can help protect the skin from damage caused by ultraviolet (UV) radiation. For example, a study found that applying a certain type of lotion called T4N5 liposome lotion to the skin may reduce the risk of developing basal cell carcinoma in people who are at high risk.

Other researchers have been working on developing vaccines that can help protect against skin cancer. A recent study showed that a vaccine that stimulates the production of a protein important for the skin's antioxidant network may be able to boost the body's defenses against skin cancer.

Additionally, scientists are exploring new treatments such as nanocarrier technology, photodynamic therapy, and personalized medicine. These approaches aim to target specific cells or molecules involved in skin cancer development and progression.

Some studies have also focused on identifying genetic and environmental factors that contribute to skin cancer risk. By understanding these factors, researchers hope to develop more effective prevention strategies and treatments for the disease.

It's worth noting that some of these new approaches are still in the early stages of research, and more studies are needed to confirm their effectiveness. However, they show promise as potential tools in the fight against skin cancer.",0.3681592039800995,0.019615535504119264,0.023232421023934264,0.13930348258706468,25.766825914382935,3,"There are several ongoing and completed clinical trials for skin cancer treatment and prevention. Some notable examples include:

* A phase III trial evaluating the efficacy of pembrolizumab (Keytruda) in combination with ipilimumab (Yervoy) for advanced melanoma (NCT02628061).
* A phase II trial investigating the use of talimogene laherparepvec (T-VEC) for recurrent or metastatic basal cell carcinoma (NCT02400816).
* A phase III trial comparing adjuvant nivolumab (Opdivo) versus ipilimumab in patients with resected stage IIB/C melanoma (NCT02527408).

Additionally, researchers are exploring new approaches such as:

* Immunotherapy combinations
* Targeted therapies for specific genetic mutations
* Photodynamic therapy and other novel treatments

Please note that this is not an exhaustive list, and more information can be found on clinicaltrials.gov.",0.18911174785100288,0.01855533465871438,0.0004882492155450001,0.0830945558739255,14.226749420166016,"Research into skin cancer focuses on developing better diagnostic tools and more effective treatments. Clinical trials are exploring novel therapies like targeted immunotherapies and personalized medicine approaches based on tumor genetics. Additionally, studies investigate the role of microbiome changes in skin cancer development and progression, aiming to identify new biomarkers or preventative strategies. Ongoing work also centers on improving early detection methods through advanced imaging and non-invasive techniques.",0.11944869831546708,0.02273265451101113,1.577004751175221e-05,0.07044410413476264,17.986663341522217,"Current skin cancer research focuses on early detection via AI-powered tools and improved immunotherapy approaches, particularly targeting melanoma. Clinical trials are investigating novel targeted therapies combining drugs like BRAF inhibitors with other agents to overcome resistance. Vaccine development for melanoma prevention and treatment is also an active area. Research explores epigenetic modifications impacting skin cancer progression and potential therapeutic interventions. Further studies examine the role of the microbiome in skin cancer development and response to therapy. I am unable to provide specific trial details; resources like clinicaltrials.gov offer comprehensive listings.",0.1362962962962963,0.018214936247723135,0.00011001089736091976,0.06814814814814815,25.60525417327881,0.8465081453323364,0.8079493641853333,0.8324447870254517,0.8348022699356079
q419,Who is at risk for Colorectal Cancer? ?,Yes. Ulcerative colitis is a condition in which there is a chronic break in the lining of the colon. It has been associated with an increased risk of colon cancer.,Colorectal Cancer,"Most people who get colorectal cancer do not have any family history or genetic risk factors. However, certain groups of people are more likely to develop the disease. These include:

Older adults - The risk of getting colorectal cancer increases with age.

Men - Men are slightly more likely than women to get colorectal cancer.

People who eat a diet high in fat and sugar, red meat, processed meats, and alcohol.

Those who are overweight or obese.

Smokers.

People who do not exercise regularly.

In addition, some people may be at higher risk due to certain medical conditions, such as inflammatory bowel disease (IBD), which includes Crohn's disease and ulcerative colitis.",0.18705035971223025,0.05425400739827373,0.006642909913728944,0.07194244604316546,15.69441032409668,3,"Individuals with a family history of colorectal cancer or polyps, those with inflammatory bowel disease (IBD), and those who have had previous radiation therapy to the abdomen are at increased risk. Additionally, people over 50 years old, especially those with a personal or family history of colon cancer, are also considered high-risk. Other risk factors include obesity, physical inactivity, smoking, and a diet low in fiber and high in red meat consumption. People with certain genetic syndromes, such as Lynch syndrome and Familial Adenomatous Polyposis (FAP), are also at higher risk. A healthcare provider can assess individual risk factors to determine the need for screening.",0.19259259259259262,0.10922330097087378,0.013578479565551714,0.11851851851851852,10.023162126541138,"Colorectal cancer risk increases with age, particularly after 50. Family history of colorectal cancer or certain genetic syndromes (like Lynch syndrome or FAP) significantly elevate risk. Other factors include personal history of inflammatory bowel disease (Crohn's or ulcerative colitis), previous polyps, obesity, smoking, and diets low in fiber and high in red/processed meats.

**Disclaimer:** This information is for educational purposes only and does not constitute medical advice. Consult a healthcare professional for personalized risk assessment and guidance.",0.205607476635514,0.19830028328611898,0.007628670307350822,0.11214953271028039,21.279927730560303,"Several factors increase colorectal cancer risk. Age over 45 is the most significant factor; however, it can occur earlier. Family history of colorectal cancer or polyps elevates risk. Personal history of inflammatory bowel disease (IBD), such as Crohn's or ulcerative colitis, also increases susceptibility. Lifestyle choices like a diet low in fiber and high in red/processed meats, smoking, excessive alcohol consumption, and lack of physical activity contribute to the risk. Certain genetic syndromes can further increase likelihood.",0.2429906542056075,0.15,0.007954016964666232,0.14953271028037385,24.406773805618286,0.8382310271263123,0.8445908427238464,0.8425500988960266,0.8537355065345764
q1441,What are the stages of Skin Cancer ?,"Key Points
                    - After nonmelanoma skin cancer has been diagnosed, tests are done to find out if cancer cells have spread within the skin or to other parts of the body.     - There are three ways that cancer spreads in the body.    - Cancer may spread from where it began to other parts of the body.    - Staging of nonmelanoma skin cancer depends on whether the tumor has certain ""high-risk"" features and if the tumor is on the eyelid.    - The following stages are used for nonmelanoma skin cancer that is not on the eyelid:         - Stage 0 (Carcinoma in Situ)     - Stage I Stage I nonmelanoma skin cancer. The tumor is no more than 2 centimeters.     - Stage II Stage II nonmelanoma skin cancer. The tumor is more than 2 centimeters wide.     - Stage III     - Stage IV        - The following stages are used for nonmelanoma skin cancer on the eyelid:         - Stage 0 (Carcinoma in Situ)     - Stage I      - Stage II     - Stage III     - Stage IV        - Treatment is based on the type of nonmelanoma skin cancer or other skin condition diagnosed:         - Basal cell carcinoma     - Squamous cell carcinoma     - Actinic keratosis
                
                
                    After nonmelanoma skin cancer has been diagnosed, tests are done to find out if cancer cells have spread within the skin or to other parts of the body.
                    The process used to find out if cancer has spread within the skin or to other parts of the body is called staging. The information gathered from the staging process determines the stage of the disease. It is important to know the stage in order to plan treatment.    The following tests and procedures may be used in the staging process:         -   CT scan (CAT scan): A procedure that makes a series of detailed pictures of areas inside the body, taken from different angles. The pictures are made by a computer linked to an x-ray machine. A dye may be injected into a vein or swallowed to help the organs or tissues show up more clearly. This procedure is also called computed tomography, computerized tomography, or computerized axial tomography.    -   MRI (magnetic resonance imaging): A procedure that uses a magnet, radio waves, and a computer to make a series of detailed pictures of areas inside the body. This procedure is also called nuclear magnetic resonance imaging (NMRI).    -   Lymph node biopsy : For squamous cell carcinoma, the lymph nodes may be removed and checked to see if cancer has spread to them.
                
                
                    There are three ways that cancer spreads in the body.
                    Cancer can spread through tissue, the lymph system, and the blood:         - Tissue. The cancer spreads from where it began by growing into nearby areas.     - Lymph system. The cancer spreads from where it began by getting into the lymph system. The cancer travels through the lymph vessels to other parts of the body.     - Blood. The cancer spreads from where it began by getting into the blood. The cancer travels through the blood vessels to other parts of the body.
                
                
                    Cancer may spread from where it began to other parts of the body.
                    When cancer spreads to another part of the body, it is called metastasis. Cancer cells break away from where they began (the primary tumor) and travel through the lymph system or blood.         - Lymph system. The cancer gets into the lymph system, travels through the lymph vessels, and forms a tumor (metastatic tumor) in another part of the body.    - Blood. The cancer gets into the blood, travels through the blood vessels, and forms a tumor (metastatic tumor) in another part of the body.        The metastatic tumor is the same type of cancer as the primary tumor. For example, if skin cancer spreads to the lung, the cancer cells in the lung are actually skin cancer cells. The disease is metastatic skin cancer, not lung cancer.
                
                
                    Staging of nonmelanoma skin cancer depends on whether the tumor has certain ""high-risk"" features and if the tumor is on the eyelid.
                    Staging for nonmelanoma skin cancer that is on the eyelid is different from staging for nonmelanoma skin cancer that affects other parts of the body.     The following are high-risk features for nonmelanoma skin cancer that is not on the eyelid:         - The tumor is thicker than 2 millimeters.    - The tumor is described as Clark level IV (has spread into the lower layer of the dermis) or Clark level V (has spread into the layer of fat below the skin).    - The tumor has grown and spread along nerve pathways.    - The tumor began on an ear or on a lip that has hair on it.    - The tumor has cells that look very different from normal cells under a microscope.
                
                
                    The following stages are used for nonmelanoma skin cancer that is not on the eyelid:
                    Stage 0 (Carcinoma in Situ)     In stage 0, abnormal cells are found in the squamous cell or basal cell layer of the epidermis (topmost layer of the skin). These abnormal cells may become cancer and spread into nearby normal tissue. Stage 0 is also called carcinoma in situ.        Stage I     In stage I, cancer has formed. The tumor is not larger than 2 centimeters at its widest point and may have one high-risk feature.       Stage II     In stage II, the tumor is either:            - larger than 2 centimeters at its widest point; or     - any size and has two or more high-risk features.              Stage III    In stage III:            - The tumor has spread to the jaw, eye socket, or side of the skull. Cancer may have spread to one lymph node on the same side of the body as the tumor. The lymph node is not larger than 3 centimeters.              or              - Cancer has spread to one lymph node on the same side of the body as the tumor. The lymph node is not larger than 3 centimeters and one of the following is true:                  - the tumor is not larger than 2 centimeters at its widest point and may have one high-risk feature; or       - the tumor is larger than 2 centimeters at its widest point; or       - the tumor is any size and has two or more high-risk features.                          Stage IV    In stage IV, one of the following is true:            - The tumor is any size and may have spread to the jaw, eye socket, or side of the skull. Cancer has spread to one lymph node on the same side of the body as the tumor and the affected node is larger than 3 centimeters but not larger than 6 centimeters, or cancer has spread to more than one lymph node on one or both sides of the body and the affected nodes are not larger than 6 centimeters; or     - The tumor is any size and may have spread to the jaw, eye socket, skull, spine, or ribs. Cancer has spread to one lymph node that is larger than 6 centimeters; or      - The tumor is any size and has spread to the base of the skull, spine, or ribs. Cancer may have spread to the lymph nodes; or     - Cancer has spread to other parts of the body, such as the lung.
                
                
                    The following stages are used for nonmelanoma skin cancer on the eyelid:
                    Stage 0 (Carcinoma in Situ)    In stage 0, abnormal cells are found in the epidermis (topmost layer of the skin). These abnormal cells may become cancer and spread into nearby normal tissue. Stage 0 is also called carcinoma in situ.       Stage I      Stage I is divided into stages IA, IB, and IC.            -  Stage IA: The tumor is 5 millimeters or smaller and has not spread to the connective tissue of the eyelid or to the edge of the eyelid where the lashes are.      -  Stage IB: The tumor is larger than 5 millimeters but not larger than 10 millimeters or has spread to the connective tissue of the eyelid, or to the edge of the eyelid where the lashes are.     -  Stage IC: The tumor is larger than 10 millimeters but not larger than 20 millimeters or has spread through the full thickness of the eyelid.              Stage II    In stage II, one of the following is true:            - The tumor is larger than 20 millimeters.     - The tumor has spread to nearby parts of the eye or eye socket.     - The tumor has spread to spaces around the nerves in the eyelid.              Stage III     Stage III is divided into stages IIIA, IIIB, and IIIC.            -  Stage IIIA: To remove all of the tumor, the whole eye and part of the optic nerve must be removed. The bone, muscles, fat, and connective tissue around the eye may also be removed.     -  Stage IIIB: The tumor may be anywhere in or near the eye and has spread to nearby lymph nodes.     -  Stage IIIC: The tumor has spread to structures around the eye or in the face, or to the brain, and cannot be removed in surgery.              Stage IV    The tumor has spread to distant parts of the body.
                
                
                    Treatment is based on the type of nonmelanoma skin cancer or other skin condition diagnosed:
                    Basal cell carcinoma      Basal cell carcinoma is the most common type of skin cancer. It usually occurs on areas of the skin that have been in the sun, most often the nose. Often this cancer appears as a raised bump that looks smooth and pearly. Another type looks like a scar and is flat and firm and may be white, yellow, or waxy. Basal cell carcinoma may spread to tissues around the cancer, but it usually does not spread to other parts of the body.       Squamous cell carcinoma      Squamous cell carcinoma occurs on areas of the skin that have been in the sun, such as the ears, lower lip, and the back of the hands. Squamous cell carcinoma may also appear on areas of the skin that have been burned or exposed to chemicals or radiation. Often this cancer appears as a firm red bump. The tumor may feel scaly, bleed, or form a crust. Squamous cell tumors may spread to nearby lymph nodes. Squamous cell carcinoma that has not spread can usually be cured.       Actinic keratosis     Actinic keratosis is a skin condition that is not cancer, but sometimes changes into squamous cell carcinoma. It usually occurs in areas that have been exposed to the sun, such as the face, the back of the hands, and the lower lip. It looks like rough, red, pink, or brown scaly patches on the skin that may be flat or raised, or the lower lip cracks and peels and is not helped by lip balm or petroleum jelly.",Skin Cancer,"Skin cancer is a disease where abnormal cells grow in the skin. These cells can invade or spread to other parts of the body. There are three main types of skin cancer: basal-cell, squamous-cell, and melanoma.

Basal-cell skin cancer grows slowly and usually doesn't spread to other areas of the body. It often appears as a raised area on the skin that may be shiny with small blood vessels running over it.

Squamous-cell skin cancer is more likely to spread than basal-cell skin cancer. If left untreated, it can grow deeper into the skin and spread to other parts of the body.

Melanoma is the most serious type of skin cancer. It starts when melanocytes, which are cells in the skin that produce pigment, begin to grow out of control. There are different stages of melanoma, depending on how deep the cancer has grown into the skin.

In the early stage of melanoma, the cancer cells have not yet reached the blood vessels deeper in the skin, and it is unlikely to spread to other parts of the body. If detected at this stage, it can usually be completely removed with surgery.

As the melanoma grows, the cancer cells start to move in different directions, including vertically up into the epidermis and into the papillary dermis. This can cause the tumor to expand laterally, making it harder to treat.

The depth of the melanoma is measured using two systems: Breslow's depth and Clark level. The earlier the stage, the less likely the cancer will spread.",0.18264379414732593,0.02530933633295838,0.0007301506473566635,0.1170534813319879,29.12138342857361,3,"The American Academy of Dermatology recognizes three main stages of skin cancer: 

1. Stage 0 (carcinoma in situ): The cancer is confined to the epidermis and has not invaded deeper tissues.
2. Stage I: The cancer has invaded into the dermis, but is still relatively small (less than 2 cm).
3. Stage II-IV: These stages are further divided based on tumor size, depth of invasion, lymph node involvement, and distant metastasis.

Note that these stages can vary depending on the type of skin cancer (basal cell carcinoma, squamous cell carcinoma, or melanoma).",0.07476635514018692,0.01206050695012265,4.265921672935692e-09,0.0582737768004398,9.249907493591309,"Skin cancer typically progresses through several stages, often starting with non-melanoma skin cancers like basal cell carcinoma and squamous cell carcinoma. These early stages are usually slow-growing and may appear as a pearly bump or a flat lesion. Melanoma, the most dangerous type, can arise from existing moles or develop de novo. Melanoma progresses more rapidly than non-melanoma skin cancers and can metastasize to other parts of the body if not detected early. Treatment options vary depending on the specific type and stage of cancer.",0.06291390728476821,0.011036174126302882,5.771386779689106e-10,0.043046357615894044,22.431194067001343,"Skin cancer staging assesses tumor size, lymph node involvement, and distant metastasis using the TNM system (Tumor, Nodes, Metastasis). Stage 0 represents carcinoma in situ – abnormal cell growth but no invasion. Stages I and II involve small, localized tumors with varying depths of skin penetration; Stage III indicates larger tumors or spread to nearby lymph nodes. Stage IV signifies distant metastasis to organs like lungs or bones. Accurate staging requires biopsy and often imaging studies for comprehensive evaluation.



**Disclaimer:** *This information is for general knowledge only and does not constitute medical advice. Always consult a qualified healthcare professional for any health concerns or before making any decisions related to your health or treatment.*",0.07173913043478261,0.00899640143942423,6.202543035824928e-08,0.049999999999999996,30.48960852622986,0.7911856770515442,0.7976442575454712,0.7766175270080566,0.7610545754432678
q194,What are the treatments for Prostate Cancer ?,"Through research, doctors are trying to find new, more effective ways to treat prostate cancer. Cryosurgery -- destroying cancer by freezing it -- is under study as an alternative to surgery and radiation therapy. To avoid damaging healthy tissue, the doctor places an instrument known as a cryoprobe in direct contact with the tumor to freeze it. Doctors are studying new ways of using radiation therapy and hormonal therapy, too. Studies have shown that hormonal therapy given after radiation therapy can help certain men whose cancer has spread to nearby tissues. Scientists are also testing the effectiveness of chemotherapy and biological therapy for men whose cancer does not respond or stops responding to hormonal therapy. They are also exploring new ways to schedule and combine various treatments. For example, they are studying hormonal therapy to find out if using it to shrink the tumor before a man has surgery or radiation might be a useful approach. They are also testing combinations of hormone therapy and vaccines to prevent recurrence of prostate cancer. In 2010, the FDA approved a therapeutic cancer vaccine, Provenge, for use in some men with metastatic prostate cancer. This approval was based on the results of a clinical trial that demonstrated a more than 4-month improvement in overall survival compared with a placebo vaccine. Other similar vaccine therapies are in development.",Prostate Cancer,"There are several treatment options for prostate cancer, and the best one depends on how advanced the cancer is, its risk of spreading, and your overall health. 

If you have early-stage prostate cancer that hasn't spread far, you may be able to manage it with active surveillance or watchful waiting. This means regularly checking your PSA levels and doing regular exams to see if the cancer is growing.

For more advanced cancers, treatments like surgery (prostatectomy) or radiation therapy are often used to eliminate the tumor. Radiation therapy can be done externally using a machine that directs beams of energy at the prostate, or internally with tiny radioactive seeds implanted directly into the prostate.

Hormone therapy may also be used to slow down the growth of cancer cells by reducing levels of male hormones (androgens) that fuel their growth. This treatment is often used for cancers that have spread beyond the prostate.

Chemotherapy can also be used to treat advanced prostate cancer, especially when it has spread to other parts of the body like the bones or lymph nodes. 

In some cases, a combination of these treatments may be used to achieve the best results. Your doctor will discuss your options with you and help you decide on the best course of treatment for your specific situation.

It's also important to note that even if prostate cancer is advanced, there are still many effective treatments available to manage symptoms and improve quality of life.",0.3690987124463519,0.01694915254237288,0.016244524128368184,0.16738197424892706,27.189424514770508,3,"The treatment options for prostate cancer depend on the stage and aggressiveness of the disease. They include:

* Active surveillance: Monitoring the cancer with regular check-ups and biopsies.
* Radiation therapy: Using high-energy rays to kill cancer cells, which can be external beam radiation or brachytherapy (implanting radioactive seeds).
* Surgery: Removing the prostate gland through a radical prostatectomy.
* Hormone therapy: Reducing testosterone levels to slow cancer growth.
* Chemotherapy: Using medications to kill cancer cells.

Treatment decisions should be made in consultation with a healthcare provider.",0.25573770491803277,0.01110550227158001,0.002716936383274747,0.1377049180327869,8.670419216156006,"Prostate cancer treatment depends on several factors, including the stage of the cancer, its aggressiveness, and the patient's overall health. Common treatments include surgery (prostatectomy), radiation therapy, hormone therapy, chemotherapy, and targeted therapies. Active surveillance may be an option for low-risk cancers. Your specific situation requires consultation with a medical professional for personalized recommendations.",0.18115942028985507,0.014436424208772903,0.0008974873331905977,0.11594202898550725,16.65670657157898,"Prostate cancer treatment options vary based on stage and patient health, including active surveillance (monitoring), surgery (radical prostatectomy), radiation therapy (external beam or brachytherapy), hormone therapy, chemotherapy, and targeted drug therapies. Active surveillance is suitable for low-risk cancers. Surgery aims to remove the prostate; radiation destroys cancer cells. Hormone therapy deprives cancer of testosterone. Chemotherapy uses drugs to kill rapidly dividing cells, while targeted therapies attack specific cancer vulnerabilities. I am unable to provide individualized medical advice; consult with a qualified oncologist for personalized recommendations.",0.2019543973941368,0.01568627450980392,0.0027909379368832683,0.11726384364820848,27.145032167434692,0.8525853753089905,0.8395922183990479,0.8293455839157104,0.8340865969657898
q1109,what research (or clinical trials) is being done for Colorectal Cancer ?,"Cancer prevention clinical trials are used to study ways to prevent cancer.
                    Cancer prevention clinical trials are used to study ways to lower the risk of developing certain types of cancer. Some cancer prevention trials are conducted with healthy people who have not had cancer but who have an increased risk for cancer. Other prevention trials are conducted with people who have had cancer and are trying to prevent another cancer of the same type or to lower their chance of developing a new type of cancer. Other trials are done with healthy volunteers who are not known to have any risk factors for cancer.     The purpose of some cancer prevention clinical trials is to find out whether actions people take can prevent cancer. These may include exercising more or quitting smoking or taking certain medicines, vitamins, minerals, or food supplements.
                
                
                    New ways to prevent colorectal cancer are being studied in clinical trials.
                    Clinical trials are taking place in many parts of the country. Information about clinical trials can be found in the Clinical Trials section of the NCI website. Check NCI's list of cancer clinical trials for colon cancer prevention trials or rectal cancer prevention trials that are now accepting patients.",Colorectal Cancer,"Researchers are working to improve treatments for colorectal cancer. They are studying new ways to classify the disease, which can help doctors choose the best treatment plan for each patient. This includes looking at the genetic and epigenetic changes that occur in the tumor.

One way researchers are classifying colorectal cancer is through a system called Consensus Molecular Subtypes (CMS). This system groups patients with similar types of tumors together, so that they can be treated with targeted therapies. Researchers are also studying a new classification system called Epigenome-based Classification (EpiC), which looks at changes in the way genes are turned on or off.

These new classifications may lead to more effective treatments for colorectal cancer. For example, doctors may be able to use specific medications that target the genetic and epigenetic changes in each patient's tumor. This could improve treatment outcomes and reduce side effects.

Researchers are also conducting clinical trials to test new treatments for colorectal cancer. These trials involve patients who have been diagnosed with the disease, and they help doctors learn whether new treatments are safe and effective. If you have been diagnosed with colorectal cancer, your doctor may talk to you about participating in a clinical trial.",0.297029702970297,0.017467248908296942,0.013881301523046006,0.1485148514851485,23.681480884552002,3,"There are numerous ongoing and completed clinical trials for colorectal cancer. Some notable examples include:

* The CheckMate 142 trial (NCT02085070), which investigated the combination of nivolumab and ipilimumab in patients with metastatic colorectal cancer.
* The BEATRICE trial (NCT02975934), which evaluated the efficacy of bevacizumab, oxaliplatin, and capecitabine in patients with previously untreated metastatic colorectal cancer.
* The LEITMOTIF trial (NCT03102303), which is investigating the combination of pembrolizumab and chemotherapy in patients with microsatellite instability-high (MSI-H) or mismatch repair deficient (dMMR) colorectal cancer.

These trials are just a few examples, and there are many more ongoing studies exploring various treatments and combinations for colorectal cancer.",0.25573770491803277,0.021989005497251374,0.008613353916244985,0.13770491803278687,13.163709163665771,"Research into colorectal cancer focuses on improving early detection through advanced imaging and biomarkers. Clinical trials are exploring novel targeted therapies based on tumor genetics, including immunotherapy and combinations with chemotherapy or other agents. Studies also investigate preventative strategies, such as screening advancements and lifestyle modifications. Additionally, research is underway to understand the role of gut microbiome in CRC development and progression, aiming for personalized prevention and treatment approaches. Ongoing work aims to refine surgical techniques and radiation therapy options for better outcomes.",0.12631578947368421,0.022617124394184167,0.004459832309301805,0.09824561403508773,19.607272624969482,"Current colorectal cancer research focuses on several key areas: immunotherapy combinations to improve response rates, targeted therapies based on genetic mutations (like KRAS G12C inhibitors), minimally invasive surgical techniques and neoadjuvant/adjuvant strategies. Clinical trials are also exploring novel drug delivery systems, circulating tumor DNA for early detection and monitoring, and microbiome modulation as a therapeutic approach. Specific trial details can be found at clinicaltrials.gov by searching ""colorectal cancer."" I am unable to provide specific trial eligibility criteria or recommendations; consult with an oncologist for personalized guidance.",0.125,0.009615384615384616,0.006327131787361351,0.09027777777777778,26.46755838394165,0.8126669526100159,0.7809067964553833,0.7859591245651245,0.7776252031326294
q178,What is (are) Prostate Cancer ?,"Sometimes, cancer cells break away from the malignant tumor in the prostate and enter the bloodstream or the lymphatic system and travel to other organs in the body. When cancer spreads from its original location in the prostate to another part of the body such as the bone, it is called metastatic prostate cancer, not bone cancer. Doctors sometimes call this ""distant"" disease.",Prostate Cancer,"Prostate cancer is a type of cancer that occurs in the prostate gland, which is a small walnut-sized gland located below the bladder in men. It's a condition where cells in the prostate start growing out of control and form tumors.

In most cases, prostate cancer grows slowly and doesn't cause any symptoms or health problems for many years. However, if left untreated, it can spread to other parts of the body, such as the bones, lymph nodes, and other organs, which can lead to serious complications.

Prostate cancer is a common type of cancer in men, especially those over 60 years old. It's estimated that one in eight men will be diagnosed with prostate cancer at some point in their lifetime.",0.32432432432432434,0.013333333333333334,0.07446040590626347,0.2162162162162162,16.423032999038696,3,"Prostate cancer refers to the uncontrolled growth and spread of abnormal cells in the prostate gland, a small walnut-sized organ located below the bladder in men. There are several types of prostate cancer, including:

* Adenocarcinoma: The most common type, accounting for about 90% of cases.
* Prostatic intraepithelial neoplasia (PIN): A precancerous condition that can progress to adenocarcinoma.
* Neuroendocrine tumors: Rare and aggressive types of prostate cancer.

Prostate cancer is typically slow-growing, but some forms can be more aggressive.",0.2836879432624113,0.015521064301552107,0.02046080737109335,0.19858156028368792,9.002094507217407,"Prostate cancer is a type of cancer that develops in the prostate gland, a small walnut-shaped organ located below the bladder and in front of the rectum. It primarily affects men. The cancer originates from cells within the prostate gland. While most cases are slow-growing and may not cause symptoms for years, some can grow quickly and spread to other parts of the body. Early detection through screening is crucial for improving treatment outcomes.",0.364963503649635,0.019656019656019656,0.033552945763431,0.24817518248175183,18.652857303619385,"Prostate cancer develops when cells in the prostate gland grow uncontrollably. It often progresses slowly and may initially cause no symptoms. Risk factors include age, family history, and race. Diagnosis typically involves a digital rectal exam, PSA blood test, and potentially a biopsy. Treatment options range from active surveillance to surgery, radiation, or hormone therapy, depending on cancer stage and patient health. I am unable to provide medical advice; consult with a healthcare professional for personalized guidance.",0.21428571428571427,0.02702702702702703,0.01929317942834366,0.14285714285714285,23.444190502166748,0.8686816692352295,0.8474457263946533,0.8766253590583801,0.8529919981956482
q423,What is (are) Colorectal Cancer ?,"Yes. In July 2008, the U.S. Preventive Services Task Force made its strongest ever recommendation for colorectal cancer screening: it suggested that all adults between ages 50 and 75 get screened, or tested, for the disease. The task force noted that various screening tests are available, making it possible for patients and their clinicians to decide which test is best for each person.",Colorectal Cancer,"Colorectal cancer is a type of cancer that develops from the cells lining the colon or rectum, which are parts of the large intestine. It occurs when these cells grow and multiply out of control, forming a tumor that can invade and spread to other parts of the body.

In most cases, colorectal cancer is caused by lifestyle factors and genetic disorders. This means that it's often related to how we live our lives, such as what we eat and drink, whether or not we exercise regularly, and if we have certain health conditions like inflammatory bowel disease.

The cells in the colon and rectum normally grow and divide at a steady rate, but when there are genetic mutations, this process can go out of control. The most common type of mutation that leads to colorectal cancer is in a gene called APC, which helps regulate cell growth.

Colorectal cancer can cause symptoms such as blood in the stool, changes in bowel movements, weight loss, abdominal pain, and fatigue. If you're experiencing any of these symptoms or have concerns about your risk for developing colorectal cancer, it's essential to talk to a healthcare provider.",0.14785992217898833,0.02025658338960162,0.0040787068326989286,0.0933852140077821,22.81452441215515,3,"Colorectal cancer refers to the uncontrolled growth of abnormal cells in the colon or rectum. It can be divided into two main types: 

1. Colon cancer: affects the large intestine, also known as the colon.
2. Rectal cancer: affects the last part of the colon, which is called the rectum.

Both types share similar symptoms and treatment options.",0.19834710743801656,0.02538787023977433,0.009558565942467543,0.11570247933884298,5.82544732093811,"Colorectal cancer is a malignancy of the colon or rectum. It arises from abnormal cell growth that forms tumors, which can potentially spread to other parts of the body. Risk factors include age, family history, certain genetic syndromes, and lifestyle choices like diet and physical activity. Early detection through screening is crucial for successful treatment.",0.23728813559322032,0.02997275204359673,0.009887875439042827,0.13559322033898302,15.698640584945679,"Colorectal cancer develops in the colon or rectum, often starting as polyps. It's typically caused by a combination of genetic and lifestyle factors. Symptoms can include changes in bowel habits, rectal bleeding, and unexplained weight loss, but early stages may be asymptomatic. Screening (colonoscopy) is crucial for prevention and early detection. Treatment involves surgery, chemotherapy, and/or radiation therapy depending on the stage. I am unable to provide medical advice; consult a healthcare professional for personalized guidance.",0.2014388489208633,0.015521064301552107,0.008211540704914085,0.12949640287769784,24.320405960083008,0.8202334642410278,0.8339767456054688,0.8515200018882751,0.841413676738739
q422,What is (are) Colorectal Cancer ?,"Here are some of the tools used to detect colorectal cancer. - A fecal occult blood test, or FOBT, is a test used to check for hidden blood in the stool. Sometimes cancers or polyps can bleed, and FOBT can detect small amounts of bleeding. Newer, genetically-based stool tests are proving to be more accurate than older tests. A fecal occult blood test, or FOBT, is a test used to check for hidden blood in the stool. Sometimes cancers or polyps can bleed, and FOBT can detect small amounts of bleeding. Newer, genetically-based stool tests are proving to be more accurate than older tests. - A sigmoidoscopy is an examination of the rectum and lower colon -- or sigmoid colon -- using a lighted instrument called a sigmoidoscope. A sigmoidoscopy is an examination of the rectum and lower colon -- or sigmoid colon -- using a lighted instrument called a sigmoidoscope.  - A colonoscopy is an examination of the rectum and the large intestine (but not the small intestine) using a lighted instrument called a colonoscope. A colonoscopy is an examination of the rectum and the large intestine (but not the small intestine) using a lighted instrument called a colonoscope.  - A virtual colonoscopy, which requires the same preparation as a standard colonoscopy, is done with an external scanning machine as opposed to a device inserted into the colon. The colon does need to be inflated with gas for proper scanning. A virtual colonoscopy, which requires the same preparation as a standard colonoscopy, is done with an external scanning machine as opposed to a device inserted into the colon. The colon does need to be inflated with gas for proper scanning.",Colorectal Cancer,"Colorectal cancer is a type of cancer that develops from the cells lining the colon or rectum, which are parts of the large intestine. It occurs when these cells grow and multiply out of control, forming a tumor that can invade and spread to other parts of the body.

In most cases, colorectal cancer is caused by lifestyle factors and genetic disorders. This means that it's often related to how we live our lives, such as what we eat and drink, whether or not we exercise regularly, and if we have certain health conditions like inflammatory bowel disease.

The cells in the colon and rectum normally grow and divide at a steady rate, but when there are genetic mutations, this process can go out of control. The most common type of mutation that leads to colorectal cancer is in a gene called APC, which helps regulate cell growth.

Colorectal cancer can cause symptoms such as blood in the stool, changes in bowel movements, weight loss, abdominal pain, and fatigue. If you're experiencing any of these symptoms or have concerns about your risk for developing colorectal cancer, it's essential to talk to a healthcare provider.",0.26552462526766596,0.015498154981549815,0.02469647443344597,0.13704496788008566,22.689746856689453,3,"Colorectal cancer refers to the uncontrolled growth of abnormal cells in the colon or rectum. It can be divided into two main types: 

1. Colon cancer: affects the large intestine, also known as the colon.
2. Rectal cancer: affects the last part of the colon, which is called the rectum.

Both types share similar symptoms and treatment options.",0.1812688821752266,0.010319917440660475,0.0010172605552307107,0.13293051359516617,5.770313262939453,"Colorectal cancer is a malignancy of the colon or rectum. It arises from abnormal cell growth that forms tumors, which can potentially spread to other parts of the body. Risk factors include age, family history, certain genetic syndromes, and lifestyle choices like diet and physical activity. Early detection through screening is crucial for successful treatment.",0.10975609756097561,0.022414671421293938,0.0003620025437118394,0.09146341463414634,15.952650547027588,"Colorectal cancer develops in the colon or rectum, often starting as polyps. It's typically caused by a combination of genetic and lifestyle factors. Symptoms can include changes in bowel habits, rectal bleeding, and unexplained weight loss, but early stages may be asymptomatic. Screening (colonoscopy) is crucial for prevention and early detection. Treatment involves surgery, chemotherapy, and/or radiation therapy depending on the stage. I am unable to provide medical advice; consult a healthcare professional for personalized guidance.",0.14899713467048709,0.02721726888784608,0.0010731031430569523,0.10888252148997137,24.89618158340454,0.8249940276145935,0.8145400881767273,0.813589870929718,0.8104035258293152
q14424,Is prostate cancer inherited ?,"Many cases of prostate cancer are not related to inherited gene changes. These cancers are associated with somatic mutations that occur only in certain cells in the prostate.  When prostate cancer is related to inherited gene changes, the way that cancer risk is inherited depends on the gene involved. For example, mutations in the BRCA1, BRCA2, and HOXB13 genes are inherited in an autosomal dominant pattern, which means one copy of the altered gene in each cell is sufficient to increase a person's chance of developing cancer. In other cases, the inheritance of prostate cancer risk is unclear. It is important to note that people inherit an increased risk of cancer, not the disease itself. Not all people who inherit mutations in these genes will develop cancer.",prostate cancer,"Prostate cancer is not usually passed down from one generation to the next in a straightforward way. However, having a family history of any type of cancer can increase your risk of developing prostate cancer. If you have a close relative, such as a father or brother, who has had prostate cancer, your own risk may be higher.

Some people are born with genetic changes that make them more likely to develop certain types of cancer, including prostate cancer. For example, men who inherit a faulty version of the BRCA2 gene are at increased risk of developing prostate cancer. But this is not the same as saying that prostate cancer is inherited in the classical sense.

It's also worth noting that some ethnic groups may be more likely to develop prostate cancer than others. For instance, men of African and African-Caribbean ancestry have a higher risk of developing prostate cancer, and their cancers tend to be more aggressive and develop at an earlier age.",0.4123711340206186,0.017699115044247787,0.02254109661753565,0.19243986254295534,19.650468111038208,3,"Prostate cancer can have a genetic component, but it is not typically considered an inherited disease like breast or ovarian cancer. However, certain genetic mutations, such as BRCA1 and BRCA2, can increase the risk of developing prostate cancer. Additionally, men with a family history of prostate cancer are at higher risk, especially if multiple relatives were diagnosed at a young age. But most cases of prostate cancer occur in men without a known family history.",0.33663366336633666,0.013212221304706853,0.049124065334813394,0.18811881188118815,6.724564790725708,"Prostate cancer is not typically considered an inherited disease in the way some other cancers are. While having a close relative with prostate cancer might slightly increase your risk, most cases develop due to factors like age, genetics (not directly inherited), lifestyle, and environmental exposures. There isn't a single gene or specific inheritance pattern that causes it in most individuals.",0.3315508021390375,0.029798422436459245,0.011623570037355516,0.1711229946524064,16.533573150634766,"While not directly inherited like some genetic conditions, prostate cancer risk can be influenced by family history. Having a father or brother with prostate cancer increases your likelihood of developing it. Specific gene mutations (like BRCA1/2) are linked to higher risk but aren't the sole cause. Environmental factors and lifestyle also play significant roles. Genetic counseling may be beneficial for individuals with a strong family history.",0.20725388601036268,0.052057094878253565,0.010348672853155398,0.12435233160621763,21.029331922531128,0.8747817873954773,0.8784067630767822,0.8579952716827393,0.8668476939201355
q551,What is (are) High Blood Cholesterol ?,"HDL stands for high-density lipoproteins. (Lipoproteins are molecules that carry cholesterol through your bloodstream.) HDL cholesterol is sometimes called good cholesterol because it helps remove cholesterol from your artery walls and carries it to your liver. The liver then removes the cholesterol from your body. The higher your HDL cholesterol level, the lower your chances of getting heart disease.",High Blood Cholesterol,"High blood cholesterol refers to high levels of certain types of fat, called lipids, in the bloodstream. There are several different types of lipids, but the two main ones that doctors usually talk about are:

* Low-density lipoprotein (LDL) - often called ""bad"" cholesterol because it can build up in the walls of the arteries and cause them to narrow.
* High-density lipoprotein (HDL) - often called ""good"" cholesterol because it helps remove excess cholesterol from the bloodstream.

When you have high levels of LDL, it's like having a lot of extra baggage on your car. It can make it harder for blood to flow through the arteries and increase your risk of heart disease and stroke.

On the other hand, when you have high levels of HDL, it's like having a strong vacuum cleaner that helps clean up excess cholesterol from the bloodstream. This can actually help lower your risk of heart disease and stroke.

The American Heart Association recommends that adults get their blood cholesterol checked at least once every five years if they're over 20 years old. If you have high blood cholesterol, your doctor may recommend lifestyle changes or medications to help bring it down.",0.2992125984251968,0.01951854261548471,0.04825359539227074,0.2125984251968504,24.318325996398926,3,"High blood cholesterol refers to elevated levels of low-density lipoprotein (LDL) or ""bad"" cholesterol and/or decreased levels of high-density lipoprotein (HDL) or ""good"" cholesterol in the bloodstream. LDL carries cholesterol from the liver to cells, while HDL carries excess cholesterol back to the liver for excretion.

High blood cholesterol can be caused by a combination of genetic and lifestyle factors, including:

* Genetics
* Diet high in saturated fats and cholesterol
* Obesity
* Physical inactivity
* Smoking

Elevated LDL levels increase the risk of cardiovascular disease, while low HDL levels also contribute to this risk.",0.33333333333333337,0.03574975173783516,0.010398631080459207,0.2,9.612222671508789,"High blood cholesterol is a condition where the levels of certain fats, called lipids, circulating in your bloodstream are too high. Specifically, it often refers to elevated levels of LDL (""bad"") cholesterol and triglycerides, while HDL (""good"") cholesterol may be low. This buildup can lead to plaque formation in arteries, increasing the risk of heart disease and stroke. It's typically diagnosed through blood tests measuring lipid profiles.",0.30158730158730157,0.0267639902676399,0.014256909107875694,0.20634920634920637,18.076964378356934,"High blood cholesterol, or hypercholesterolemia, means having too much cholesterol in your blood. It's primarily characterized by elevated levels of LDL (""bad"") cholesterol and/or low levels of HDL (""good"") cholesterol. This often occurs without noticeable symptoms, but increases the risk of heart disease and stroke. Contributing factors include genetics, diet (saturated & trans fats), lack of exercise, and certain medical conditions. Management typically involves lifestyle changes like diet and exercise, and may require medication. I am unable to provide specific medical advice; consult a healthcare provider for diagnosis and treatment.",0.1891891891891892,0.0315893385982231,0.008314131939395305,0.13513513513513514,27.558086395263672,0.8535642623901367,0.8576037287712097,0.8757135272026062,0.8499702215194702
q679,what research (or clinical trials) is being done for Skin Cancer ?,"The National Cancer Institute has developed a comprehensive online cancer database called the Physician Data Query (PDQ) to present evidence from the most recent research on melanoma and other skin cancers. Click here to see the PDQ. A window will open. Click the ""x"" in the upper right hand corner of the ""PDQ"" window to return here.",Skin Cancer,"Researchers are studying new ways to prevent and treat skin cancer. Some studies have looked at using topical creams or lotions that can help protect the skin from damage caused by ultraviolet (UV) radiation. For example, a study found that applying a certain type of lotion called T4N5 liposome lotion to the skin may reduce the risk of developing basal cell carcinoma in people who are at high risk.

Other researchers have been working on developing vaccines that can help protect against skin cancer. A recent study showed that a vaccine that stimulates the production of a protein important for the skin's antioxidant network may be able to boost the body's defenses against skin cancer.

Additionally, scientists are exploring new treatments such as nanocarrier technology, photodynamic therapy, and personalized medicine. These approaches aim to target specific cells or molecules involved in skin cancer development and progression.

Some studies have also focused on identifying genetic and environmental factors that contribute to skin cancer risk. By understanding these factors, researchers hope to develop more effective prevention strategies and treatments for the disease.

It's worth noting that some of these new approaches are still in the early stages of research, and more studies are needed to confirm their effectiveness. However, they show promise as potential tools in the fight against skin cancer.",0.17391304347826086,0.0069767441860465115,0.0032180981602938216,0.10869565217391304,25.127758502960205,3,"There are several ongoing and completed clinical trials for skin cancer treatment and prevention. Some notable examples include:

* A phase III trial evaluating the efficacy of pembrolizumab (Keytruda) in combination with ipilimumab (Yervoy) for advanced melanoma (NCT02628061).
* A phase II trial investigating the use of talimogene laherparepvec (T-VEC) for recurrent or metastatic basal cell carcinoma (NCT02400816).
* A phase III trial comparing adjuvant nivolumab (Opdivo) versus ipilimumab in patients with resected stage IIB/C melanoma (NCT02527408).

Additionally, researchers are exploring new approaches such as:

* Immunotherapy combinations
* Targeted therapies for specific genetic mutations
* Photodynamic therapy and other novel treatments

Please note that this is not an exhaustive list, and more information can be found on clinicaltrials.gov.",0.1411764705882353,0.015665796344647518,0.005278885947447726,0.08235294117647059,14.338419198989868,"Research into skin cancer focuses on developing better diagnostic tools and more effective treatments. Clinical trials are exploring novel therapies like targeted immunotherapies and personalized medicine approaches based on tumor genetics. Additionally, studies investigate the role of microbiome changes in skin cancer development and progression, aiming to identify new biomarkers or preventative strategies. Ongoing work also centers on improving early detection methods through advanced imaging and non-invasive techniques.",0.15999999999999998,0.033136094674556214,0.004755977026360593,0.09599999999999999,17.350958585739136,"Current skin cancer research focuses on early detection via AI-powered tools and improved immunotherapy approaches, particularly targeting melanoma. Clinical trials are investigating novel targeted therapies combining drugs like BRAF inhibitors with other agents to overcome resistance. Vaccine development for melanoma prevention and treatment is also an active area. Research explores epigenetic modifications impacting skin cancer progression and potential therapeutic interventions. Further studies examine the role of the microbiome in skin cancer development and response to therapy. I am unable to provide specific trial details; resources like clinicaltrials.gov offer comprehensive listings.",0.21768707482993196,0.029585798816568046,0.007146960559449499,0.1360544217687075,25.24326801300049,0.8094071745872498,0.800249457359314,0.834269642829895,0.8385879993438721
q191,What are the treatments for Prostate Cancer ?,"Radiation therapy uses high-energy x-rays to kill cancer cells and shrink tumors. Doctors may recommend it instead of surgery or after surgery to destroy any cancer cells that may remain in the area. In advanced stages, the doctor may recommend it to relieve pain or other symptoms. Radiation can cause problems with impotence and bowel function. The radiation may come from a machine, which is external radiation, or from tiny radioactive seeds placed inside or near the tumor, which is internal radiation. Men who receive only the radioactive seeds usually have small tumors. Some men receive both kinds of radiation therapy. For external radiation therapy, patients go to the hospital or clinic -- usually 5 days a week for several weeks. Internal radiation may require patients to stay in the hospital for a short time.",Prostate Cancer,"There are several treatment options for prostate cancer, and the best one depends on how advanced the cancer is, its risk of spreading, and your overall health. 

If you have early-stage prostate cancer that hasn't spread far, you may be able to manage it with active surveillance or watchful waiting. This means regularly checking your PSA levels and doing regular exams to see if the cancer is growing.

For more advanced cancers, treatments like surgery (prostatectomy) or radiation therapy are often used to eliminate the tumor. Radiation therapy can be done externally using a machine that directs beams of energy at the prostate, or internally with tiny radioactive seeds implanted directly into the prostate.

Hormone therapy may also be used to slow down the growth of cancer cells by reducing levels of male hormones (androgens) that fuel their growth. This treatment is often used for cancers that have spread beyond the prostate.

Chemotherapy can also be used to treat advanced prostate cancer, especially when it has spread to other parts of the body like the bones or lymph nodes. 

In some cases, a combination of these treatments may be used to achieve the best results. Your doctor will discuss your options with you and help you decide on the best course of treatment for your specific situation.

It's also important to note that even if prostate cancer is advanced, there are still many effective treatments available to manage symptoms and improve quality of life.",0.3015873015873016,0.008869179600886918,0.010364207439463195,0.15873015873015875,26.865334510803223,3,"The treatment options for prostate cancer depend on the stage and aggressiveness of the disease. They include:

* Active surveillance: Monitoring the cancer with regular check-ups and biopsies.
* Radiation therapy: Using high-energy rays to kill cancer cells, which can be external beam radiation or brachytherapy (implanting radioactive seeds).
* Surgery: Removing the prostate gland through a radical prostatectomy.
* Hormone therapy: Reducing testosterone levels to slow cancer growth.
* Chemotherapy: Using medications to kill cancer cells.

Treatment decisions should be made in consultation with a healthcare provider.",0.30414746543778803,0.03276353276353276,0.03077429486834968,0.18433179723502305,8.810513257980347,"Prostate cancer treatment depends on several factors, including the stage of the cancer, its aggressiveness, and the patient's overall health. Common treatments include surgery (prostatectomy), radiation therapy, hormone therapy, chemotherapy, and targeted therapies. Active surveillance may be an option for low-risk cancers. Your specific situation requires consultation with a medical professional for personalized recommendations.",0.2021276595744681,0.021241830065359478,0.002859093646933733,0.1170212765957447,16.460580825805664,"Prostate cancer treatment options vary based on stage and patient health, including active surveillance (monitoring), surgery (radical prostatectomy), radiation therapy (external beam or brachytherapy), hormone therapy, chemotherapy, and targeted drug therapies. Active surveillance is suitable for low-risk cancers. Surgery aims to remove the prostate; radiation destroys cancer cells. Hormone therapy deprives cancer of testosterone. Chemotherapy uses drugs to kill rapidly dividing cells, while targeted therapies attack specific cancer vulnerabilities. I am unable to provide individualized medical advice; consult with a qualified oncologist for personalized recommendations.",0.2465753424657534,0.015037593984962405,0.0063843357764068135,0.11872146118721462,26.349663257598877,0.8425916433334351,0.8535568714141846,0.8423642516136169,0.8405974507331848
q483,Who is at risk for Lung Cancer? ?,"If you smoke cigarettes, you are at much higher risk for lung cancer than a person who has never smoked. The risk of dying from lung cancer is 23 times higher for men who smoke and 13 times higher for women who smoke than for people who have never smoked. Stopping smoking greatly reduces your risk for developing lung cancer. But after you stop, the risk goes down slowly. Ten years after the last cigarette, the risk of dying from lung cancer drops by 50 percent. Each U.S. state and territory has a free quitline to provide you with information and resources to help you quit smoking. To reach the quitline in your area, dial toll-free, 1-800-QUIT-NOW. (Watch the video to learn about the effect smoking can have on an older adult's health. To enlarge the video, click the brackets in the lower right-hand corner. To reduce the video, press the Escape (Esc) button on your keyboard.)",Lung Cancer,"You may be at higher risk for lung cancer if you have a family history of the disease. Research has shown that close relatives of people with lung cancer are about twice as likely to develop the disease, even after considering other factors such as smoking and job exposure.

Being underweight or overweight can also affect your risk. Some studies suggest that being underweight may lower your risk for lung cancer, while being overweight may actually decrease it - possibly because smokers tend to have a lower body weight.

Regular exercise and good cardiovascular fitness may also help reduce your risk of developing lung cancer.

Certain genetic disorders, such as retinoblastoma and Li-Fraumeni syndrome, can increase your risk for lung cancer. These conditions affect the way cells grow and divide, which can lead to cancer.

Other diseases that cause inflammation in the lungs, like chronic obstructive pulmonary disorder (COPD), may also raise your risk of developing lung cancer. This is especially true if you have untreated or severe inflammation. Other conditions, such as alpha-1 antitrypsin deficiency and HIV infection, can also increase your risk.

It's worth noting that some viruses, like Epstein-Barr virus, are associated with a specific type of lung cancer called lymphoepithelioma-like carcinoma, but only in people from certain parts of the world.",0.31805929919137466,0.01734367868553172,0.04486339016684742,0.1725067385444744,25.66576647758484,3,"Individuals at increased risk for lung cancer include:

* Smokers and former smokers, particularly those who have smoked for 20+ years
* Those exposed to secondhand smoke or radon gas in their homes or workplaces
* People with a family history of lung cancer
* Individuals with certain genetic conditions, such as Li-Fraumeni syndrome
* Those with chronic obstructive pulmonary disease (COPD) or other respiratory diseases

Note: This is not an exhaustive list and risk factors may vary depending on individual circumstances.",0.21367521367521367,0.036603221083455345,0.01863676937168316,0.1452991452991453,7.9583916664123535,"Lung cancer risk increases with age and exposure to carcinogens like smoking and asbestos. Individuals with a history of lung disease or family history of lung cancer may also be at higher risk. However, it's important to note that many people who develop lung cancer never smoked. If you have concerns about your risk, consult a healthcare professional for personalized advice.",0.29357798165137616,0.016286644951140065,0.004406967810199622,0.12844036697247704,16.2306489944458,"Individuals at increased lung cancer risk include current or former smokers, those with significant secondhand smoke exposure, and people with a family history of the disease. Exposure to radon, asbestos, and other carcinogens also elevates risk. Age is a factor; most diagnoses occur in individuals over 55. Certain genetic conditions can predispose someone, though this is less common. It's important to discuss individual risk factors with a healthcare provider.",0.17699115044247785,0.024427480916030534,0.0027677731757904988,0.11504424778761063,22.49378252029419,0.8312326073646545,0.8149537444114685,0.8457127213478088,0.8302606344223022
q891,What is (are) Breast Cancer ?,"Key Points
                    - Breast cancer is a disease in which malignant (cancer) cells form in the tissues of the breast.    - Breast cancer is the second most common type of cancer in American women.
                
                
                    Breast cancer is a disease in which malignant (cancer) cells form in the tissues of the breast.
                    The breast is made up of lobes and ducts. Each breast has 15 to 20 sections called lobes, which have many smaller sections called lobules. Lobules end in dozens of tiny bulbs that can make milk. The lobes, lobules, and bulbs are linked by thin tubes called ducts.     Each breast also has blood vessels and lymph vessels. The lymph vessels carry an almost colorless fluid called lymph. Lymph vessels lead to organs called lymph nodes. Lymph nodes are small bean-shaped structures that are found throughout the body. They filter lymph and store white blood cells that help fight infection and disease. Clusters of lymph nodes are found near the breast in the axilla (under the arm), above the collarbone, and in the chest.   See the following PDQ summaries for more information about breast cancer:         -  Breast Cancer Screening     -  Breast Cancer Treatment     -  Breast Cancer Treatment and Pregnancy     -  Male Breast Cancer Treatment     -  Genetics of Breast and Ovarian Cancer
                
                
                    Breast cancer is the second most common type of cancer in American women.
                    Women in the United States get breast cancer more than any other type of cancer except skin cancer. Breast cancer is second to lung cancer as a cause of cancer death in American women. However, deaths from breast cancer have decreased a little bit every year between 2003 and 2012. Breast cancer also occurs in men, but the number of new cases is small.",Breast Cancer,"Breast cancer is a type of cancer that develops from the cells of the breast tissue. It can start in the lining of milk ducts or the lobules that supply these ducts with milk. There are different types of breast cancer, but most cases (about 85%) develop from the lining of the mammary ducts and are called ductal carcinoma.

Breast cancer can also be classified by its appearance under a microscope. This helps doctors understand how aggressive the cancer is and what treatment options might work best. Some common types of breast cancer include:

* Ductal carcinoma, which develops in the lining of the milk ducts
* Lobular carcinoma, which develops in the lobules that supply the milk ducts with milk
* Mixed ductal/lobular carcinoma, a combination of both types

Breast cancer can also be classified as ""in situ"" or ""carcinoma in situ,"" which means that the cancer cells have not yet spread beyond their original location. This is often considered a precancerous condition rather than a dangerous cancer itself.

Overall, breast cancer is a serious disease that affects millions of women worldwide each year. It's essential to be aware of the risk factors and symptoms, as well as to get regular check-ups and screenings to detect it early on.",0.3975409836065574,0.007757404795486601,0.0425581399127671,0.20491803278688522,25.441654443740845,3,"Breast cancer refers to the uncontrolled growth and spread of abnormal cells in one or both breasts. It occurs when genetic mutations cause normal breast cells to become malignant. There are several types of breast cancer, including ductal carcinoma (arising from milk ducts), lobular carcinoma (arising from milk-producing glands), and inflammatory breast cancer (a rare and aggressive form). Breast cancer can be invasive (spreading to surrounding tissues) or non-invasive (confined to the ducts or lobules).",0.19662921348314605,0.02459791863765374,0.001003830184051674,0.11235955056179776,7.70582389831543,"Breast cancer is an uncontrolled growth of abnormal breast cells that form a tumor. It can occur in the milk ducts or lobules where milk is produced. While most breast cancers are not inherited, some cases are linked to genetic mutations passed down through families. Early detection through screening and self-examination significantly improves treatment outcomes. If you have concerns about your breasts, consult a healthcare professional for evaluation.",0.1776504297994269,0.021245774987928536,0.0013015446607134219,0.11461318051575933,17.502962827682495,"Breast cancer develops when cells in the breast grow uncontrollably, forming a mass or tumor. It can originate in milk ducts (ductal carcinoma), lobules (lobular carcinoma), or other breast tissue. Risk factors include age, family history, genetics, and hormonal influences. Early detection through screening like mammograms is crucial for improved outcomes. Treatment options vary based on cancer type and stage, including surgery, radiation, chemotherapy, and hormone therapy. I am unable to provide medical diagnoses; consult a healthcare professional for personalized guidance.",0.143646408839779,0.017407237746220796,0.0010008463775381376,0.10497237569060774,25.267122745513916,0.7835233807563782,0.7666858434677124,0.756132960319519,0.7548837661743164
q385,What are the treatments for Breast Cancer ?,"There are many treatment options for women with breast cancer. The choice of treatment depends on your age and general health, the stage of the cancer, whether or not it has spread beyond the breast, and other factors. If tests show that you have cancer, you should talk with your doctor and make treatment decisions as soon as possible. Studies show that early treatment leads to better outcomes. Working With a Team of Specialists People with cancer often are treated by a team of specialists. The team will keep the primary doctor informed about the patient's progress. The team may include a medical oncologist who is a specialist in cancer treatment, a surgeon, a radiation oncologist who is a specialist in radiation therapy, and others. Before starting treatment, you may want another doctor to review the diagnosis and treatment plan. Some insurance companies require a second opinion. Others may pay for a second opinion if you request it. (Watch the video about this breast cancer survivor's treatment. To enlarge the video, click the brackets in the lower right-hand corner. To reduce the video, press the Escape (Esc) button on your keyboard.) Clinical Trials for Breast Cancer Some breast cancer patients take part in studies of new treatments. These studies, called clinical trials, are designed to find out whether a new treatment is both safe and effective. Often, clinical trials compare a new treatment with a standard one so that doctors can learn which is more effective. Women with breast cancer who are interested in taking part in a clinical trial should talk to their doctor. The U.S. National Institutes of Health, through its National Library of Medicine and other Institutes, maintains a database of clinical trials at ClinicalTrials.gov. See a list of the current clinical trials on breast cancer.",Breast Cancer,"Breast cancer treatment depends on several factors, including the size and location of the tumor, whether the cancer has spread to other parts of the body, and your overall health. Treatment options may include surgery, radiation therapy, chemotherapy, hormone therapy, and targeted therapy.

Surgery is often used to remove the tumor and some surrounding tissue. This can be done in several ways, including a mastectomy (removal of the breast) or a lumpectomy (removal of just the tumor). Radiation therapy uses high-energy rays to kill cancer cells. Chemotherapy uses medications to kill cancer cells throughout the body.

Hormone therapy is used for cancers that are fueled by hormones such as estrogen and progesterone. Targeted therapy uses medications that specifically target cancer cells, rather than affecting all cells in the body.

In some cases, treatment may be given before surgery (neoadjuvant) to shrink the tumor, or after surgery (adjuvant) to kill any remaining cancer cells. A team of healthcare providers, including doctors and nurses, will work together to develop a personalized treatment plan for you.",0.3516949152542373,0.01602229188436085,0.01153658826628064,0.17796610169491525,21.726672410964966,3,"The primary treatments for breast cancer include:

1. Surgery: Lumpectomy (removal of tumor) or mastectomy (removal of entire breast).
2. Radiation therapy: To kill remaining cancer cells after surgery.
3. Chemotherapy: Medications to target and destroy cancer cells throughout the body.
4. Hormone therapy: For hormone receptor-positive cancers, medications that block estrogen or progesterone receptors.
5. Targeted therapy: Medications that specifically attack cancer cells with genetic mutations.

Treatment plans are tailored to individual patients based on tumor characteristics, stage, and overall health.",0.16797900262467194,0.0169061707523246,0.0016663146409543765,0.09448818897637795,8.745553970336914,"Breast cancer treatment depends on several factors, including the type of breast cancer, its stage, and the patient's overall health. Common treatments include surgery (like lumpectomy or mastectomy), radiation therapy, chemotherapy, hormone therapy, and targeted therapies. Immunotherapy is also used in certain cases. The specific combination and approach are determined by a medical team based on individual patient needs.",0.17877094972067037,0.012773722627737226,0.0007080764515216503,0.1229050279329609,17.934244871139526,"Breast cancer treatment options vary based on stage and individual factors but commonly include surgery (lumpectomy or mastectomy), chemotherapy, radiation therapy, hormone therapy (like tamoxifen or aromatase inhibitors), and targeted therapies (e.g., trastuzumab). Immunotherapy may be an option for certain subtypes. Treatment plans are highly individualized and determined by a multidisciplinary team. Clinical trials offer access to innovative approaches. I am unable to provide specific medical advice; consult with an oncologist for personalized guidance.",0.1554959785522788,0.008605851979345954,0.0007574622211934374,0.10187667560321714,24.21004891395569,0.8422446846961975,0.8110628724098206,0.8345783352851868,0.8145421147346497
q550,What is (are) High Blood Cholesterol ?,"LDL stands for low-density lipoproteins. (Lipoproteins are molecules that carry cholesterol through your bloodstream.) LDL cholesterol is sometimes called bad cholesterol because it can build up in the walls of your arteries and make them narrower. This buildup of cholesterol is called plaque. Over time, plaque can build up so much that it narrows your arteries. This is called atherosclerosis or hardening of the arteries. The higher the level of LDL cholesterol in your blood, the greater your chances of getting heart disease.",High Blood Cholesterol,"High blood cholesterol refers to high levels of certain types of fat, called lipids, in the bloodstream. There are several different types of lipids, but the two main ones that doctors usually talk about are:

* Low-density lipoprotein (LDL) - often called ""bad"" cholesterol because it can build up in the walls of the arteries and cause them to narrow.
* High-density lipoprotein (HDL) - often called ""good"" cholesterol because it helps remove excess cholesterol from the bloodstream.

When you have high levels of LDL, it's like having a lot of extra baggage on your car. It can make it harder for blood to flow through the arteries and increase your risk of heart disease and stroke.

On the other hand, when you have high levels of HDL, it's like having a strong vacuum cleaner that helps clean up excess cholesterol from the bloodstream. This can actually help lower your risk of heart disease and stroke.

The American Heart Association recommends that adults get their blood cholesterol checked at least once every five years if they're over 20 years old. If you have high blood cholesterol, your doctor may recommend lifestyle changes or medications to help bring it down.",0.38848920863309355,0.027694160144491272,0.08838193681361983,0.22302158273381292,24.728164196014404,3,"High blood cholesterol refers to elevated levels of low-density lipoprotein (LDL) or ""bad"" cholesterol and/or decreased levels of high-density lipoprotein (HDL) or ""good"" cholesterol in the bloodstream. LDL carries cholesterol from the liver to cells, while HDL carries excess cholesterol back to the liver for excretion.

High blood cholesterol can be caused by a combination of genetic and lifestyle factors, including:

* Genetics
* Diet high in saturated fats and cholesterol
* Obesity
* Physical inactivity
* Smoking

Elevated LDL levels increase the risk of cardiovascular disease, while low HDL levels also contribute to this risk.",0.3218390804597701,0.040671971706454466,0.01149516899877099,0.16091954022988506,9.749863386154175,"High blood cholesterol is a condition where the levels of certain fats, called lipids, circulating in your bloodstream are too high. Specifically, it often refers to elevated levels of LDL (""bad"") cholesterol and triglycerides, while HDL (""good"") cholesterol may be low. This buildup can lead to plaque formation in arteries, increasing the risk of heart disease and stroke. It's typically diagnosed through blood tests measuring lipid profiles.",0.3733333333333333,0.03171247357293869,0.01422898382038063,0.19999999999999998,18.209402799606323,"High blood cholesterol, or hypercholesterolemia, means having too much cholesterol in your blood. It's primarily characterized by elevated levels of LDL (""bad"") cholesterol and/or low levels of HDL (""good"") cholesterol. This often occurs without noticeable symptoms, but increases the risk of heart disease and stroke. Contributing factors include genetics, diet (saturated & trans fats), lack of exercise, and certain medical conditions. Management typically involves lifestyle changes like diet and exercise, and may require medication. I am unable to provide specific medical advice; consult a healthcare provider for diagnosis and treatment.",0.2441860465116279,0.052770448548812667,0.04553837609280982,0.1395348837209302,27.414159059524536,0.866618275642395,0.8509775996208191,0.8802429437637329,0.8508363366127014
q251,How to prevent Alzheimer's Disease ?,"Currently, no medicines or other treatments are known to prevent Alzheimers disease, but scientists are studying many possibilities. These possibilities include lifestyle factors such as exercise and physical activity, a healthy diet, and mentally stimulating activities. In addition to lifestyle factors, scientists have found clues that some long-term health conditions, like heart disease, high blood pressure, and diabetes, are related to Alzheimer's disease. Its possible that controlling these conditions will reduce the risk of developing Alzheimers. Exercise and Physical Activity Studies show that exercise and other types of physical activity are good for our hearts, waistlines, and ability to carry out everyday activities. Research suggests that exercise may also play a role in reducing risk for Alzheimers disease. Animal studies show that exercise increases both the number of small blood vessels that supply blood to the brain and the number of connections between nerve cells in older rats and mice. In addition, researchers have found that exercise raises the level of a nerve growth factor (a protein key to brain health) in an area of the brain that is important to memory and learning.  See suggestions for ways older adults can start or continue to exercise. Diet and Dietary Supplements A number of studies suggest that eating certain foods may help keep the brain healthyand that others can be harmful. A diet that includes lots of fruits, vegetables, and whole grains and is low in fat and added sugar can reduce the risk of heart disease and diabetes. Researchers are looking at whether a healthy diet also can help prevent Alzheimers. One study reported that people who ate a Mediterranean diet had a 28 percent lower risk of developing MCI (mild cognitive impairment) and a 48 percent lower risk of progressing from MCI to Alzheimers disease. (MCI often, but not always, leads to Alzheimers dementia.) A Mediterranean diet includes vegetables, legumes, fruits, cereals, fish, olive oil, and low amounts of saturated fats, dairy products, meat, and poultry. For more about healthy eating as you age , see  Eating Well As You Get Older. Other research has looked at the effect on brain health of several different vitamins and dietary supplements. One area of research focuses on antioxidants, natural substances that appear to fight damage caused by molecules called free radicals. Other studies are looking at resveratrol, a compound found in red grapes and red wine, as well as vitamins and other substances found in food. Chronic Diseases Age-related diseases and conditionssuch as vascular disease, high blood pressure, heart disease, and diabetesmay increase the risk of Alzheimers. Many studies are looking at whether this risk can be reduced by preventing or controlling these diseases and conditions. For example, one clinical trial is looking at how lowering blood pressure to or below current recommended levels may affect cognitive decline and the development of MCI and Alzheimers disease. Participants are older adults with high systolic (upper number) blood pressure who have a history of heart disease or stroke, or are at risk for those conditions. Diabetes is another disease that has been linked to Alzheimers. Past research suggests that abnormal insulin production contributes to Alzheimers-related brain changes. (Insulin is the hormone involved in diabetes.) Diabetes treatments have been tested in people with Alzheimers, but the results have not been conclusive. Keeping the Brain Active Keeping the mind sharpthrough social engagement or intellectual stimulationis associated with a lower risk of Alzheimers disease. Activities like working, volunteering, reading, going to lectures, and playing computer and other games are being studied to see if they might help prevent Alzheimers. One clinical trial is testing the impact of formal cognitive training, with and without physical exercise, in people with MCI to see if it can prevent or delay Alzheimers disease. Other trials are underway in healthy older adults to see if exercise and/or cognitive training (for example, a demanding video game) can delay or prevent age-related cognitive decline. Find out about things you can do that may keep your brain healthy.",Alzheimer's Disease,"While there is no proven way to completely prevent Alzheimer's disease, research suggests that certain lifestyle changes may help reduce the risk or slow its progression. One such change is meditation, which can help support cognition and overall well-being. However, it's essential to note that more studies are needed to fully understand the long-term effects of meditation on Alzheimer's.

Some other factors have been linked to a lower risk of developing Alzheimer's disease. These include maintaining a healthy lifestyle, managing medications effectively, and eating a balanced diet. It's also crucial to address modifiable factors, such as stress, which may contribute to the development or progression of the disease.

It's worth noting that there is no single measure proven to prevent Alzheimer's disease. Research has produced inconsistent results, making it challenging to determine whether interventions can act as primary prevention methods, preventing the disease itself, or secondary prevention methods, identifying early stages of the disease.

If you're concerned about your risk of developing Alzheimer's disease, consult with your healthcare provider about ways to maintain a healthy lifestyle and reduce stress. They can help you develop a personalized plan to support your overall well-being and potentially lower your risk of this condition.",0.27578215527230593,0.054899109252863114,0.01022055056052429,0.1228273464658169,22.70637845993042,3,"While there is no definitive way to prevent Alzheimer's disease, research suggests that certain lifestyle modifications and interventions may help reduce the risk. These include:

* Regular physical exercise
* A balanced diet rich in fruits, vegetables, whole grains, and omega-3 fatty acids
* Cognitive stimulation through activities such as reading, puzzles, and learning new skills
* Social engagement and stress management
* Not smoking and limiting alcohol consumption

It's essential to note that these factors may not completely prevent Alzheimer's disease, but they may help delay its onset or reduce the risk.",0.15978695073235685,0.02347024308466052,0.00019126163716021746,0.08788282290279627,8.418558120727539,"Preventing Alzheimer's disease is challenging as its exact cause isn't fully understood. However, research suggests lifestyle factors can reduce risk. Maintaining a healthy diet rich in fruits, vegetables, and whole grains, managing cardiovascular health through exercise and blood pressure control, staying mentally active with cognitive challenges, and avoiding smoking are key strategies. While these steps don't guarantee prevention, they significantly lower the likelihood of developing the disease.",0.11506849315068493,0.025294748124330118,1.700655521464164e-05,0.07123287671232877,18.643627882003784,"There’s no guaranteed way to prevent Alzheimer's disease, but several strategies may reduce risk. Maintaining a healthy lifestyle—including regular physical activity, a balanced diet (like the MIND diet), and cognitive stimulation (puzzles, learning)—is crucial. Managing cardiovascular health through controlling blood pressure, cholesterol, and diabetes is also vital. Social engagement and adequate sleep are important factors too. Research suggests these habits support brain health throughout life; however, genetics play a significant role.",0.11989100817438693,0.01872340425531915,2.9824793110945975e-05,0.07629427792915532,23.7572283744812,0.8403719067573547,0.8283858895301819,0.8355660438537598,0.8327898979187012
q266,How to prevent Alzheimer's Disease ?,"Research suggests that exercise may play a role in reducing risk for Alzheimers disease. Animal studies show that exercise increases both the number of small blood vessels that supply blood to the brain and the number of connections between nerve cells in older rats and mice. In addition, researchers have found that exercise raises the level of a nerve growth factor (a protein key to brain health) in an area of the brain that is important to memory and learning.  Learn more about the benefits of exercise for older adults. For more on specific exercises geared to the needs of older adults, visit Go4Life, the exercise and physical activity campaign from the National Institute on Aging.",Alzheimer's Disease,"While there is no proven way to completely prevent Alzheimer's disease, research suggests that certain lifestyle changes may help reduce the risk or slow its progression. One such change is meditation, which can help support cognition and overall well-being. However, it's essential to note that more studies are needed to fully understand the long-term effects of meditation on Alzheimer's.

Some other factors have been linked to a lower risk of developing Alzheimer's disease. These include maintaining a healthy lifestyle, managing medications effectively, and eating a balanced diet. It's also crucial to address modifiable factors, such as stress, which may contribute to the development or progression of the disease.

It's worth noting that there is no single measure proven to prevent Alzheimer's disease. Research has produced inconsistent results, making it challenging to determine whether interventions can act as primary prevention methods, preventing the disease itself, or secondary prevention methods, identifying early stages of the disease.

If you're concerned about your risk of developing Alzheimer's disease, consult with your healthcare provider about ways to maintain a healthy lifestyle and reduce stress. They can help you develop a personalized plan to support your overall well-being and potentially lower your risk of this condition.",0.24050632911392403,0.014947683109118086,0.010518039031637652,0.1518987341772152,22.55319833755493,3,"While there is no definitive way to prevent Alzheimer's disease, research suggests that certain lifestyle modifications and interventions may help reduce the risk. These include:

* Regular physical exercise
* A balanced diet rich in fruits, vegetables, whole grains, and omega-3 fatty acids
* Cognitive stimulation through activities such as reading, puzzles, and learning new skills
* Social engagement and stress management
* Not smoking and limiting alcohol consumption

It's essential to note that these factors may not completely prevent Alzheimer's disease, but they may help delay its onset or reduce the risk.",0.2156862745098039,0.02190923317683881,0.01448625863432534,0.11764705882352941,8.306090593338013,"Preventing Alzheimer's disease is challenging as its exact cause isn't fully understood. However, research suggests lifestyle factors can reduce risk. Maintaining a healthy diet rich in fruits, vegetables, and whole grains, managing cardiovascular health through exercise and blood pressure control, staying mentally active with cognitive challenges, and avoiding smoking are key strategies. While these steps don't guarantee prevention, they significantly lower the likelihood of developing the disease.",0.19672131147540986,0.018787361229718188,0.00629944183514161,0.12021857923497267,18.743741989135742,"There’s no guaranteed way to prevent Alzheimer's disease, but several strategies may reduce risk. Maintaining a healthy lifestyle—including regular physical activity, a balanced diet (like the MIND diet), and cognitive stimulation (puzzles, learning)—is crucial. Managing cardiovascular health through controlling blood pressure, cholesterol, and diabetes is also vital. Social engagement and adequate sleep are important factors too. Research suggests these habits support brain health throughout life; however, genetics play a significant role.",0.24598930481283424,0.02155887230514096,0.007906582302960433,0.08556149732620322,23.8541579246521,0.8379539847373962,0.8414779901504517,0.8489924073219299,0.8503856658935547
q430,Who is at risk for Colorectal Cancer? ?,"Researchers are working hard to understand and identify the genes involved in colorectal cancer. Hereditary nonpolyposis colorectal cancer, or HNPCC, is one condition that causes people to develop colorectal cancer at a young age. The discovery of four genes involved with this disease has provided crucial clues about the role of DNA repair in colorectal and other cancers.",Colorectal Cancer,"Most people who get colorectal cancer do not have any family history or genetic risk factors. However, certain groups of people are more likely to develop the disease. These include:

Older adults - The risk of getting colorectal cancer increases with age.

Men - Men are slightly more likely than women to get colorectal cancer.

People who eat a diet high in fat and sugar, red meat, processed meats, and alcohol.

Those who are overweight or obese.

Smokers.

People who do not exercise regularly.

In addition, some people may be at higher risk due to certain medical conditions, such as inflammatory bowel disease (IBD), which includes Crohn's disease and ulcerative colitis.",0.2994011976047904,0.0196078431372549,0.009302828739987631,0.14371257485029942,15.536871194839478,3,"Individuals with a family history of colorectal cancer or polyps, those with inflammatory bowel disease (IBD), and those who have had previous radiation therapy to the abdomen are at increased risk. Additionally, people over 50 years old, especially those with a personal or family history of colon cancer, are also considered high-risk. Other risk factors include obesity, physical inactivity, smoking, and a diet low in fiber and high in red meat consumption. People with certain genetic syndromes, such as Lynch syndrome and Familial Adenomatous Polyposis (FAP), are also at higher risk. A healthcare provider can assess individual risk factors to determine the need for screening.",0.25766871165644173,0.030977734753146177,0.013832392823592799,0.11042944785276074,10.037204027175903,"Colorectal cancer risk increases with age, particularly after 50. Family history of colorectal cancer or certain genetic syndromes (like Lynch syndrome or FAP) significantly elevate risk. Other factors include personal history of inflammatory bowel disease (Crohn's or ulcerative colitis), previous polyps, obesity, smoking, and diets low in fiber and high in red/processed meats.

**Disclaimer:** This information is for educational purposes only and does not constitute medical advice. Consult a healthcare professional for personalized risk assessment and guidance.",0.26666666666666666,0.017486338797814208,0.020192919540301363,0.13333333333333333,21.94062328338623,"Several factors increase colorectal cancer risk. Age over 45 is the most significant factor; however, it can occur earlier. Family history of colorectal cancer or polyps elevates risk. Personal history of inflammatory bowel disease (IBD), such as Crohn's or ulcerative colitis, also increases susceptibility. Lifestyle choices like a diet low in fiber and high in red/processed meats, smoking, excessive alcohol consumption, and lack of physical activity contribute to the risk. Certain genetic syndromes can further increase likelihood.",0.26666666666666666,0.013498312710911136,0.020192919540301363,0.13333333333333333,24.423364400863647,0.8456664681434631,0.8513765335083008,0.8505239486694336,0.8588619232177734
q484,What causes Lung Cancer ?,"Some studies suggest that non-smokers who are exposed to environmental tobacco smoke, also called secondhand smoke, are at increased risk of lung cancer. Secondhand smoke is the smoke that non-smokers are exposed to when they share air space with someone who is smoking. Tobacco smoke contains more than 7,000 chemicals, including hundreds that are toxic and about 70 that can cause cancer. Since 1964, approximately 2,500,000 nonsmokers have died from health problems caused by exposure to secondhand smoke.  Learn more about the effects of secondhand smoke.  Learn more about the chemicals found in cigarettes.",Lung Cancer,"Lung cancer is caused by damage to the DNA of lung cells. This damage can be caused by breathing in toxic substances such as cigarette smoke or other hazardous chemicals. When these substances enter the lungs, they can cause genetic changes that affect how cells grow and multiply.

In most cases, lung cancer is caused by smoking tobacco. However, exposure to asbestos, radon gas, or other hazardous substances can also increase the risk of developing lung cancer. Sometimes, lung cancer can occur due to random genetic mutations.

When lung cells are damaged, they can start growing out of control, forming a tumor. If left untreated, the tumor can spread within and beyond the lung, causing symptoms such as coughing, shortness of breath, or chest pain.",0.2831050228310502,0.0346124905944319,0.009828014156831844,0.15525114155251143,16.592034101486206,3,"Lung cancer is primarily caused by exposure to carcinogens, particularly tobacco smoke, which contains over 70 known carcinogens. Other risk factors include:

* Exposure to radon gas
* Asbestos and other mineral fibers
* Air pollution from industrial sources or vehicle emissions
* Certain chemicals, such as arsenic and chromium
* Genetic predisposition

However, it's essential to note that not all lung cancer cases are directly linked to these factors. Some cases may be attributed to unknown causes or genetic mutations.",0.2588235294117647,0.03260869565217391,0.040798020507629686,0.14117647058823526,7.840564727783203,"Lung cancer is primarily caused by exposure to carcinogens, most notably tobacco smoke. Other significant risk factors include radon gas inhalation, asbestos exposure, and certain occupational chemicals. Genetic predisposition can also play a role in some cases. While these are the main causes, smoking remains the leading cause globally.",0.2937062937062937,0.038876889848812095,0.031999242732755055,0.13986013986013987,15.026611328125,"Lung cancer primarily develops from mutations in lung cells, often linked to environmental exposures. Smoking is the leading cause, responsible for roughly 80-90% of cases. Radon exposure, asbestos, air pollution, and occupational chemicals also increase risk. Genetic predisposition and prior radiation therapy can contribute as well. Occasionally, it arises without a clear identifiable cause.",0.24324324324324323,0.02456499488229273,0.007786423775028171,0.12162162162162161,19.904765129089355,0.8502289056777954,0.8430454730987549,0.8500163555145264,0.8388546705245972
q1309,Who is at risk for Prostate Cancer? ?,"Prostate cancer is most common in older men. In the U.S., about one out of five men will be diagnosed with prostate cancer. Most men diagnosed with prostate cancer do not die of it.    See the following PDQ summaries for more information about prostate cancer:         -  Prostate Cancer Screening     -  Prostate Cancer Treatment",Prostate Cancer,"Prostate cancer affects men of all ages and backgrounds, but some groups are more likely to develop the disease than others. Men with a family history of cancer, particularly those with a father or brother who had prostate cancer, are at higher risk.

Men from certain ethnic groups, such as African and African-Caribbean ancestry, also have a higher risk of developing prostate cancer. These men may be diagnosed with more aggressive forms of the disease at an earlier age.

Taller men and those who are overweight or obese may also be at increased risk for prostate cancer. High levels of blood cholesterol can also contribute to this risk.

In addition, some studies suggest that men who have a diet rich in certain foods, such as red meat and high-fat dairy products, may be more likely to develop advanced prostate cancer. On the other hand, men who eat a diet rich in fruits, vegetables, and whole grains may have a lower risk of developing the disease.

It's also worth noting that some genetic factors can increase a man's risk for prostate cancer. For example, men with certain gene variants, such as BRCA2 or HOXB13, are at higher risk for the disease.

Overall, while anyone can develop prostate cancer, these groups may be more likely to do so. Regular check-ups and screenings can help identify the disease in its early stages, when it is most treatable.",0.21754385964912282,0.024509803921568627,0.00988514661331669,0.1473684210526316,26.586267709732056,3,"Men with the following characteristics are at increased risk for prostate cancer:

* Age: Risk increases after 50 years old
* Family history: Men with a first-degree relative (father or brother) diagnosed with prostate cancer before age 65 have an increased risk
* Ethnicity: African American men have a higher risk compared to Caucasian and Asian men
* Genetic predisposition: BRCA1 and BRCA2 gene mutations increase the risk
* Obesity: Being overweight or obese may increase the risk

Note: This is not an exhaustive list, but it includes some of the most significant risk factors.",0.2695035460992908,0.055299539170506916,0.04195461982235439,0.1702127659574468,8.83850884437561,"Prostate cancer risk increases with age, particularly after 50. Men of African ancestry have a higher risk compared to men of other races. Family history and genetic mutations (like BRCA2) also increase susceptibility. Lifestyle factors like diet and physical activity may play a role, though research is ongoing. If you have concerns about your risk, discuss them with your doctor.",0.18018018018018017,0.08284023668639054,0.009614428458751706,0.12612612612612614,16.91177535057068,"Several factors increase prostate cancer risk. Age over 50 is the most significant; risk rises sharply after this age. Family history of prostate cancer substantially elevates your likelihood. Certain racial and ethnic groups, particularly African American men, face higher incidence rates. Obesity and lifestyle choices like a diet high in red meat may also contribute. It's important to discuss individual risk factors with a healthcare provider for personalized screening recommendations.",0.21487603305785125,0.03821656050955414,0.010425829670173165,0.18181818181818185,22.084527015686035,0.7990486025810242,0.8179271817207336,0.826181948184967,0.8299830555915833
q517,How to prevent Stroke ?,"Yes. Stroke is preventable. A better understanding of the causes of stroke has helped people make lifestyle changes that have cut the stroke death rate nearly in half in the last two decades. While family history of stroke plays a role in your risk, there are many risk factors you can control: - If you have high blood pressure, work with your doctor to get it under control.  Managing your high blood pressure is the most important thing you can do to avoid stroke. See ways to manage high blood pressure.     -  If you smoke, quit. See resources to help you quit, including , smoking quitlines,  an online quit plan, a quit smoking website for older adults, and mobile apps and free text messaging services.  If you have high blood pressure, work with your doctor to get it under control.  Managing your high blood pressure is the most important thing you can do to avoid stroke. See ways to manage high blood pressure.     If you smoke, quit. See resources to help you quit, including , smoking quitlines,  an online quit plan, a quit smoking website for older adults, and mobile apps and free text messaging services. - If you have diabetes, learn how to manage it.  Many people do not realize they have diabetes, which is a major risk factor for heart disease and stroke. See ways to manage diabetes every day.     -  If you are overweight, start maintaining a healthy diet and exercising regularly. See a sensible approach to weight loss.  See exercises tailored for older adults.  If you have diabetes, learn how to manage it.  Many people do not realize they have diabetes, which is a major risk factor for heart disease and stroke. See ways to manage diabetes every day.     If you are overweight, start maintaining a healthy diet and exercising regularly. See a sensible approach to weight loss.  See exercises tailored for older adults.  - If you have high cholesterol, work with your doctor to lower it.  A high level of total cholesterol in the blood is a major risk factor for heart disease, which raises your risk of stroke.  Learn about lifestyle changes to control cholesterol.   If you have high cholesterol, work with your doctor to lower it.  A high level of total cholesterol in the blood is a major risk factor for heart disease, which raises your risk of stroke.  Learn about lifestyle changes to control cholesterol.",Stroke,"Preventing a stroke is possible by making lifestyle changes and managing certain health conditions. High blood pressure is one of the main risk factors for stroke, so keeping your blood pressure under control through diet, exercise, and medication can help reduce your risk. If you have high cholesterol or diabetes, controlling these conditions can also lower your stroke risk.

Some people may need to take medications such as aspirin or statins to prevent a stroke. These medications can help prevent blood clots from forming in the arteries that supply blood to the brain. However, not everyone needs to take these medications, and it's best to talk to your doctor about whether they are right for you.

In some cases, surgery may be necessary to open up narrowed or blocked arteries in the neck (carotid artery disease). This can help prevent a stroke by improving blood flow to the brain. Your doctor will recommend the best course of treatment based on your individual needs and health status.

It's also essential to manage other conditions that increase your risk for stroke, such as atrial fibrillation (an irregular heartbeat) or heart failure. By working with your healthcare provider to control these conditions and make healthy lifestyle choices, you can reduce your risk of having a stroke.",0.3382594417077176,0.014204545454545454,0.029382035965388017,0.16091954022988506,24.332262992858887,3,"To prevent stroke, it is essential to manage and control the following risk factors:

1. High blood pressure: Regularly monitor and maintain a healthy blood pressure level (<140/90 mmHg).
2. High cholesterol: Maintain a healthy lipid profile through diet and medication (if prescribed).
3. Diabetes: Manage blood sugar levels through diet, exercise, and medication (if prescribed).
4. Smoking: Quit smoking to reduce the risk of stroke.
5. Obesity: Maintain a healthy weight through a balanced diet and regular physical activity.
6. Physical inactivity: Engage in at least 150 minutes of moderate-intensity aerobic exercise or 75 minutes of vigorous-intensity aerobic exercise per week.

Additionally, consider:

* Limiting sodium intake to <2,300 mg/day
* Eating a balanced diet rich in fruits, vegetables, whole grains, and lean protein sources
* Staying hydrated by drinking plenty of water

If you have any underlying medical conditions or concerns, consult with your healthcare provider for personalized guidance.",0.22058823529411767,0.028633675692499222,0.0052636432347492705,0.14338235294117646,14.747695446014404,"To prevent stroke, maintain a healthy lifestyle including managing blood pressure, cholesterol, and diabetes. Regular physical activity helps keep your heart strong and weight at a healthy level. Avoid smoking and limit alcohol consumption. A balanced diet rich in fruits, vegetables, and whole grains is also crucial. If you have risk factors like atrial fibrillation or carotid artery disease, work with your doctor to manage them effectively.",0.1684665226781857,0.02539208364451083,0.0008612484160991151,0.11663066954643628,17.435404300689697,"Preventing stroke involves managing modifiable risk factors. Control high blood pressure, cholesterol, and blood sugar through diet, exercise, and medication as prescribed. Quit smoking, limit alcohol intake, and maintain a healthy weight. Manage atrial fibrillation if present, and discuss aspirin use with your doctor based on individual risk assessment. Regular check-ups are crucial for early detection and intervention.",0.1277533039647577,0.017325800376647833,0.00013160718032363076,0.1013215859030837,20.799972772598267,0.8281119465827942,0.8004986643791199,0.8078378438949585,0.8005651831626892
q174,what research (or clinical trials) is being done for Prostate Cancer ?,"Scientists continue to look at new ways to prevent, treat, and diagnose prostate cancer. Research has already led to a number of advances in these areas. Dietary Research Several studies are under way to explore the causes of prostate cancer. Some researchers think that diet may affect a man's chances of developing prostate cancer. For example, some studies show that prostate cancer is more common in populations that consume a high-fat diet, particularly animal fat, and in populations with diets that lack certain nutrients. Research on Testosterone Some research suggests that high levels of testosterone may increase a man's risk of prostate cancer. The difference in prostate cancer risk among racial groups could be related to high testosterone levels, but it also could result from diet or other lifestyle factors. Genetic Research Researchers are studying changes in genes that may increase the risk for developing prostate cancer. Some studies are looking at the genes of men who were diagnosed with prostate cancer at a relatively young age, such as less than 55 years old, and the genes of families who have several members with the disease. Other studies are trying to identify which genes, or arrangements of genes, are most likely to lead to prostate cancer. Much more work is needed, however, before scientists can say exactly how genetic changes relate to prostate cancer. Prevention Research Several studies have explored ways to prevent prostate cancer. In October 2008, initial results of a study on the use of the dietary supplements vitamin E and selenium found that they did not provide any benefit in reducing the number of new cases of the disease. A few studies suggest that a diet that regularly includes tomato-based foods may help protect men from prostate cancer, but there are no studies that conclusively prove this hypothesis. According to results of a study that was re-analyzed in 2013, men who took finasteride, a drug that affects male hormone levels, reduced their chances of getting prostate cancer by nearly 30 percent compared to men who took a placebo. Unlike earlier findings from this study, this new analysis showed no increased risk of late stage disease due to use of finasteride. Stopping Prostate Cancer from Returning Scientists are also looking at ways to stop prostate cancer from returning in men who have already been treated for the disease. These approaches use drugs such as finasteride, flutamide, nilutamide, and LH-RH agonists that manipulate hormone levels. In 2010, the FDA approved a therapeutic cancer vaccine, Provenge, for use in some men with metastatic prostate cancer. Provenge may provide a 4-month improvement in overall survival compared with a placebo vaccine. Other similar vaccine therapies are in development. Research on New Blood Tests Some researchers are working to develop new blood tests to detect the antibodies that the immune system produces to fight prostate cancer. When used along with PSA testing, the antibody tests may provide more accurate results about whether or not a man has prostate cancer. Researching New Approaches to Treatment Through research, doctors are trying to find new, more effective ways to treat prostate cancer. Cryosurgery -- destroying cancer by freezing it -- is under study as an alternative to surgery and radiation therapy. To avoid damaging healthy tissue, the doctor places an instrument known as a cryoprobe in direct contact with the tumor to freeze it. Doctors are studying new ways of using radiation therapy and hormonal therapy, too. Studies have shown that hormonal therapy given after radiation therapy can help certain men whose cancer has spread to nearby tissues. Scientists are also testing the effectiveness of chemotherapy and biological therapy for men whose cancer does not respond, or stops responding, to hormonal therapy. They are also exploring new ways to schedule and combine various treatments. For example, they are studying hormonal therapy to find out if using it to shrink the tumor before a man has surgery or radiation might be a useful approach. For men with early stage prostate cancer, researchers are also comparing treatment with watchful waiting. The results of this work will help doctors know whether to treat early stage prostate cancer immediately or only later on, if symptoms occur or worsen.",Prostate Cancer,"Researchers are working on many different projects to better understand prostate cancer and find new ways to treat it. Some of these projects involve studying laboratory models, such as cell lines and organoids, which can help scientists learn more about how the disease grows and spreads.

One area of research is focused on developing new treatments for prostate cancer that don't have some of the side effects of current therapies. For example, researchers are looking at ways to use hormones to slow down or stop the growth of cancer cells.

Clinical trials are also being conducted to test new treatments for prostate cancer. These trials involve giving patients a new treatment and then tracking their progress over time to see if it works better than what's currently available.

Some of these clinical trials have already shown promising results, such as improving symptoms in people with advanced prostate cancer even though they didn't live longer. Other trials are looking at using a type of therapy called immunotherapy, which helps the body's immune system fight off cancer cells.

Researchers are also exploring new ways to deliver treatments directly to the tumor site, rather than having them travel through the bloodstream and potentially causing side effects elsewhere in the body. This could lead to more effective and less toxic treatments for prostate cancer.

Additionally, some studies are looking at using a type of therapy called irreversible electroporation (IRE) to treat prostate cancer. IRE uses electrical pulses to kill cancer cells while sparing healthy tissue. Researchers are investigating its potential as an alternative treatment option for people who may not be good candidates for conventional therapies or who want to preserve their quality of life.

Overall, there is a lot of ongoing research and clinical trials aimed at improving our understanding of prostate cancer and finding new ways to treat it effectively.",0.36254980079681276,0.01936108422071636,0.02971171868592075,0.14741035856573706,31.671082973480225,3,"There are several ongoing and completed clinical trials for prostate cancer treatment. Some notable ones include:

* The PROSTATA trial (NCT02648091), which investigates the efficacy of a combination therapy with apalutamide, abiraterone acetate, and prednisone in patients with metastatic castration-resistant prostate cancer.
* The SPARTAN trial (NCT01816593), which evaluated the use of apalutamide in patients with non-metastatic castration-resistant prostate cancer.
* The PROPEL trial (NCT02677896), which examined the efficacy of a combination therapy with enzalutamide and abiraterone acetate in patients with metastatic castration-resistant prostate cancer.

Additionally, researchers are exploring new approaches such as:

* Immunotherapy: trials like NCT02457920 (Nivolumab) and NCT02601096 (Ipilimumab) aim to harness the immune system to fight cancer.
* Targeted therapies: studies like NCT02535743 (Cabozantinib) focus on inhibiting specific molecular pathways involved in prostate cancer progression.

Please note that this is not an exhaustive list, and new trials are being conducted regularly.",0.16985645933014354,0.011599625818521983,0.0006643270673642231,0.1076555023923445,17.85547137260437,"Research into prostate cancer focuses on developing new treatments and improving existing ones. Clinical trials are investigating novel therapies like targeted therapies and immunotherapies to overcome resistance in advanced cases. Additionally, researchers are exploring biomarkers to better predict treatment response and identify patients at high risk of recurrence. Studies also aim to understand the mechanisms driving metastasis and develop strategies to prevent it. Ongoing work includes refining diagnostic tools for earlier detection and personalized medicine approaches based on genetic mutations or tumor characteristics.",0.1129653401797176,0.01590862737099735,8.765187678865077e-06,0.06418485237483953,19.8211727142334,"Current prostate cancer research focuses on several key areas: immunotherapy to harness the immune system against cancer cells, targeted therapies blocking specific growth pathways, and refining existing hormone therapies with novel drug combinations. Clinical trials are exploring earlier detection methods like advanced imaging and biomarkers. Studies also investigate personalized treatment approaches based on genetic profiling of tumors. Some trials assess preventative strategies, including lifestyle interventions and risk-reducing medications. You can find detailed information about ongoing trials at clinicaltrials.gov.",0.08785529715762273,0.012257405515832482,1.0816296722867271e-05,0.04909560723514212,23.27389430999756,0.8470878601074219,0.8149088025093079,0.8210781216621399,0.8114538192749023
q758,What are the symptoms of Heart Failure ?,"The most common symptoms of heart failure include shortness of breath or difficulty breathing, feeling tired, and swelling. Swelling is caused by fluid build-up in the body. Fluid buildup can lead to weight gain and frequent urination, as well as coughing.",Heart Failure,"Heart failure can cause a range of symptoms that vary in severity. Some common symptoms include:

Shortness of breath when you're at rest or when you exert yourself. This is often one of the first signs of heart failure.
Fatigue, which means feeling extremely tired and weak. You may feel like you don't have enough energy to do everyday activities.
Swelling in your legs, ankles, and feet due to fluid buildup. This can be a sign that your body is retaining too much water.

In more severe cases, people with heart failure may experience:

Sudden attacks of shortness of breath while sleeping, which can wake you up at night.
Wheezing or ""cardiac asthma,"" which sounds like asthma but is actually caused by fluid buildup in the lungs.
Dizziness, confusion, and cool extremities due to poor blood flow to the body's organs.
Loss of consciousness if the brain doesn't receive enough blood supply.

These symptoms can be uncomfortable and disrupt your daily life. If you're experiencing any of these symptoms, it's essential to talk to your doctor about how to manage them and slow down the progression of heart failure.",0.24347826086956523,0.03906836964688205,0.05358846321163878,0.18260869565217389,22.794434070587158,3,"The symptoms of heart failure can vary depending on the severity and type of heart failure, but common symptoms include:

* Shortness of breath (dyspnea) when lying down or exerting oneself
* Fatigue or weakness
* Swelling in legs, ankles, and feet due to fluid buildup (edema)
* Coughing up pink, frothy mucus
* Rapid or irregular heartbeat (palpitations)
* Chest pain or discomfort

These symptoms can be mild at first but worsen over time if left untreated.",0.37168141592920356,0.09288824383164006,0.08589449352149726,0.2654867256637168,8.168588399887085,"Heart failure symptoms can vary widely depending on the severity and type of heart failure. Common signs include shortness of breath (especially with exertion or when lying down), fatigue, swelling in the legs, ankles, or abdomen, rapid or irregular heartbeat, and persistent cough or wheezing. Some individuals may experience dizziness or fainting. If you suspect heart failure, consult a healthcare professional for proper diagnosis and management.",0.31775700934579443,0.03498542274052478,0.06485387090109423,0.24299065420560748,17.517630577087402,"Heart failure presents with shortness of breath, fatigue, and swelling (edema) in the ankles, legs, or abdomen. Patients may experience persistent coughing or wheezing, rapid or irregular heartbeat, and decreased appetite/nausea. Fluid retention often leads to weight gain. Symptoms vary depending on the severity and type of heart failure. I am unable to provide medical diagnoses; consult a healthcare professional for evaluation.",0.36893203883495146,0.009009009009009009,0.04295957873952988,0.27184466019417475,21.53557801246643,0.852213442325592,0.8651316165924072,0.8865516185760498,0.8939409255981445
q10265,What are the treatments for lung cancer ?,These resources address the diagnosis or management of lung cancer:  - Genetic Testing Registry: Lung cancer  - Genetic Testing Registry: Non-small cell lung cancer  - Lung Cancer Mutation Consortium: About Mutation Testing  - MedlinePlus Encyclopedia: Lung Cancer--Non-Small Cell  - MedlinePlus Encyclopedia: Lung Cancer--Small Cell  - National Cancer Institute: Drugs Approved for Lung Cancer  - National Cancer Institute: Non-Small Cell Lung Cancer Treatment  - National Cancer Institute: Small Cell Lung Cancer Treatment   These resources from MedlinePlus offer information about the diagnosis and management of various health conditions:  - Diagnostic Tests  - Drug Therapy  - Surgery and Rehabilitation  - Genetic Counseling   - Palliative Care,lung cancer,"Treatment for lung cancer depends on how far the cancer has spread and the person's overall health. For early stage cancer, treatment may include:

Surgery to remove the tumor
Chemotherapy to kill cancer cells
Radiation therapy to target and destroy cancer cells

For later-stage cancer, treatment may include a combination of chemotherapy, radiation therapy, and newer targeted therapies that attack specific types of cancer cells.

In addition to these treatments, lifestyle changes and palliative care are also important. Palliative care focuses on improving symptoms and lessening discomfort, such as pain and shortness of breath. This type of care can improve quality of life and survival time for people with lung cancer.

It's worth noting that treatment options may vary depending on the specific type of lung cancer and how far it has spread.",0.24324324324324323,0.020846905537459284,0.01949668978761387,0.14414414414414414,17.938035488128662,3,"The treatment of lung cancer depends on the stage and type of cancer, as well as the patient's overall health. Common treatments include:

* Surgery to remove the tumor or affected lung
* Radiation therapy to kill cancer cells with high-energy rays
* Chemotherapy to use medications to kill cancer cells
* Targeted therapy to specifically target cancer-causing genes or proteins
* Immunotherapy to stimulate the immune system to fight cancer

Treatment may be used alone or in combination, and the goal is often to control symptoms, slow disease progression, and improve quality of life.",0.2122905027932961,0.0706436420722135,0.017460637807675018,0.1452513966480447,8.357309818267822,"Lung cancer treatment depends heavily on the type and stage of the cancer, as well as the patient's overall health. Common treatments include surgery to remove the tumor, radiation therapy to kill cancer cells, chemotherapy to shrink tumors or kill cancer cells throughout the body, targeted therapy to attack specific genetic mutations in the cancer cells, and immunotherapy to help the patient's immune system fight the cancer. The best approach is determined by a multidisciplinary team of doctors after thorough evaluation.",0.22352941176470584,0.013104013104013105,0.015912134534763343,0.10588235294117647,20.04699158668518,"Lung cancer treatment options depend on type and stage but commonly include surgery to remove tumors, radiation therapy using high-energy rays, chemotherapy with drugs targeting rapidly dividing cells, and immunotherapy boosting the body's immune response. Targeted therapies may also be used if the cancer has specific genetic mutations. Some patients benefit from a combination of these approaches. Palliative care focuses on symptom management and improving quality of life. I am unable to provide individualized medical advice; consult an oncologist for personalized recommendations.",0.23391812865497075,0.0296875,0.01785294660229942,0.10526315789473684,23.89975380897522,0.8238521814346313,0.8204749226570129,0.8127168416976929,0.8147030472755432
q10263,What are the genetic changes related to lung cancer ?,"Cancers occur when genetic mutations build up in critical genes, specifically those that control cell growth and division or the repair of damaged DNA. These changes allow cells to grow and divide uncontrollably to form a tumor. In nearly all cases of lung cancer, these genetic changes are acquired during a person's lifetime and are present only in certain cells in the lung. These changes, which are called somatic mutations, are not inherited. Somatic mutations in many different genes have been found in lung cancer cells.  Mutations in the EGFR and KRAS genes are estimated to be present in up to half of all lung cancer cases. These genes each provide instructions for making a protein that is embedded within the cell membrane. When these proteins are turned on (activated) by binding to other molecules, signaling pathways are triggered within cells that promote cell growth and division (proliferation).  Mutations in either the EGFR or KRAS gene lead to the production of a protein that is constantly turned on (constitutively activated). As a result, cells are signaled to constantly proliferate, leading to tumor formation. When these gene changes occur in cells in the lungs, lung cancer develops.  Mutations in many other genes have each been found in a small proportion of cases.  In addition to genetic changes, researchers have identified many personal and environmental factors that expose individuals to cancer-causing compounds (carcinogens) and increase the rate at which somatic mutations occur, contributing to a person's risk of developing lung cancer. The greatest risk factor is long-term tobacco smoking, which increases a person's risk of developing lung cancer 20-fold. Other risk factors include exposure to air pollution, radon, asbestos, or secondhand smoke; long-term use of hormone replacement therapy for menopause; and a history of lung disease such as tuberculosis, emphysema, or chronic bronchitis. A history of lung cancer in closely related family members is also an important risk factor; however, because relatives with lung cancer were likely smokers, it is unclear whether the increased risk of lung cancer is the result of genetic factors or exposure to secondhand smoke.",lung cancer,"Lung cancer is caused by damage to the DNA of lung cells. This damage can be random or it can be caused by breathing in toxic substances like cigarette smoke. When this happens, the cell's normal functions start to go wrong.

The main problems are with genes that help control how cells grow and die. These genes are called tumor suppressor genes and oncogenes. Tumor suppressor genes normally help keep cells from growing too fast or out of control. Oncogenes do the opposite - they can make cells grow too quickly.

When these genes get damaged, it can cause cells to grow uncontrollably and form a tumor. The tumor can then spread within the lung and beyond, causing symptoms and eventually leading to death if left untreated.

Some people may be more likely to develop lung cancer because of their genetic makeup. This means that certain gene combinations can increase the risk of getting lung cancer. Even close family members of someone with lung cancer are at higher risk than average, even if they don't smoke or have other risk factors.

Genome-wide association studies have identified many genes that are associated with an increased risk of lung cancer. These genes play a role in different processes like DNA repair, inflammation, and cell division. Some rare genetic disorders can also increase the risk of lung cancer.

It's worth noting that there may be differences between men and women when it comes to lung cancer. Hormones like estrogen and testosterone may affect how susceptible people are to lung cancer and how the disease develops and progresses in different ways for men and women.",0.4278768233387358,0.009103078982597055,0.05610835313004882,0.16855753646677468,28.453635215759277,3,"Lung cancer is associated with various genetic alterations, including mutations in:

1. TP53: a tumor suppressor gene that regulates cell growth and division.
2. KRAS: an oncogene that promotes cell proliferation and survival.
3. EGFR (Epidermal Growth Factor Receptor): an enzyme involved in cell signaling pathways.
4. ALK (Anaplastic Lymphoma Kinase): a fusion gene resulting from chromosomal rearrangements.
5. BRAF: another oncogene that regulates cell growth and division.

These genetic changes can lead to uncontrolled cell growth, tumor formation, and metastasis.",0.191588785046729,0.01920945696342815,0.0043700688929969025,0.11214953271028039,9.128592491149902,"Lung cancer is associated with various genetic alterations, including mutations in oncogenes like KRAS and TP53, and tumor suppressor genes such as RB1. Chromosomal rearrangements, like translocations involving the ALK or EGFR genes, are also common. These changes can lead to uncontrolled cell growth and proliferation, contributing to the development of lung cancer. The specific genetic profile varies depending on the type of lung cancer (e.g., small cell vs. non-small cell) and the patient's background. Further investigation is needed for a definitive diagnosis and personalized treatment plan.",0.2304147465437788,0.014577259475218658,0.0026344773181197767,0.14285714285714285,22.992653131484985,"Lung cancers harbor numerous genetic alterations; common ones include mutations in *EGFR*, *KRAS*, and *TP53*. *ALK* and *ROS1* fusions are also frequently observed, particularly in adenocarcinoma. These alterations disrupt normal cell growth regulation, leading to uncontrolled proliferation. Germline mutations (inherited) are less frequent but can increase cancer risk; somatic mutations (acquired during life) are more common drivers of lung cancer development. Specific genetic profiles guide targeted therapies and inform prognosis. I am unable to provide a comprehensive list due to the complexity and ongoing discoveries in this field.",0.19310344827586207,0.029517638588912886,0.0014668894025099946,0.11034482758620691,27.502427577972412,0.84861820936203,0.8177236318588257,0.8300181031227112,0.8204787969589233
q671,What is (are) Skin Cancer ?,"When the cancer spreads from its original tumor location in the skin to another part of the body such as the brain, it is called metastatic skin cancer. It is not the same as a cancer that started in the brain (brain cancer). Doctors sometimes call this ""distant"" disease.",Skin Cancer,"Skin cancer occurs when skin cells grow and multiply in an abnormal way. This can happen when the skin is exposed to too much sunlight or other forms of ultraviolet radiation. As a result, the skin cells become damaged and start to grow out of control.

There are three main types of skin cancer: basal-cell skin cancer (BCC), squamous-cell skin cancer (SCC), and melanoma. Basal-cell skin cancer grows slowly and is unlikely to spread to other parts of the body. Squamous-cell skin cancer, on the other hand, can be more aggressive and may spread if not treated.

Squamous-cell skin cancer often appears as a red, scaling patch on sun-exposed areas of the skin. It can also appear as a firm, hard nodule or a dome-shaped growth. If left untreated, squamous-cell skin cancer can grow into a large mass.",0.2566844919786096,0.025145067698259187,0.014271595908313027,0.1711229946524064,18.366384267807007,3,"Skin cancer refers to the abnormal growth of skin cells that can invade and damage surrounding tissue. There are three main types:

1. Basal cell carcinoma: The most common type, often appearing as a small, shiny bump or sore on sun-exposed areas.
2. Squamous cell carcinoma: A more aggressive form, typically found in areas with significant sun exposure, such as the face, ears, and hands.
3. Melanoma: The deadliest form of skin cancer, characterized by the development of new moles or changes to existing ones.

These types can be caused by a combination of genetic predisposition, UV radiation from the sun or tanning beds, and other factors like age and immune system function.",0.2345679012345679,0.028199566160520606,0.01489190872001432,0.14814814814814814,10.483028650283813,"Skin cancer is the uncontrolled growth of abnormal skin cells. It occurs when DNA in skin cells is damaged, causing them to grow and divide uncontrollably. The most common types are basal cell carcinoma, squamous cell carcinoma, and melanoma. Melanoma is the most dangerous type as it can spread quickly to other parts of the body if not treated early. Prevention strategies include sun protection like using sunscreen, wearing protective clothing, and avoiding peak sun hours. Early detection through regular skin checks is crucial for successful treatment.",0.2647058823529412,0.032059186189889025,0.017830743846371958,0.1323529411764706,21.82619881629944,"Skin cancer encompasses abnormal growths of skin cells, primarily caused by UV radiation exposure. The main types are basal cell carcinoma (BCC), squamous cell carcinoma (SCC), and melanoma—with melanoma being the most dangerous due to its potential for metastasis. BCCs and SCCs are typically slow-growing and rarely spread, while melanomas can progress rapidly. Early detection through self-exams and professional screenings is crucial for successful treatment. Risk factors include fair skin, sun exposure history, and family history. If you notice any suspicious changes on your skin, consult a dermatologist promptly.",0.14492753623188404,0.03926096997690531,0.006427282727151879,0.10144927536231885,26.884227752685547,0.8468461036682129,0.838456928730011,0.8617113828659058,0.8422785997390747
q565,What are the treatments for High Blood Cholesterol ?,The main goal of cholesterol-lowering treatment is to lower your LDL (bad) cholesterol level enough to reduce your risk of having a heart attack or diseases caused by narrowing of the arteries.,High Blood Cholesterol,"High blood cholesterol can be treated with lifestyle changes and medications. Lifestyle changes include eating a healthy diet that is low in saturated fats and cholesterol, exercising regularly, and maintaining a healthy weight. Quitting smoking and limiting alcohol consumption also help.

Medications called statins are often prescribed to lower high blood cholesterol levels. They work by reducing the amount of cholesterol produced in the liver. Statins have been shown to reduce the risk of heart attack and stroke by about 15%. They may be recommended for people at a higher risk of cardiovascular disease, even if their cholesterol levels are not very high.

In some cases, other medications may be prescribed to help lower blood cholesterol levels. These can include bile acid sequestrants, fibrates, and niacin. However, these medications may have side effects and should only be used under the guidance of a healthcare provider.

For people with a genetic disorder called familial hypercholesterolemia (FH), statins are often the first-line treatment to lower high blood cholesterol levels. In some cases, other medications such as PCSK9 inhibitors or CETP inhibitors may also be prescribed to help lower LDL-C levels and reduce the risk of cardiovascular disease.

It's essential to work closely with a healthcare provider to develop a treatment plan that is tailored to individual needs. They will monitor progress and adjust the treatment plan as needed to achieve optimal cholesterol levels and reduce the risk of heart attack, stroke, and other cardiovascular diseases.",0.13818181818181818,0.12888377445339472,0.0038662587607665028,0.10181818181818181,28.49753189086914,3,"The primary treatment for high blood cholesterol involves lifestyle modifications and medication. Lifestyle changes include:

* Dietary adjustments: reducing saturated fat, trans fat, and dietary cholesterol intake
* Increased physical activity
* Weight management
* Quitting smoking

Medications may be prescribed to lower LDL (bad) cholesterol levels, including:

* Statins (e.g., atorvastatin, simvastatin)
* Bile acid sequestrants (e.g., cholestyramine)
* Fibrates (e.g., fenofibrate)

It's essential to consult a healthcare professional for personalized treatment recommendations.",0.1818181818181818,0.2798913043478261,0.019573249127632673,0.1818181818181818,9.099540948867798,"High blood cholesterol is typically managed with lifestyle changes like diet modification (reducing saturated and trans fats) and regular exercise. Medications may be prescribed if lifestyle changes aren't sufficient or if risk factors are high. These medications often work by reducing cholesterol production in the liver, increasing its removal from the body, or blocking cholesterol absorption. Treatment plans are individualized based on specific cholesterol levels and overall health status.",0.15841584158415842,0.21597633136094674,0.004431271006658827,0.07920792079207921,17.5594322681427,"High cholesterol treatment typically involves lifestyle modifications like diet (low saturated fat, high fiber), regular exercise, and weight management. If these aren't sufficient, statin medications are often prescribed to lower LDL (""bad"") cholesterol. Other medications, such as ezetimibe, PCSK9 inhibitors, bile acid sequestrants, or fibrates, may be added depending on individual needs and cholesterol profile. Managing underlying conditions like diabetes and hypertension is also crucial. Regular monitoring of lipid levels is essential to assess treatment effectiveness. I am unable to provide specific medical advice; consult a healthcare provider for personalized recommendations.",0.17886178861788615,0.2266355140186916,0.015060498245211629,0.13008130081300814,29.293894290924072,0.831222653388977,0.8385848999023438,0.8632830381393433,0.8523504137992859
