focus_area,pmid,title,journal,year,abstract,url
Breast Cancer,42519690,Prevalence of preventive cancer screening in skin cancer survivors is greater compared to non-cancer individuals: a retrospective cross-sectional analysis.,International journal of women's dermatology,2026,"BACKGROUND: Although skin cancer survivors have an increased risk of future malignancies, many are unaware of this and may not undergo preventative screening.
OBJECTIVE: To evaluate skin cancer survivors' prevalence of breast, colorectal, cervical, and lung cancer screening.
METHODS: This is a retrospective cross-sectional analysis of The Behavioral Risk Factor Surveillance System database from 2017 to 2021 comparing skin cancer, other cancer, and non-cancer controls. Multivariate analysis compared screening rates, controlled for socioeconomic, chronic disease, and behavioral factors.
RESULTS: Compared to non-cancer controls, skin cancer survivors had higher odds of undergoing screening for breast (odds ratios [OR]: 1.35, 95% confidence interval [CI] 1.20-1.51), colorectal (OR 1.53, 95% CI 1.40-1.66), and cervical cancer (OR 1.32, 95% CI 1.12-1.56). Lung cancer screening rates were low and similar between skin cancer survivors and non-cancer individuals (OR 1.21, 95% CI 0.84-1.74). In a subset analysis of skin cancer survivors, those who had melanoma were less likely to be screened for breast and colorectal cancer.
LIMITATIONS: This study is based on anonymous, national survey data, relying on patient recall of their health information.
CONCLUSION: Skin cancer survivors undergo cancer screenings for breast, colorectal, and cervical cancer at higher rates compared to non-cancer controls. Melanoma survivors have lower rates of breast and colorectal screening compared to non-melanoma skin cancer survivors. Skin cancer survivors should be reminded of preventive cancer screening, particularly for lung cancer.",https://pubmed.ncbi.nlm.nih.gov/42519690/
Breast Cancer,42510784,The Tumor Multi-Omic Landscape of Endometrial Cancers Developed on a Background of Adiposity.,Genes,2026,"Background: High body mass index (BMI) is a causal risk factor for endometrial cancer, but the tumor molecular mechanisms affected by adiposity remain poorly understood. Here, we characterize the tumor multi-omic landscape of endometrial cancers that have developed on a background of lifelong germline genetic liability to elevated BMI. Methods: We built a polygenic score (PGS) for BMI in women using data on independent, genome-wide significant variants associated with adult BMI in 434,794 women. We performed germline (blood) genotype quality control and imputation on data from 354 endometrial cancer cases from The Cancer Genome Atlas (TCGA). We assigned each case in this TCGA cohort their genetically predicted BMI based on the BMI PGS. Multivariable generalized linear models adjusted for age, stage, microsatellite status and genetic principal components were used to test for associations between the BMI germline PGS and endometrial cancer tumor genome-wide genomic, transcriptomic, proteomic, epigenomic and immune traits in TCGA. Results: High BMI germline PGS was associated with (i) upregulated tumor gene expression in IL6-JAK-STAT3 signaling (FDR = 4.2 × 10-7) and in other immune/inflammatory pathways; (ii) increased estimated intra-tumor activated mast cell infiltration (FDR = 0.008); and (iii) increased single base substitution (SBS) mutational signature 1 (FDR = 0.03), implicating age-related mutagenesis. In contrast, BMI at diagnosis associated with elevated progesterone receptor expression and alterations in estrogen and androgen signaling. Conclusions: Thus, we integrated germline, somatic and clinical data to identify associations between genetically predicted lifelong liability to higher BMI and endometrial cancer tumor molecular features. These associations inform our understanding of how high BMI may influence the development of this cancer, shaping endometrial tumor biology differentially over the long term.",https://pubmed.ncbi.nlm.nih.gov/42510784/
Breast Cancer,42485356,Protein intake and injury outcomes among fallers in the Women's Health Initiative's Objective Physical Activity and Cardiovascular Health in Older Women Study.,PloS one,2026,"BACKGROUND: Falls among older adults are associated with increased morbidity, mortality, and healthcare costs; therefore, it is critical to assess modifiable risk factors. This study aimed to determine if low protein intake among older women was associated with injuries among fallers.
METHODS: The Women's Health Initiative ancillary studies, Live Long Study (LLS), Food Intake (FI), and Objective Physical Activity and Cardiovascular Health in Older Women study (OPACH) were combined for analyses (n = 6,580; n = 1,285 fallers). Protein intake was assessed by food frequency questionnaires at LLS/FI/OPACH baseline. Participants completed fall calendars for 13 months and self-reported injuries in interviews. Logistic regression determined odds ratios (OR) and 95% confidence intervals (CI) for risk of injurious falls and falls with fracture. Diabetes medication use had a significant interaction between protein density and fall with any injury; thus, models were stratified.
RESULTS: Of the participants who fell, 841 (65.4%) fell without injury, 444 (34.6%) fell with injury, and 70 (7.7%) fell with fracture. Lower protein density (<15% calories from protein) increased risk of fracture from falling (OR: 1.73; 95% CI: 1.02-2.92) compared to those with higher protein density (≥15% calories from protein). Among participants with diabetes medication use and lower protein density, the OR for any injury from falling was 5.54 (95% CI: 1.79-17.19) compared to those with higher protein density though based on a small subgroup.
CONCLUSION: Lower protein density increased risk of injurious falls. Dietary and medication screening may facilitate selection and tailoring for behavioral falls prevention to reduce injurious falls and fractures.",https://pubmed.ncbi.nlm.nih.gov/42485356/
Breast Cancer,42555149,"Co-Designing Culturally Tailored Bowel, Cervical and Breast Cancer Screening Interventions With Migrant Communities: Towards Closing the Migration-Related Cancer-Equity Gap in New South Wales, Australia.",Health expectations : an international journal of public participation in health care and health policy,2026,"BACKGROUND: Migrants in Australia experience persistent cancer-equity gaps, with later-stage diagnoses linked to low screening participation. This study aimed to co-design cancer screening interventions with migrant and refugee communities to promote equitable participation and reduce disparities in bowel, cervical and breast cancer screening in New South Wales, Australia.
METHODS: Using stratified convenience sampling, 90 first-generation Middle Eastern and Sub-Saharan African migrants across five NSW regions participated in 10 face-to-face nominal group technique sessions to elicit and rank intervention priorities.
RESULTS: Participants identified 24 priority actions for bowel cancer screening, 11 for breast, and eight for cervical cancer, grouped into intervention domains. Bowel cancer drew the broadest response, spanning cancer literacy, policy reform, community action, and monitoring and evaluation. Breast cancer priorities centred on literacy and policy, while cervical cancer input focused on literacy and behavioural confidence. Increasing cancer literacy, shifting behaviours and enacting supportive policy reform emerged as consistent priorities across all three cancers.
CONCLUSION: Improving migrant and refugee participation across all three screening programs requires culturally grounded interventions that build cancer literacy and leverage trusted networks including peers, community champions and frontline health workers. Settlement programs, community organisations and schools provide critical infrastructure for sustained screening education, while policy reforms including age threshold reductions, incentive mechanisms and improved access support are essential to achieving equitable outcomes.
PATIENT OR PUBLIC CONTRIBUTION: Migrants with lived experience, cancer caregivers and community champions played a central role in setting priorities and co-designing intervention options.",https://pubmed.ncbi.nlm.nih.gov/42555149/
Breast Cancer,42513228,"Breast Cancer: Epidemiology, Molecular Classification, Diagnostics and Evolving Treatment Paradigms.","Molecules (Basel, Switzerland)",2026,"Breast cancer remains one of the most prevalent malignancies affecting women worldwide and continues to be a leading cause of cancer-related morbidity and mortality. Patients may present with either localized or advanced disease, with clinical outcomes increasingly influenced by molecular subtype and genetic profile. This review highlights the key genetic factors involved in breast cancer, current diagnostic and therapeutic strategies, and promising emerging approaches that may shape future clinical management. Breast cancer diagnosis typically involves clinical breast examination, imaging techniques such as mammography and ultrasound, and confirmatory biopsies. Genetic mutations in specific genes are strongly linked to the development, progression, and metastasis of the disease. Treatment options for localized breast cancer continue to include surgery (lumpectomy or mastectomy) and radiotherapy, combined with systemic therapies tailored to tumor biology, such as endocrine therapy, human epidermal growth factor receptor 2 (HER2)-targeted therapy, and cyclin-dependent kinase (CDK)4/6 inhibitors. For advanced or metastatic breast cancer, recent therapeutic advances include the use of immunotherapy (e.g., immune checkpoint inhibitors), Poly (ADP-ribose) polymerase (PARP) inhibitors for Breast Cancer gene (BRCA)-mutated cancers, antibody-drug conjugates, and novel targeted agents, which have significantly improved patient outcomes in selected populations. Recent findings in breast cancer genetics have highlighted the critical role of germline and somatic mutations, particularly in genes such as BRCA1, BRCA2, phosphatidylinositol-4,5-bisphosphate 3-kinase catalytic subunit alpha (PIK3CA), and TP53, in driving tumor initiation, progression, and therapeutic response. Molecular profiling and next-generation sequencing technologies have enabled more precise tumor classification and facilitated the development of personalized treatment strategies. Despite these advances, treatment resistance and disease recurrence remain major challenges, particularly in aggressive subtypes such as triple-negative breast cancer. Consequently, ongoing research is exploring alternative and complementary approaches, including nanotechnology-based drug delivery systems, gene editing techniques such as clustered regularly interspaced short palindromic repeats-Cas9 (CRISPR-associated protein 9) (CRISPR-Cas9), cancer vaccines, and the integration of traditional and plant-derived compounds. These strategies aim to enhance therapeutic efficacy, reduce systemic toxicity, and overcome resistance mechanisms.",https://pubmed.ncbi.nlm.nih.gov/42513228/
Breast Cancer,42488779,An Overview of Emerging Trends in Targeted Therapy of Triple-Negative Breast Cancer.,International journal of breast cancer,2026,"Triple-negative breast cancer (TNBC) is a biologically diverse, highly aggressive class of breast cancer defined by the absence of estrogen, progesterone, and HER2 receptors. It accounts for approximately 10%-20% of all invasive breast cancers, and disproportionately affects women of younger ages and from minority groups. TNBC is distinguished by delayed diagnosis requiring special techniques, rapid metastatic progression, and limited treatment options compared with other breast cancers. Chemotherapy remains the mainstay but patients face higher relapse rates and overall survival is significantly reduced. TNBC represents a diverse array of subtypes, whose molecular differences impact their pathological behavior and response to therapy. Newer molecular markers in various stages of clinical and preclinical development show promise towards improving the management of TNBC patients. Membrane receptor proteins like trop2, nectin-4, LIV-1, gpNMB, CXCR4, DDR1, and PD-L1 have been targeted with antibody-drug complexes. Synthetic small molecules and antisense oligonucleotides have been employed for inhibition of internal cellular components like PARP enzyme and expression of genes related to cancer progression. The molecular makeup of the tumor microenvironment is also a significant factor in addressing TNBC metastasis. In conclusion, the stratification of TNBC patients on their molecular subtype needs to be more widely adopted, and a calculated combination of current and emerging strategies is needed to effectively address TNBC in the clinic.",https://pubmed.ncbi.nlm.nih.gov/42488779/
Prostate Cancer,42303580,Targeted Prostate Health Checks for prostate cancer in men at high risk: a feasibility pilot in primary and secondary care in North East London.,BJGP open,2026,"BACKGROUND: Prostate-specific antigen (PSA)-based prostate cancer (PCa) screening risks overdiagnosis and overtreatment. PCa disproportionately affects Black men, those with a family history (FH) of the disease, and BRCA1/2 gene variant carriers. Risk-adapted approaches are gaining interest but are underexplored.
AIM: To assess the feasibility of PSA-based Targeted Prostate Health Checks (TPHCs) for men at high PCa risk, compare invitation methods, and assess sociodemographic variations.
DESIGN & SETTING: Prospective feasibility cohort study in four primary care networks (PCNs) in North East London.
METHOD: Men aged 45-69 years from Black ethnic group, or with a positive PCa FH, were identified via primary care records and invited by the PCN to one of two TPHCs: (i) telephone-first (phone consultation followed by hospital-based PSA testing); or (ii) test-first (community-based PSA testing followed by phone consultation). Elevated PSA prompted multiparametric magnetic resonance imaging (mpMRI), and prostate biopsy if malignancy was suspected.
RESULTS: Of 2400 invitees, 398 (16.6%) attended. Attendance was higher with the test-first than telephone-first TPHC (22.9% versus 11.2%, P<0.001). Only 51.4% of participants met eligibility criteria owing to inaccurate FH coding, although men who did not meet the eligibility criteria were offered PSA tests. Black men had lower prior PSA testing (55.7% versus 82.5%) and higher deprivation than White men. Elevated PSA occurred in 6.0% of participants (n = 22), with five PCa diagnoses (1.4%).
CONCLUSION: Identification of men at high PCa risk is feasible using age and ethnicity primary care data, but FH coding is unreliable. Test-first invitations improved engagement. Disparities affecting Black men highlight the need for tailored outreach, and better coding of risk factors will facilitate risk-adapted screening.",https://pubmed.ncbi.nlm.nih.gov/42303580/
Prostate Cancer,42145622,Germline polygenic score for prostate cancer aggressiveness.,medRxiv : the preprint server for health sciences,2026,"BACKGROUND: Risk stratification for prostate cancer (PCa) progression or aggressiveness is often based on clinicopathologic features, some of which may be influenced by genetic factors. We developed a novel, germline polygenic risk score (PRSagg) to predict likelihood of developing aggressive PCa.
METHODS: PRSagg was developed using data from 38,688 patients with PCa (case-only analysis) from the Million Veteran Program (MVP) through a genome-wide search for variants associated with PCa grade group at diagnosis. We tested associations of PRSagg with grade group using the entire MVP dataset using the .632 bootstrap method. In an MVP cohort with localized PCa that was initially monitored without treatment, we tested PRSagg for association with unfavorable outcomes (subsequent development of grade group 4-5, metastasis, and/or biochemical recurrence after definitive treatment). We performed external validation in data from patients in the PRACTICAL Consortium (n=45,214) and from participants in the ProtecT randomized trial who underwent active monitoring (n=316). Odds ratios (ORs) were calculated per standard deviation (SD) increase with 95% confidence intervals, while adjusting for age, genetic ancestry, a previously developed polygenic score for risk of PCa (PHS601), and a polygenic score for benign elevated prostate-specific antigen (PRSPSA). For the outcome of metastasis, we additionally adjusted for PSA at diagnosis.
RESULTS: In the MVP training dataset, PRSagg (172 variants) was associated with higher grade group at diagnosis (OR = 1.53 [1.51-1.56]) and with increased risk of unfavorable outcomes during monitoring (OR = 1.13 [1.09-1.18]). These findings were confirmed in the external datasets. PRSagg was associated with greater odds of higher grade group at diagnosis (OR = 1.09 [1.061.11]). Among ProtecT participants undergoing active monitoring, PRSagg was associated with higher risk of metastasis (OR = 2.15 [1.02-3.88]). Among MVP participants with high polygenic risk of developing any PCa, the risk of aggressive disease was highest in men with high PRSagg and low genetic risk of PSA elevation.
CONCLUSIONS: Among men who develop PCa, a weighted sum of common germline variants (PRSagg) is independently associated with PCa aggressiveness. These findings may inform future study of germline influence on tumor evolution and risk-stratified intensity of active surveillance.",https://pubmed.ncbi.nlm.nih.gov/42145622/
Prostate Cancer,41864782,Estimating the Effect of Finasteride on Kallikrein Marker Levels in Blood and the Use of Converted Markers in the Four-Kallikrein Model.,European urology focus,2026,"BACKGROUND AND OBJECTIVE: Although the effects of 5-α-reductase inhibitors (5-ARIs) on prostate-specific antigen (PSA) have been well-studied, the effects on other kallikrein markers have not been firmly established. Accordingly, a statistical model based on blood measurements of four kallikreins-known commercially as the ""4Kscore""-cannot be used for men taking 5-ARIs. We investigated how finasteride affects kallikrein markers and whether suitably adjusted marker levels could be used in the four-kallikrein model to accurately predict the prostate biopsy results.
METHODS: We analyzed 500 participants from the Prostate Cancer Prevention Trial (PCPT) with PSA ≤3 ng/ml before finasteride and who had marker measurements after 1 yr on finasteride. Conversion factors were generated from this cohort to estimate prefinasteride marker levels in a separate PCPT cohort of 459 men on finasteride biopsied for cause. Adjusted marker levels were entered into the prespecified 4K model and performance characteristics assessed for predicting high-grade prostate cancer on biopsy.
KEY FINDINGS AND LIMITATIONS: Finasteride use halved total PSA (β 0.51, 95% confidence interval 0.49, 0.54). human kallikrein 2 was also halved (β 0.50); free PSA and intact PSA were slightly more than halved (β 0.44 for both). Predictions from the 4K model using adjusted markers improved discrimination over adjusted total PSA alone (AUC 0.734 vs 0.595; p < 0.001). While this cohort underwent only sextant biopsy, the ProtecT model, created on 10-12 core biopsies was still well-calibrated at clinically important thresholds. In decision-curve analysis, the 4K model had the highest net benefit for risk thresholds of ≥7%.
CONCLUSIONS AND CLINICAL IMPLICATIONS: The 4K model can be used to inform prostate biopsy decision-making in men taking 5-ARIs for at least 3 mo by incorporating adjusted kallikrein levels into the scoring algorithm.",https://pubmed.ncbi.nlm.nih.gov/41864782/
Prostate Cancer,42565339,Clinical and economic outcomes of cabazitaxel versus Lu-PSMA in mCRPC: a US perspective.,Journal of medical economics,2026,"BACKGROUND: The TheraP trial compared cabazitaxel to Lutetium-177-labeled PSMA-617 (Lu-PSMA) in metastatic castration-resistant prostate cancer (mCRPC) following docetaxel and an androgen receptor pathway inhibitor (ARPI). Lu-PSMA demonstrated improved PSA response (66% vs 37%; p < 0.0001) and progression-free survival (HR = 0.63; p = 0.0028), while overall survival (OS; median 16.4 vs. 19.4 months) and rates of Grade 3 (0.88 vs. 0.96 events/patient) and Grade 4 adverse events (AE; 0.11 vs. 0.08 events/patient) were comparable. The comparative economic implications of these two therapies in the United States (US) remain uncertain.
METHODS: A cost-consequence Excel model was developed from the US Medicare perspective to evaluate the direct cost outcomes for mCRPC patients receiving cabazitaxel or Lu-PSMA. Inputs were derived from TheraP, supplemented by literature and clinical expert validation. Costs included PSMA testing, drug acquisition and administration, supportive care, AE management, and end-of-life care. Outcomes (derived from TheraP inputs) included OS, progression-free survival (PFS), PSA-PFS, and radiographic-PFS (rPFS). An 18-month time horizon aligned with clinical follow-up. Costs were reported in 2025 USD.
RESULTS: At 18 months in the modeled cohort of 100 patients, cabazitaxel was associated with nine additional modeled survivors; this should be interpreted cautiously, as TheraP reported no statistically significant difference in OS between cabazitaxel and Lu-PSMA. In contrast, Lu-PSMA demonstrated improved PFS outcomes in the modeled cohort, with eight more patients remaining progression-free and 15 more radiographic progression-free. From the Medicare perspective, cabazitaxel was associated with a per-patient cost of $107,729, versus $303,338 per patient for Lu-PSMA (-$195,608). Cost differences were driven primarily by lower drug acquisition costs for cabazitaxel.
CONCLUSIONS: Cabazitaxel provides a clinically validated and economically favorable treatment option post-docetaxel and ARPI, providing substantial cost savings across payer scenarios with no observed difference in OS. Lu-PSMA offers improved PSA-based outcomes and progression-related endpoints at higher treatment costs. These findings support clinical-economic trade-off considerations when sequencing therapies for mCRPC.",https://pubmed.ncbi.nlm.nih.gov/42565339/
Prostate Cancer,42474812,"Robot-assisted radical prostatectomy for high-risk and locally advanced prostate cancer: a bibliometric and evidence-mapping analysis of oncologic safety, functional outcomes, lymph-node management, and multimodal treatment.",Journal of robotic surgery,2026,"Robot-assisted radical prostatectomy (RARP) has become an increasingly discussed surgical option for patients with high-risk or locally advanced prostate cancer. Nevertheless, how publications, knowledge structures, and research priorities have developed in this area remains insufficiently clarified. This study aimed to characterize the bibliometric profile and clinically oriented evidence domains of RARP for this patient population, with emphasis on oncologic safety, functional outcomes, lymph-node management, and multimodal treatment. Publications were retrieved from the Web of Science Core Collection. Eligible records included English-language original articles and reviews with official publication years up to 2025. After database filtering and manual screening, 643 records were retained, including 596 original articles and 47 review articles. Bibliometric assessment, data processing, and graphical visualization were performed using R, Bibliometrix, VOSviewer, CiteSpace, and Scimago Graphica. We analyzed publication trajectories, geographic and institutional contributions, author activity, journal distribution, citation links, reference co-citation patterns, keyword networks, thematic clusters, burst keywords, and longitudinal topic changes. Scientific output increased progressively from 2003 to 2025, with publication activity becoming more pronounced in the most recent period. In terms of national contribution, the United States showed the strongest overall performance in both publication output and citation impact, whereas Italy, the Netherlands, Japan, China, and several other countries also made substantial contributions. At the institutional level, the Netherlands Cancer Institute, Vita-Salute San Raffaele University, and the University of Verona represented major contributors. BJU International, European Urology, World Journal of Urology, Journal of Endourology, and Journal of Robotic Surgery were identified as key journals for disseminating research in this area. Keyword and co-citation findings indicated a gradual transition from early surgical experience, learning-curve assessment, and technical feasibility toward research on oncologic outcomes, lymph-node management, functional recovery, and multimodal treatment, alongside increasing attention to magnetic resonance imaging, pathological grading, and predictive factors. Research activity concerning robot-assisted radical prostatectomy for high-risk and locally advanced prostate cancer has expanded consistently over the past 20 years and has progressively shifted toward an integrated clinical research framework centered on oncologic safety, functional outcomes, lymph-node management, and multimodal treatment. Diagnostic and risk-assessment themes have increasingly supported patient selection, staging, and treatment planning within this framework. Future investigations incorporating harmonized definitions, longer follow-up, prospective multicenter designs, and consistent reporting of oncologic, functional, nodal, and treatment-sequencing outcomes are needed to define more precisely the clinical role of RARP in this patient population.",https://pubmed.ncbi.nlm.nih.gov/42474812/
Prostate Cancer,42455608,Focal Therapy for Prostate Cancer: A Treatment Option Reserved for the Ideal Candi-date?,International braz j urol : official journal of the Brazilian Society of Urology,2026,"OBJECTIVES: To evaluate outcomes of FT (HIFU or cryotherapy) in prostate cancer (PCa) patients who do not meet the ideal focal therapy candidate profile, assessing whether expanding selection criteria beyond traditional parameters is safe.
MATERIALS AND METHODS: A retrospective analysis was performed on 282 patients treated with FT for ISUP 1 and 2 PCa at a single European center (2009-2020). Patients were categorized into three groups: G1 (ideal candidates: single lesion ≤12mm, favorable biopsy features), G2 (ISUP 1 with minor deviations), and G3 (ISUP 2 with multiple lesions, larger tumor size, or positive cores outside the target zone). A secondary exploratory analysis compared ISUP 2 patients fully meeting criteria versus those with one deviating feature. Multivariable regression with propensity score matching was applied.
RESULTS: Overall recurrence occurred in 187 patients (66%): 77% in G1, 60% in G2, and 77% in G3. No significant differences were observed between G1 and G3 regarding infield recurrence-free survival, clinically significant infield recurrence-free survival, or outfield recurrence-free survival (all p>0.05). In the secondary analysis, lesion size ≥12mm was the only feature associated with worse infield recurrence-free survival (p=0.04) and clinically significant infield recurrence-free survival (p=0.001). Multivariate Cox regression confirmed lesion size as an independent predictor (HR: 1.21; 95% CI: 1.05-1.40; p=0.01).
CONCLUSIONS: Expanding FT selection criteria to include selected ISUP 2 patients with features outside traditional parameters appears safe. These preliminary findings highlight the need for multicenter studies to validate these results.",https://pubmed.ncbi.nlm.nih.gov/42455608/
Stroke,39391978,Symptomatic Nonstenotic Carotids: A Topical Review.,Stroke,2024,"Historically, the management of carotid artery disease has primarily focused on the degree of stenosis as the main indicator for assessing stroke etiology, risk, and need for intervention. However, accumulating evidence suggests that structural and biological features within the arterial wall, such as intraplaque hemorrhage, may have superior diagnostic, prognostic, and therapeutic values. Under current guidelines, unless an atheroma results in ≥50% stenosis, it is not considered the cause of a cerebrovascular event. This results in extensive and often unproductive diagnostic workup, prescription of ineffective medical therapy, and preclusion of patients from receiving revascularization procedures that have been shown to prevent recurrent cerebrovascular events in cases of ≥50% stenosis. A subset of embolic strokes of undetermined source, which account for up to 25% of all ischemic cerebrovascular events, are thought to be due to thromboembolic phenomena from undiagnosed plaque disruptions in nonstenotic arteries (<50% stenosis). Recently, it has been proposed to reclassify this subgroup of patients as symptomatic nonstenotic carotid if the carotid plaque ipsilateral to the cerebrovascular event presents with high-risk features including intraplaque hemorrhage, lipid-rich necrotic core, thinning/rupture of the fibrous cap, and ulceration. In this review, we first provide a historical overview of the chain of events and circumstances that resulted in the present management of carotid artery disease. Second, we embed the contemporary biomarkers of plaque vulnerability in a modern mechanistic paradigm of carotid plaque disruption and thromboembolization. Third, we review the clinically available imaging tools to detect these biomarkers, and how their use has started to shed light on the prevalence and natural history of this underdiagnosed condition. Fourth, we review recent clinical studies employing a contemporary definition of symptomatic nonstenotic carotid and discuss targeted treatments for this condition. Finally, we make a case to generate the much-needed high-level evidence to align the clinical management of patients with symptomatic nonstenotic carotid with a contemporary understanding of plaque disruption and thromboembolization.",https://pubmed.ncbi.nlm.nih.gov/39391978/
Stroke,37335828,Defining Strategies of Modulation of Antiplatelet Therapy in Patients With Coronary Artery Disease: A Consensus Document from the Academic Research Consortium.,Circulation,2023,"Antiplatelet therapy is the mainstay of pharmacologic treatment to prevent thrombotic or ischemic events in patients with coronary artery disease treated with percutaneous coronary intervention and those treated medically for an acute coronary syndrome. The use of antiplatelet therapy comes at the expense of an increased risk of bleeding complications. Defining the optimal intensity of platelet inhibition according to the clinical presentation of atherosclerotic cardiovascular disease and individual patient factors is a clinical challenge. Modulation of antiplatelet therapy is a medical action that is frequently performed to balance the risk of thrombotic or ischemic events and the risk of bleeding. This aim may be achieved by reducing (ie, de-escalation) or increasing (ie, escalation) the intensity of platelet inhibition by changing the type, dose, or number of antiplatelet drugs. Because de-escalation or escalation can be achieved in different ways, with a number of emerging approaches, confusion arises with terminologies that are often used interchangeably. To address this issue, this Academic Research Consortium collaboration provides an overview and definitions of different strategies of antiplatelet therapy modulation for patients with coronary artery disease, including but not limited to those undergoing percutaneous coronary intervention, and consensus statements on standardized definitions.",https://pubmed.ncbi.nlm.nih.gov/37335828/
Stroke,36653525,Implications of Post-recanalization Perfusion Deficit After Acute Ischemic Stroke: a Scoping Review of Clinical and Preclinical Imaging Studies.,Translational stroke research,2024,"The goal of reperfusion therapy for acute ischemic stroke (AIS) is to restore cerebral blood flow through recanalization of the occluded vessel. Unfortunately, successful recanalization does not always result in favorable clinical outcome. Post-recanalization perfusion deficits (PRPDs), constituted by cerebral hypo- or hyperperfusion, may contribute to lagging patient recovery rates, but its clinical significance remains unclear. This scoping review provides an overview of clinical and preclinical findings on post-ischemic reperfusion, aiming to elucidate the pattern and consequences of PRPD from a translational perspective. The MEDLINE database was searched for quantitative clinical and preclinical studies of AIS reporting PRPD based on cerebral circulation parameters acquired by translational tomographic imaging methods. PRPD and stroke outcome were mapped on a charting table, creating an overview of PRPD after AIS. Twenty-two clinical and twenty-two preclinical studies were included. Post-recanalization hypoperfusion is rarely reported in clinical studies (4/22) but unequivocally associated with detrimental outcome. Post-recanalization hyperperfusion is more commonly reported (18/22 clinical studies) and may be associated with positive or negative outcome. PRPD has been replicated in animal studies, offering mechanistic insights into causes and consequences of PRPD and allowing delineation of possible courses of PRPD. Complex relationships exist between PRPD and stroke outcome. Diversity in methods and lack of standardized definitions in reperfusion studies complicate the characterization of reperfusion patterns. Recommendations are made to advance the understanding of PRPD mechanisms and to further disentangle the relation between PRPD and disease outcome.",https://pubmed.ncbi.nlm.nih.gov/36653525/
Stroke,41835077,Machine learning-based risk of pulmonary embolism in stroke patients with lower extremity deep vein thrombosis construction and validation of a prediction model.,Frontiers in neurology,2026,"BACKGROUND: Up to 42% of stroke patients are susceptible to lower extremity deep vein thrombosis (DVT). The dislodgment of thrombus in deep veins of stroke patients can develop into fatal pulmonary embolism (PE), which has insidious onset and high mortality rate, and the risk factors of PE in stroke DVT are not yet known by clinical staff, which makes it easy to be underdiagnosed and misdiagnosed. In addition, routine CT pulmonary angiography (CTPA) cannot be performed for screening. In this study, machine learning technology was utilized to establish a fast and accurate screening model for pulmonary embolism in patients with lower extremity deep vein thrombosis in stroke.
METHODS: In this study, all patients admitted with stroke who developed lower extremity deep vein thrombosis from January 2019 to April 2024 were selected for retrospective study. Patient demographic information, medical history and comorbidities, clinical signs, laboratory indices, hospitalization, and medication were included in the analysis. LASSO regression was utilized for feature dimensionality reduction screening, models were constructed using five machine learning algorithms, and internal validation was completed. Oversampling was performed using the SMOTE algorithm as a way to address the problem of unbalanced sample proportions. Hierarchical k-fold, class weights, random search techniques, and self-stepping policy tuning were used to prevent overfitting and model optimization. Feature attributes were expressed numerically using SHAP.
RESULTS: A total of 337 patients were enrolled in this study, of which, 24 patients developed pulmonary embolism. A total of 11 predictor variables were screened by LASSO regression to construct the model. Among the five machine learning models, the Random Forest Classifier (RFC) model exhibited the best performance, with its area under the curve (AUC) = 0.77, accuracy = 0.721, sensitivity = 0.918, precision = 0.750, and F1 score = 0.826, PR-AUC = 0.895, Brier score = 0.172.all of which were higher than those of the other models. The rankings of the SHAP features, from highest to lowest, were oxygen partial pressure, history of hypertension, D-dimer, serum creatinine, severe lung disease, time in bed ≥72 h, stroke type, heart failure, use of acid-producing drugs, chest pain, and dyspnea.
CONCLUSION: In this study, five machine learning models were established to assess the likelihood of pulmonary embolism in stroke patients with lower extremity deep vein thrombosis, among which the RFC model performed the best. We can promptly recognize and assess patients at risk of PE based on their SHAP, take early preventive and therapeutic measures, and improve the prognosis of patients.",https://pubmed.ncbi.nlm.nih.gov/41835077/
Stroke,41437317,Biomarkers for diagnosis of acute ischemic stroke and prediction of post-stroke cognitive impairment: miR-93-3p.,Biomarkers in medicine,2025,"AIMS: This study aims to validate the potential of miR-93-3p, which is aberrantly expressed in acute ischemic stroke (AIS) patients, as a key biomarker for diagnosing AIS and predicting subsequent cognitive impairment.
MATERIALS & METHODS: The level of miR-93-3p was measured using quantitative real-time polymerase chain reaction (qRT-PCR). Receiver operating characteristic (ROC) curves were employed to assess the diagnostic value of miR-93-3p in AIS patients and its predictive value for post-stroke cognitive impairment (PSCI) risk after AIS. Additionally, SH-SY5Y cells subjected to oxygen-glucose deprivation (OGD) were used to explore how miR-93-3p regulates cell viability, inflammation, and oxidative stress. The target genes of miR-93-3p were predicted by integrating the TarBase, TargetScan, and miRDB databases, followed by GO and KEGG pathway enrichment analysis of the candidate genes.
RESULTS: miR-93-3p levels were higher in AIS patients, with a more pronounced increase in those with PSCI (p < 0.001). ROC curve analysis confirmed that miR-93-3p has strong diagnostic value for differentiating AIS patients from healthy controls. Moreover, miR-93-3p levels can independently predict PSCI occurrence. The levels of C-reactive protein and homocysteine were positively correlated with the level of miR-93-3p. In miR-93-3p-silenced SH-SY5Y cells, OGD-induced cell damage were reversed. The secretion of inflammatory factors and malondialdehyde (MDA) was reduced, while the intracellular levels of superoxide dismutase (SOD) and glutathione peroxidase (GSH-PX) were increased. The predicted targets of miR-93-3p were significantly enriched in key pathways implicated in stroke pathophysiology, including ubiquitin-mediated proteolysis, cellular response to decreased oxygen levels, and the Notch signaling pathway.
CONCLUSIONS: In conclusion, miR-93-3p may serve as a biomarker for AIS diagnosis and PSCI prediction.",https://pubmed.ncbi.nlm.nih.gov/41437317/
Stroke,40947918,Evaluation of Sex-Based Differences in the Prescription of the Combination of Evidence-Based Medicine After the Occurrence of an Acute ST-Elevation Myocardial Infarction.,Clinical cardiology,2025,"AIM: To evaluate sex-based differences in the prescription of the combination of evidence-based medicine (cEBM) at discharge after an acute ST-elevation myocardial infarction (STEMI). Secondly, we analysed risk factors for the absence of cEBM after discharge, and examined sex differences in adverse events.
METHODS: This retrospective cohort study compared women to men who were admitted with an acute STEMI at Haga Teaching Hospital between January 2017 and June 2023. The primary outcome was cEBM, defined as an active prescription of the combination of acetylsalicylic acid, P2Y12-inhibitor, ACEi/ARB, beta-blocker, and statin/ezetimibe on the day after discharge.
RESULTS: Among 1467 patients (27% women), women were older than men (74 years vs. 65 years, p < 0.001). cEBM was less often prescribed to women than men (66.0% vs. 72.8%, p = 0.013), primarily due to ACEi/ARB (82.1% vs. 87.7%, p = 0.007) and statins (90.2% vs. 95.2%, p = 0.001). In a multivariable logistic regression analysis, female sex was not associated with the absence of cEBM (Odds Ratio (OR) = 1.01, 95% confidence interval [95% CI]: 0.73-1.39). Other confounders such as increasing age, decreasing haemoglobin, and oral anticoagulants were correlated with the absence of cEBM.
CONCLUSIONS: A smaller proportion of women were prescribed cEBM post-STEMI compared to men. However, this difference disappeared when controlled for other confounders. Also, women remained to have a higher chance for a stroke or death at 6 months post-discharge. These findings highlight the need for further research into sex disparities and their underlying confounders in the field of evidence-based medicine after an acute STEMI.",https://pubmed.ncbi.nlm.nih.gov/40947918/
Stroke,42348316,Fulminant Thrombotic Thrombocytopenic Purpura presenting through the FAST Stroke Pathway.,Irish medical journal,2026,"PRESENTATION: A previously healthy woman in her mid-40s of African ancestry presented with sudden-onset left-sided weakness, aphasia, and collapse. On arrival, she was disoriented with a fluctuating GCS of 9-11. Neurological assessment revealed speech impairment and limb weakness.
DIAGNOSIS: CT brain showed multifocal parietal and cerebellar infarctions. Laboratory tests revealed severe thrombocytopenia (20 × 10³/mm³), anaemia (Hb 9 g/dL), elevated creatinine (180 μmol/L), and high troponins (1139 ng/L). Peripheral smear confirmed red cell fragmentation, and ADAMTS13 activity was <10%, confirming fulminant Thrombotic Thrombocytopenic Purpura (TTP).
TREATMENT: Thrombolysis was contraindicated due to profound thrombocytopenia, and intensive supportive care was initiated, including vasopressors, transfusions, and planned plasma exchange. Despite aggressive management, she developed hemodynamic collapse and died within 24 hours.
DISCUSSION: This case highlights fulminant TTP mimicking acute stroke, emphasizing the importance of early recognition in patients with severe thrombocytopenia. Prompt multidisciplinary intervention and TTP-specific therapy are essential to improve survival outcomes.",https://pubmed.ncbi.nlm.nih.gov/42348316/
Skin Cancer,39651613,Germline mutations predisposing to melanoma and associated malignancies and syndromes: a narrative review.,International journal of dermatology,2025,"The pathogenesis of melanoma is influenced by a complex combination of environmental factors and individual genetic susceptibility. Familial melanoma refers to cases where there are two first-degree relatives with a melanoma diagnosis. Less strict definitions include second-degree relatives or even three or more of any degree from the same family, although this is not clearly defined in the literature. The term hereditary melanoma is reserved for sporadic or familial melanomas linked to high-risk genes with high penetrance. The first genes related to melanoma were CDKN2A and CDK4, but recently, other genes, mostly tumor suppressor genes, have been described. Internal malignancies, particularly pancreatic cancer, have also been associated with melanoma. Recent studies suggest that there could be a link between melanoma and other neoplasms and tumor predisposition syndromes. This review presents an updated overview of familial melanoma criteria and genes involved in melanoma pathogenesis, emphasizing their clinicopathological aspects and other associated malignancies.",https://pubmed.ncbi.nlm.nih.gov/39651613/
Skin Cancer,33380866,Cancer-related lymphedema: clinical pearls for providers.,"Current oncology (Toronto, Ont.)",2020,"Lymphedema is a chronic inflammatory condition that results from damage to the lymphatic system. Lymphedema is classified as either primary or secondary, the former being caused by a malformation of lymph vessels or nodes, and the latter resulting from trauma, chronic lymphatic system overload, or the sequelae of cancer treatments. In the present article, we focus on secondary cancer-related lymphedema (crl), a potential survivorship treatment-related effect. Treatments for breast, gynecologic, prostate, and head-and-neck cancers, and melanoma and other skin cancers are most frequently associated with crl. The incidence of crl varies widely based on cancer location and treatment modalities, with estimates ranging from 5% to 83% in various cancers. Given the lack of a universal definition and diagnostic criteria, the prevalence of crl is difficult to ascertain; current estimates suggest that more than 300,000 Canadians are affected by crl. Here, we present an overview of crl, divided into 5 subtopics: lymphedema risk factors; early identification and intervention; diagnosis and staging; management, with emphasis on the volume reduction and maintenance phases, plus patient support and education; and clinical pearls to help providers integrate knowledge about crl into their practice.",https://pubmed.ncbi.nlm.nih.gov/33380866/
Skin Cancer,22710676,Occupational cancer burden in Great Britain.,British journal of cancer,2012,"A sound knowledge base is required to target resources to reduce workplace exposure to carcinogens. This project aimed to provide an objective estimate of the burden of cancer in Britain due to occupation. This volume presents extensive analyses for all carcinogens and occupational circumstances defined as definite or probable human occupational carcinogens by the International Agency for Research on Cancer. This article outlines the structure of the supplement - two methodological papers (statistical approach and exposure assessment), eight papers presenting the cancer-specific results grouped by broad anatomical site, a paper giving industry sector results and one discussing work-related cancer-prevention strategies. A brief summary of the methods and an overview of the updated overall results are given in this introductory paper. A general discussion of the overall strengths and limitations of the study is also presented. Overall, 8010 (5.3%) total cancer deaths in Britain and 13,598 cancer registrations were attributable to occupation in 2005 and 2004, respectively. The importance of cancer sites such as mesothelioma, sinonasal, lung, nasopharynx, breast, non-melanoma skin cancer, bladder, oesophagus, soft tissue sarcoma and stomach cancers are highlighted, as are carcinogens such as asbestos, mineral oils, solar radiation, silica, diesel engine exhaust, coal tars and pitches, dioxins, environmental tobacco smoke, radon, tetrachloroethylene, arsenic and strong inorganic mists, as well as occupational circumstances such as shift work and occupation as a painter or welder. The methods developed for this project are being adapted by other countries and extended to include social and economic impact evaluation.",https://pubmed.ncbi.nlm.nih.gov/22710676/
Skin Cancer,41964798,Genetic Markers of Tumor Multiplicity in Non-melanoma Skin Cancer: Associations of 19 SNPs in an Italian Cohort.,Dermatology and therapy,2026,"INTRODUCTION: Ultraviolet exposure is the main environmental risk factor for non-melanoma skin cancers (NMSCs), but genetic susceptibility also contributes to variability in disease burden among individuals.
METHODS: This study analyzed selected single-nucleotide polymorphisms (SNPs) in genes related to vitamin D and nicotinamide adenine dinucleotide metabolism, DNA repair, inflammation, and pigmentation as potential biomarkers for NMSC risk in an Italian cohort. Participants were stratified into low- and high-risk groups on the basis of tumor burden.
RESULTS: No significant differences were observed in demographic or phenotypic factors between the groups; however, chronic sun exposure was associated with an increased risk. A total of 19 SNPs showed significant associations with NMSC multiplicity. Most of these SNPs were noncoding variants that likely influence gene expression or transcript stability. Specific variants in the NNMT, NFKBIA, ERCC6, XPA, LIG1, LIG3, and ZNF365 genes were more prevalent in individuals at high risk. Literature-based functional data indicate that the identified NFKBIA and ERCC6 SNPs are particularly relevant to NMSC risk, as NFKBIA variants may promote inflammation, and the ERCC6 variant can impair DNA repair.
CONCLUSIONS: These results underscore the significance of regulatory genetic variation in NMSC susceptibility. The identified SNPs could represent useful biomarkers for genetic risk stratification and support the development of personalized prevention strategies based on genetic profiles.
TRIAL REGISTRATION: Protocol no.: 518-2/19-12-2019.",https://pubmed.ncbi.nlm.nih.gov/41964798/
Skin Cancer,41925115,Evaluating Sun Safety Practices and Skin Cancer Awareness in Nunavik Inuit Communities: A Cross-Sectional Analysis.,Journal of cutaneous medicine and surgery,2026,"BACKGROUND: Episodic sun exposures/sunburns are critical risk factors for cutaneous melanoma (CM) and basal cell carcinoma. Inuit communities in Canada represent an important emerging population at risk for skin cancers as they face specific, high latitude ultraviolet (UV) exposure risks due to geographic factors and climate change, yet little is known about their sun- protective behaviors and CM risk perceptions.
OBJECTIVES: We aimed to evaluate sun protection and skin cancer awareness in Inuit communities of Nunavik.
METHODS: A cross-sectional survey was conducted in 4 Nunavik communities during summer 2024. Participants aged ≥16 self-identified as Inuit and those who completed the Sun Exposure and Behavior Inventory were included. Demographic data, UV exposure, sun protection habits, and skin cancer concerns were analyzed using descriptive statistics and logistic regression.
RESULTS: Among 541 Inuit participants (mean age 39.9 years; 63.4% female), use of sunscreen (19.5% of respondents), hats (31.5%), and shade (28.7%) was low. Sunglasses (56.3%) and long sleeves (62.1%) were the most common protective measures. Nearly half (48.1%) reported checking their skin for moles, while 40% or more were unsure whether CM could be fatal or preventable. Males and individuals with less education reported lower awareness and fewer protective behaviors.
CONCLUSIONS: Inuit communities in Nunavik demonstrate relatively low engagement with sun-protective practices and limited skin cancer awareness despite increasing UV exposure. Targeted, culturally appropriate health education initiatives are needed to support skin cancer prevention in this region.",https://pubmed.ncbi.nlm.nih.gov/41925115/
Skin Cancer,41764623,"Approaches in Skin Cancer Management: Treatment, Early Detection, and Patient-Centric Therapies.",Current pharmaceutical design,2026,"Skin cancer is the most common cancer globally, and BCCs and CSCCs do comprise most of the non-melanoma skin cancer. The review summarises new epidemiological evidence (2020-2025), indicating the dynamics in global incidence, long-term WHO forecasts to 2050 and the interaction of genes and the environment as risk factors. Pathophysiological understanding highlights molecular modulations, escape from immune attack and the effects of chronic ultraviolet exposure on the development of tumours. The causes and mechanisms of action section has been reorganised and includes detailed mechanistic descriptions of current treatment modalities, such as surgery, radiotherapy, chemotherapy, immunotherapy, and targeted therapy, with examples of clinical applications. Particular emphasis is laid on the clinical treatment of BCC and CSCC in the older adult population, with references to the latest international guidelines and consideration of psychological and social support in treating patients. The new treatment methods emerging, like nanocarrier, photodynamic therapy, and personalised medicine, are addressed with the recent data on their application and future outlook. Under the new section of prevention and patient education, there is an outline of community awareness programs, campaigns aimed at reducing the burden of the sun, early detection, and evidence-based approaches to reduce the disease burden. Other approaches in technical methods are also reviewed to determine their translational opportunities, comprising hyaluronic acid delivery methods, ultrasonic-assisted nanoparticle penetration, and microneedle technology. Current publications have been used massively, and they constitute more than 50 percent of the provided circulatory content, with publications from the last five years, which adds to their clinical nature and timeliness. Bringing together current epidemiology, new treatment approaches, and patient-focused prevention, this review presents a complete evidence-based source to assist clinicians, researchers, and public health staff in managing the emerging era of skin cancer treatment.",https://pubmed.ncbi.nlm.nih.gov/41764623/
Skin Cancer,42564088,Real-world treatment patterns in stage III and IV melanoma patients: insights from a global multi-center chart review study.,Frontiers in immunology,2026,"INTRODUCTION: Anti-PD-1 immune checkpoint inhibitors have substantially changed melanoma management in both the adjuvant and advanced settings. This study aimed to estimate the percentage of stage III and IV melanoma patients exposed to different therapies and describe treatment patterns among anti-PD-1-treated patients.
METHODS: We performed a retrospective chart review across 22 centers in Australia, France, Germany, South Korea, the United Kingdom, and the United States. Two patient populations were analyzed: (1) an aggregate cohort with stage III/IV melanoma (2018-2021), and (2) patients who received anti-PD-1 therapy in adjuvant or advanced settings from January 2018-12 months before data collection. Treatment patterns were evaluated.
RESULTS: In the aggregate cohort (N = 16,260), observation/watchful waiting predominated in stage III patients (56.8%) in the adjuvant setting, whereas systemic therapy was most common for stage IV disease in the advanced setting. In the anti-PD-1 cohort (N = 738), anti-PD-1 monotherapy predominated in the adjuvant setting (97.5%), while both anti-PD-1 monotherapy (63.1%) and anti-PD-1 plus anti-CTLA-4 (36.9%) were commonly used in the advanced setting. Across successive lines of therapy, anti-PD-1-based regimens remained frequently used despite substantial attrition between treatment lines. Disease progression was the leading cause of treatment discontinuation in advanced disease.
DISCUSSION: This real-world study highlights the central role of anti-PD-1 therapy across disease stages. Anti-PD-1 retreatment and reuse of anti-PD-1-based regimens were frequently observed across treatment lines, highlighting the limited availability of established post-anti-PD-1 treatment options. Novel strategies are urgently needed for patients progressing after anti-PD-1 therapy.",https://pubmed.ncbi.nlm.nih.gov/42564088/
Alzheimer's Disease,29351091,"Circadian Rhythms Disturbances in Alzheimer Disease: Current Concepts, Diagnosis, and Management.",Alzheimer disease and associated disorders,2018,"The purpose of this review is to provide an overview of the research regarding circadian rhythms in Alzheimer disease (AD). Furthermore, this paper explores the role of melatonin in the pathogenesis of AD and the limitation of trials addressing circadian rhythms disturbances in the AD population. A literature search using Medline with PubMed and Embase was carried out identifying papers focusing on circadian rhythms in AD. Sleep disorders and especially circadian rhythm disturbances are very common in the elderly population but definitely more pronounced in patients with AD. The lack of trials evaluating the management of circadian rhythms disorders in the elderly population and especially in AD should be considered of the utmost importance. Although there is a better understanding about the pathophysiology of AD and its relationship with circadian disorders, further studies in human models need to be conducted.",https://pubmed.ncbi.nlm.nih.gov/29351091/
Alzheimer's Disease,27189464,Translational Challenge Models in Support of Efficacy Studies: Effect of Cerebral Hypoxia on Cognitive Performances in Rodents.,CNS & neurological disorders drug targets,2016,"Empirical evidence currently supports the idea that neurovascular dysfunction is involved in the neurodegenerative process of Alzheimer's disease (AD). In fact, epidemiological studies report that i) vascular risk factors are directly associated with an increased incidence of AD and ii) vascular lesions are frequently co-existent with AD. The neurovascular unit is a key control system for oxygen and nutrients exchange between neurons and microvessels so the integrity of this system is essential for neuronal activity and cell survival. This suggests that hypoxia arising from various vascular injuries may participate in the pathogenesis of AD and aggravate cognitive deficit. Moreover, hypoxia appears to have a direct effect on cognitive functions, in particular memory, by inducing a transient or definitive dysfunction of synaptic transmission. The interplay of hypoxic phenomenon and the development of AD-related pathologies support the use of hypoxia as a challenge model to assess symptomatic (i.e. cognitive enhancers) AD-treatment. Such challenge should be characterized and validated with current symptomatic drugs based on different mechanisms of action before being offered as alternative models for testing new drugs. To date, symptomatic treatments of AD including anticholinesterasic- (donepezil, rivastigmine and galantamine) and antiglutamatergic- (memantine) drugs target various neurotransmission impairments occurring at different stages of the disease. The first aim of the present review is to provide an overview of the methods used to achieve experimental hypoxia in rodents and to characterize the cognitive alterations induced by each method. The second objective is to summarize the main results from studies that have tested the effect of acetylcholinesterase inhibitors on hypoxiainduced cognitive impairment. Overall, the literature research yielded only a small number of studies investigating the effect of hypoxia on cognition in rodents and the different models described sometime differ substantially in terms of timing, severity and nature of cognitive impairment. Chronic exposure to intermittent normobaric or continuous hypobaric hypoxia induced persistent spatial reference and working memory alterations. In contrast, acute hypoxia exposure was shown to induce more transient associative and spatial memory impairments. Treatment with acetylcholinesterase inhibitors was shown to improve hypoxia-induced memory impairment in various hypoxia protocols.",https://pubmed.ncbi.nlm.nih.gov/27189464/
Alzheimer's Disease,10841205,Circadian rhythms and sleep in human aging.,Chronobiology international,2000,"This issue of Chronobiology International is dedicated to the age-related changes in circadian rhythms as they occur in humans. It seems timely to give an overview of the knowledge and hypotheses on these changes now that we enter a century in which the number and percentage of elderly in the population will be unprecedented. Although we should take care not to follow the current tendency to think of old age as a disease--ignoring the fine aspects of being old--there is definitely an age-related increase in the risk of a number of conditions that are at least uncomfortable. Circadian rhythms have been attributed adaptive values that usually go unnoticed, but can surface painfully clear when derangements occur. Alterations in the regulation of circadian rhythms are thought to contribute to the symptoms of a number of conditions for which the risk is increased in old age (e.g., sleep disturbances, dementia, and depression). A multidisciplinary approach to investigate the mechanisms of age-related changes in circadian regulation eventually may result in treatment strategies that will improve the quality of life of the growing number of elderly. Although diverse topics are addressed in this issue, the possible mechanisms by which a deranged circadian timing system may be involved in sleep disturbances receives the most attention. This seems appropriate in view of the numerous studies that have addressed this relation in the last decade and also because of the high frequency and strong impact of sleep disturbances in the elderly. This introduction to the special issue first briefly addresses the impact of disturbed sleep in the elderly to show that the development of therapeutic methods other than the currently available pharmacological treatments should be given high priority. I believe that chronobiological insights may play an important role in the development of rational therapeutical methods.",https://pubmed.ncbi.nlm.nih.gov/10841205/
Alzheimer's Disease,42571406,"Burden of Dementia in Europe, 1990-2023: a systematic analysis from the Global Burden of Disease Study 2023.",The Lancet regional health. Europe,2026,"BACKGROUND: Dementia is a leading cause of disability and mortality in Europe, yet no recent harmonised assessment has described its impact across the European Union (EU-27) and the WHO European Region.
METHODS: We used data from the Global Burden of Disease Study 2023 (GBD 2023) to estimate prevalence, mortality, and disability-adjusted life years (DALYs) for dementia from 1990 to 2023. Estimates were produced for the EU-27 and the WHO European Region, by age and sex. Non-fatal outcomes were modelled using DisMod-MR 2.1, and dementia-attributable mortality was estimated using an excess-mortality framework. We also quantified DALYs attributable to six modifiable risk factors.
FINDINGS: In 2023, 7.76 million people (95% UI 6.69-8.72) were living with dementia in the EU-27 and 12.28 million (10.44-13.90) in the WHO European Region, representing ∼90% increases since 1990 despite modest declines in age-standardised prevalence. Prevalence was nearly twice as high in women as in men. Dementia rose from the eighth to the third leading cause of death in the EU-27. Dementia accounted for 5.49 million DALYs (2.44-11.41) in the EU-27. An estimated 41% (24.4-57.4) of dementia DALYs in the EU-27 were attributable to modifiable risk factors, particularly ambient particulate matter pollution, high fasting plasma glucose, and high body-mass index, which are disproportionately concentrated in socioeconomically disadvantaged populations.
INTERPRETATION: Despite modest declines in age-standardised rates, the absolute burden of dementia in Europe continues to rise, driven by population ageing. The substantial contribution of modifiable risk factors highlights major opportunities for prevention. Robust, country-specific estimates are essential to guide integrated strategies combining prevention and care planning.
FUNDING: Regione Puglia and CNR for Tecnopolo per la Medicina di Precisione; Regione Puglia for the national ""Fund for Alzheimer's and Dementia 2021-2023"" (Piano Regionale Demenze 2021/2023).",https://pubmed.ncbi.nlm.nih.gov/42571406/
Alzheimer's Disease,42551464,"Incidence of dementia after age 90 years and association with APOE genotype, race, and sex in the USA: the LifeAfter90 prospective cohort study.",The lancet. Healthy longevity,2026,"BACKGROUND: Little is known about dementia incidence and its risk factors in people older than 90 years, particularly in heterogeneous populations. We evaluated dementia incidence and examined the associations of sex, race and ethnicity, and APOE genotype with dementia risk after age 90 years using data from LifeAfter90, an ongoing prospective cohort study.
METHODS: LifeAfter90 is a prospective cohort study that enrolled Kaiser Permanente Northern California members, who were at least 90 years old, from the San Francisco Bay Area and Sacramento, USA. Participants were clinically evaluated every 6 months from July 17, 2018, to Nov 9, 2024, in person or remotely. Incident all-cause dementia was diagnosed by a combination of physician assessment, Clinical Dementia Rating, and a Functional Activities Questionnaire. Sex, race and ethnicity, and education were captured during in-person assessments; APOE genotyping was performed using salivary DNA. We estimated age-standardised dementia incidence rates and used age-adjusted Cox and Fine-Gray competing-risk models to study the association between sex, race and ethnicity, APOE genotype, and dementia. The Fine-Gray subdistribution hazard ratio (sHR) models treated death as a competing risk. Models were adjusted for age (time-scale) and individuals were followed until dementia diagnosis or end of follow-up.
FINDINGS: Of 1120 individuals initially available, 96 with prevalent dementia and 219 with only one clinical evaluation were excluded; 805 participants were included. Median age was 92 years (range 90-103), 494 (61%) were female, 209 (26%) Asian, 191 (24%) African American or Black, 157 (20%) Hispanic or Latinx, 228 (28%) White, and 20 (2%) from other racial or ethnic groups; 413 had APOE data. During mean follow-up of 2 years (SD 1·7), 138 (17%) developed dementia and 295 (37%) died. The age-standardised incidence rate was 116·82 cases per 1000 person-years (95% CI 93·69-139·96). In Fine-Gray models, dementia risk was higher in female than in male participants (subdistribution hazard ratio [sHR] 1·89, 95% CI 1·30-2·76) and Black than Asian participants (sHR 1·75, 1·07-2·88), lower in APOE ε2 carriers than in non-carriers (sHR 0·39, 0·17-0·88), and not significantly higher in APOE ε4 carriers than in non-carriers (sHR 1·51, 0·92-2·47). No significant differences were found by education.
INTERPRETATION: Ethnoracial disparities in dementia risk appear to persist after 90 years, and the association between APOE ε4 and dementia might differ by sex. These findings reinforce the importance of dementia screening and surveillance, even among people with exceptional longevity.
FUNDING: National Institute on Aging.",https://pubmed.ncbi.nlm.nih.gov/42551464/
Alzheimer's Disease,42484778,EPIC4ND-European Prospective Investigation into Cancer and Nutrition follow-up for neurodegenerative diseases.,European journal of epidemiology,2026,"The 'European Prospective Investigation into Cancer and Nutrition' cohort (EPIC) is a prospective study including ~ 520,000 participants recruited across Europe (1991-2000) with in-depth baseline data on nutritional, lifestyle, medical, and anthropometric variables, and baseline blood samples. Here we introduce EPIC4ND, a case-cohort study within EPIC designed to identify biomarkers predicting a future onset of dementia, Alzheimer's disease (AD), Parkinson's disease (PD), and amyotrophic lateral sclerosis (ALS). EPIC4ND comprises 6415 initially non-diseased participants (aged 35-80 years, mean age at baseline: 54 ± 9, 64% women) including 1899 incident cases with up to 30 years of follow-up and data on at least one omics domain available from pre-disease blood samples. EPIC4ND includes 4604 subcohort members (4441 non-cases and 163 incident cases) and 1811 additional incident cases ascertained from the broader EPIC cohort. Among the incident cases, there are 1190 dementia cases (818 AD), 610 PD cases, and 199 ALS cases. Additionally, 72 prevalent PD cases and 118 incident Parkinsonism cases are available for comparison. Molecular data generated encompass proteomics, genome-wide DNA methylation, and SNP genotyping with 4127 EPIC4ND participants (including 1635 incident cases) having data on all three domains. Smaller studies include data on metals, metabolites, and environmental chemicals, while ongoing efforts focus on ultrasensitive targeted biomarker measurements and small RNA sequencing. Genome-wide association studies and analyses of epidemiological risk factors validate the dataset by confirming many known risk factors. Leveraging these extensive pre-disease multi-layered omics data offers a unique opportunity to identify biomarker signatures predicting neurodegenerative diseases and to explore their interplay with epidemiological risk factors.",https://pubmed.ncbi.nlm.nih.gov/42484778/
Alzheimer's Disease,42500553,The ILLUMINATE natural history study in colony-stimulating factor 1 receptor-related adult-onset leukoencephalopathy with axonal spheroids and pigmented glia.,Brain communications,2026,"Colony-stimulating factor 1 receptor-related adult-onset leukoencephalopathy with axonal spheroids and pigmented glia (CSF1R-ALSP) is a rare, fatal, autosomal-dominant neurodegenerative disorder caused by pathogenic CSF1R variants and characterized by progressive cognitive, neuropsychiatric, and motor dysfunction, white matter lesions on brain imaging, and white matter demyelination, swollen axons, and pigmented glial cells on pathology. Limited data regarding clinical, biofluid or radiological biomarkers of disease severity are available, and no clinical trial endpoints have yet been validated. The objectives of this first-of-its-kind, prospective, observational natural history study were to characterize the clinical trajectory of CSF1R-ALSP and to identify and evaluate key biomarkers and clinical endpoints indicative of disease severity and progression. ILLUMINATE (NCT05020743) was a multicentre, noninterventional natural history study of adults with CSF1R-ALSP and prodromal carriers of CSF1R variants. Participants were followed for up to 36 months, with clinical assessments, fluid biomarkers and volumetric MRI assessments of brain atrophy collected at screening and every 6 months. This study was terminated early (4 June 2025). The analyses reported here include data collected through 19 February 2025. Of 53 participants, 19 were prodromal and 34 were symptomatic (11 of whom had a history of haematopoietic stem cell transplant and 23 who did not). Mean participant age was 47.8 (standard deviation, 4.5) years, and 36.4% were female. Prodromal participants remained relatively stable over 36 months, with little change in neurological function, neurodegeneration biomarkers or radiological disease burden. Impaired neurological function, MRI characteristics of CSF1R-ALSP, and elevated NfL (neurofilament light chain; neurodegeneration biomarker) and GFAP (glial fibrillary acidic protein; astrogliosis biomarker) levels were more pronounced at baseline and often showed progression over time among symptomatic participants who had not previously received haematopoietic stem cell transplant compared with participants who had previously received haematopoietic stem cell transplant. Significant correlations were observed at baseline and longitudinally between MRI measures of brain atrophy and clinical outcome measures. Based on the fluid biomarkers, MRI measures, and clinical outcome assessments evaluated here, active neurodegeneration, widespread changes visualized on brain MRI, and impaired cognitive and motor function were observed in symptomatic patients with CSF1R-ALSP. The neurological impairment can be assessed using the Montreal Cognitive Assessment and Cortical Basal ganglia Functional Scale. Our data suggest that quantification of brain atrophy using MRI volumetry is a potential biomarker of disease severity and progression in CSF1R-ALSP. It is hoped that this report will contribute to the understanding of disease progression in CSF1R-ALSP and inform future drug development.",https://pubmed.ncbi.nlm.nih.gov/42500553/
Colorectal Cancer,42553798,Shared Decision-Making in Colorectal Cancer Screening.,Clinics in colon and rectal surgery,2026,"Colorectal cancer (CRC) is a leading cause of cancer-related mortality in the United States, yet it is highly preventable through timely screening. This study reviews current CRC screening modalities-including colonoscopy, stool-based tests, flexible sigmoidoscopy, CT colonography, and capsule endoscopy-highlighting their respective strengths, limitations, and societal recommendations. It emphasizes the importance of tailoring screening strategies to individual patient risk profiles, including age, family history, comorbidities, and psychosocial factors. These screening modalities are discussed in the context of shared decision making, which is a critical strategy for primary care physicians, gastroenterologists, and colorectal surgeons to guide patients through screening choices, especially in underserved populations facing socioeconomic and cultural barriers.",https://pubmed.ncbi.nlm.nih.gov/42553798/
Colorectal Cancer,42522007,Colorectal cancer screening awareness among rural populations in Northern China.,BMC public health,2026,"BACKGROUND: Colorectal cancer (CRC) remains one of the leading causes of cancer-related mortality worldwide, with incidence steadily increasing in China. Early detection through screening significantly reduces morbidity and mortality. However, awareness and participation remain inadequate, especially in rural populations, who account for nearly 39% of China's total population. Understanding awareness levels and associated factors is essential for developing targeted interventions.
METHODS: A population-based cluster cross-sectional study was conducted between September 2022 and March 2024 in two rural villages in Beijing and Henan Province. All permanent residents were eligible for this observational assessment of CRC awareness, for this observational assessment of CRC awareness; when the number of eligible residents exceeded the required sample size, participants were randomly selected from household lists provided by local village committees to ensure proportional representation across age and sex. Data were collected using a standardized questionnaire assessing knowledge of CRC risk factors, preventive measures, early symptoms, and screening methods. Logistic regression was performed to identify factors associated with high awareness, defined as a total score ≥ 90 on the awareness scale.
RESULTS: Of the 2,091 participants, 60% demonstrated high awareness of CRC screening. Recognition of major risk factors such as advanced age (83.5%), colon polyps (88.1%), and family history (87.3%) was high, as was awareness of protective factors like dietary fiber intake/whole grains/yogurt (85.5%). Awareness of early symptoms such as blood in the stool (88.4%) and abdominal pain/incomplete evacuation (95.5%) was strong, but recognition of fatigue and anemia was lower (77.4%). Awareness of fecal occult blood testing (82.0%) and fecal genetic testing (85.1%) was slightly lower than for colonoscopy (86.7%). Logistic regression showed that age, gender, education level, alcohol consumption was significantly associated with higher awareness (P < 0.05).
CONCLUSIONS: This study provides the first evidence of CRC awareness among rural populations in Northern China, revealing knowledge gaps in non-specific symptoms and non-invasive screening methods. Despite relatively high awareness, uptake of screening remains limited, indicating barriers such as access, cost, and cultural factors. Tailored education, accessible screening, and behavioral interventions are needed to improve prevention and early detection in these underserved communities.",https://pubmed.ncbi.nlm.nih.gov/42522007/
Colorectal Cancer,42518234,Metabolic Optimization and Risk of Metachronous Advanced Colorectal Neoplasia in Patients With MASLD.,JAMA network open,2026,"IMPORTANCE: Patients with metabolic dysfunction-associated steatotic liver disease (MASLD) are at increased risk for colorectal neoplasia. It remains unclear whether dynamic improvements in metabolic health can prevent metachronous advanced colorectal neoplasia (ACRN).
OBJECTIVE: To determine whether longitudinal reduction of cardiometabolic risk factors (CMRFs) is associated with a decreased risk of metachronous ACRN among patients with MASLD.
DESIGN, SETTING, AND PARTICIPANTS: This retrospective cohort study of patients who underwent initial and surveillance colonoscopy between January 2009 and December 2021 was conducted at a large tertiary referral center in Taiwan. Data analysis was performed from March 2024 to March 2026. Individuals at least 40 years of age with MASLD who underwent successful removal of at least 1 colorectal adenoma and had a minimum follow-up of 1 year were screened. Patients with a history of colorectal cancer, inflammatory bowel disease, or hereditary polyposis syndromes were excluded.
EXPOSURES: Changes in the number of CMRFs (abdominal obesity, hypertriglyceridemia, low high-density lipoprotein cholesterol, hypertension, and impaired fasting glucose) between baseline and surveillance. Participants were grouped by the direction of CMRF count change (reduced, increased, or unchanged).
MAIN OUTCOMES AND MEASURES: The primary outcome was metachronous ACRN, defined as a metachronous adenoma of at least 10 mm in diameter with villous components or high-grade dysplasia.
RESULTS: Of 8258 patients initially screened, 2331 met all criteria and completed the surveillance protocol. Among 2331 included participants (mean [SD] age, 56.7 [8.8] years; 1745 [74.9%] male) with a mean (SD) follow-up 4.0 (2.5) years, the incidence of metachronous ACRN per 1000 patient-years was 16.7 (95% CI, 11.4-23.6) with increased CMRFs, 17.6 (95% CI, 12.9-23.9) with an unchanged number of CMRFs, 11.9 (95% CI, 8.3-16.4) with the reduction of 1 CMRF, and 9.9 (95% CI, 5.8-15.7) with the reduction of at least 2 CMRFs (P = .03). Multivariable analysis showed that CMRF reduction was associated with a significantly lower risk of metachronous ACRN (adjusted hazard ratio [AHR], 0.49 [95% CI, 0.33-0.73]; P < .001). In high-risk subgroups, a decrease in the number of CMRFs was associated with risk reduction (5 CMRFs group: AHR, 0.40 [95% CI, 0.17-0.92]; P = .03; baseline ACRN group: AHR, 0.27 [95% CI, 0.11-0.65]; P = .003).
CONCLUSIONS AND RELEVANCE: In this cohort study of 2331 patients with MASLD, longitudinal CMRF reduction was associated with lower metachronous ACRN risk, suggesting that metabolic optimization should be integrated with endoscopic surveillance as a primary prevention strategy.",https://pubmed.ncbi.nlm.nih.gov/42518234/
Colorectal Cancer,42556957,Watch and Wait in Patients with Clinical Complete Response After Neoadjuvant Therapy with Rectal Cancer: Is it Safe?,Advances in surgery,2026,"The treatment of locally advanced rectal cancer has been transformed over the last century with nearly 40% of patients achieving complete eradication of their tumor with total neoadjuvant therapy alone. Nonoperative management with a watch-and-wait approach has now allowed a subset of patients the chance to avoid surgery altogether with 50% of watch-and-wait patients achieving long-term organ preservation. However, the other half of patients develop either local regrowth, which requires expeditious surgical intervention, or distant recurrence. Watch-and-wait is a reasonable option for select patients in a protocolized environment that can successfully deliver the recommended surveillance protocol, which ensures its safety.",https://pubmed.ncbi.nlm.nih.gov/42556957/
Colorectal Cancer,42549444,Incidental Rectal Neuroendocrine Tumor Detected During Screening Colonoscopy Managed With Transanal Minimally Invasive Surgery (TAMIS): A Case Report.,Cureus,2026,"Rectal neuroendocrine tumors (NETs) are uncommon neoplasms that are increasingly detected due to the widespread adoption of colorectal cancer screening programs. They typically present as small submucosal nodules, facilitating early diagnosis and minimally invasive treatment. We present the case of a 58-year-old woman with a history of type 2 diabetes mellitus who underwent screening colonoscopy while asymptomatic. During the procedure, an 18-mm non-polypoid submucosal lesion was identified on the anterior rectal wall, 8 cm from the anal verge. Contrast-enhanced computed tomography of the chest, abdomen, and pelvis demonstrated no evidence of regional or distant metastasis. Complete local excision was performed using transanal minimally invasive surgery (TAMIS) without complications. Histopathological examination revealed a well-differentiated grade 1 rectal NET staged as pT1bN0M0, with a Ki-67 proliferation index of 1%, positive immunohistochemical staining for chromogranin A, negative surgical margins, and no evidence of lymphovascular or perineural invasion. Follow-up imaging demonstrated no evidence of local recurrence or distant metastatic disease, and the patient remains under clinical and radiological surveillance. This case highlights the importance of colorectal cancer screening programs for the incidental detection of rare rectal NETs and supports TAMIS as a safe and effective treatment option for selected patients with localized disease.",https://pubmed.ncbi.nlm.nih.gov/42549444/
Colorectal Cancer,42536352,Breaking Through Cancer Pain: From Single-Drug Management to Multimodal Analgesia.,Pain research & management,2026,"BACKGROUND: Cancer pain affects 60%-80% of patients with advanced cancer, and approximately 30% of patients experience inadequate pain control. Although the World Health Organization (WHO) three-step analgesic ladder has substantially improved pain management, inadequate analgesia, opioid-related adverse effects, and refractory pain continue to pose significant clinical challenges.
OBJECTIVE: This narrative review critically evaluates recent advances in cancer pain management, including novel analgesics, optimized opioid formulations, nanomedicine, invasive interventions (intrathecal drug delivery, neuromodulation, and neurolysis), and complementary integrative therapies, aiming to provide up-to-date insights for clinicians and researchers.
RESULTS: Novel analgesics targeting μ-opioid receptor bias, ion channels, and multitarget strategies have shown preclinical promise. Improved opioid formulations and nanomedicine-based approaches may enhance drug delivery and reduce toxicity. Fourth-step interventions, including intrathecal drug delivery, neuromodulation, and neurolysis, provide targeted options for selected patients with refractory cancer pain. Integrative therapies, including mind-body interventions, acupuncture, massage, music therapy, and game-based approaches, may improve symptom burden and quality of life, although evidence for direct analgesic effects remains limited.
CONCLUSION: Cancer pain management is evolving toward a multimodal and increasingly personalized framework. Despite substantial progress, many emerging therapies lack robust cancer-specific validation. High-quality clinical trials, standardized treatment protocols, and improved translational strategies are needed to establish evidence-based precision cancer pain management.",https://pubmed.ncbi.nlm.nih.gov/42536352/
Lung Cancer,42490697,Barriers and facilitators to uptake lung cancer screening using low-dose computed tomography scan in high-risk people in Vietnam.,Translational behavioral medicine,2026,"BACKGROUND: Lung cancer screening (LCS) using low-dose computed tomography (LDCT) can reduce lung cancer mortality; however, screening uptake remains low.
PURPOSE: This study aimed to identify factors influencing LDCT-LCS participation among high-risk individuals in Vietnam.
METHODS: A cross-sectional study was conducted among 3288 high-risk individuals (aged 50-74) in Hanoi, Vietnam, in 2024. Potential participants were informed about the LCS project through mass media and local commune health stations. Eligible individuals were subsequently invited for fully subsidized LDCT. Demographic data, health status, behaviors, and LCS-related factors were collected through structured interviews. Logistic regression and classification tree models were used to assess the factors associated with LCS participation.
RESULTS: Overall, the LCS participation rate was 63.87%. Women who did not drink alcohol had the highest participation (88.7%), while men with irregular health checkups, good health, and past smoking had the lowest (11.4%). Key predictors for higher LCS participation included higher education (adjusted odds ratio = 1.48; 95% CI: 1.25-1.74), high-risk occupations (1.51; 1.22-1.86), current smoking (4.37; 3.06-6.23), ≥30 pack-years of smoking (1.66; 1.41-1.95), family cancer history (3.11; 2.46-3.94), regular exercise (1.44; 1.19-1.75), and regular health checkups (2.42; 2.05-2.85). Lower participation was linked to high income (0.50; 0.42-0.59), drinking alcohol (0.43; 0.35-0.51), and normal/good self-perceived health (0.21; 0.15-0.29).
CONCLUSIONS: This study highlights the complexity of participation in LCS, revealing the interplay of multiple interrelated factors influencing individuals' engagement in the screening process. These findings underscore the urgent need for community awareness campaigns and contextually tailored interventions to enhance LCS uptake in Vietnam.",https://pubmed.ncbi.nlm.nih.gov/42490697/
Lung Cancer,42388744,Urban residents' health literacy of four major cancers: a cross-sectional national survey.,Frontiers in public health,2026,"BACKGROUND: Cancer poses a significant global healthcare challenge, and individual health literacy directly impacts screening and the adoption of self-care behaviors.
OBJECTIVES: This study aimed to compare health literacy scores for four cancers (colorectal, esophageal, lung, and kidney) among Chinese urban residents and to identify associated factors.
METHODS: A descriptive cross-sectional study recruited 1,226 urban adults via professional networks across China. Participants provided demographic data and completed a validated health literacy questionnaire. Multiple linear regression was used to analyze associations with health literacy scores.
RESULTS: Health literacy scores ranked as follows: colorectal (7.50 ± 3.35), esophageal (6.27 ± 3.15), lung (5.88 ± 3.07), and kidney (4.30 ± 2.89). Education and household income emerged as consistent predictors of health literacy across all cancers. Age, sex, employment status, and a family history of cancer were associated with colorectal cancer health literacy scores. Participants who reported higher levels of health literacy scores in esophageal cancer were older and had a previous cancer diagnosis. Participants who reported higher lung cancer health literacy scores were older, female, retired, and had a family history of cancer. Factors contributing to higher kidney cancer health literacy scores included education, annual household income, and non-smoking status.
CONCLUSION: Urban residents demonstrated moderate levels of cancer-related health literacy, and public health strategies should be targeted toward people with lower education and reduced annual household income. Implication for Practice: This research highlights the need for targeted educational interventions in community healthcare settings to identify urban residents at high risk of low health literacy, ultimately strengthening the reach and impact of cancer screening and prevention programs.",https://pubmed.ncbi.nlm.nih.gov/42388744/
Lung Cancer,42269246,Association between lifestyle and risk of early-onset cancer: Evidence from the European Prospective Investigation into Cancer and Nutrition and the UK Biobank.,"European journal of cancer (Oxford, England : 1990)",2026,"BACKGROUND: The incidence of early-onset cancers (EOCs), defined as cancers diagnosed before 50 years of age, has risen globally over the past three decades. The association between modifiable lifestyle factors and EOC risk has been poorly investigated.
METHODS: Participants enrolled before age 50 in EPIC (39,459 men; 110,991 women) and the UK Biobank (52,188 men; 62,528 women) were analysed. We examined the association between smoking, alcohol consumption, body mass index (BMI), physical activity and diet, and risk of lifestyle-related EOCs - including cancer of the breast, lung, colorectum, stomach, liver, cervix, oesophagus, bladder, and others. Each risk factor was scored from 0 (most unfavourable) to 4 (most favourable). Cohort-specific hazard ratios (HR) with 95% confidence intervals (CI) were estimated in Cox regression models and pooled via a meta-analytic approach.
FINDINGS: We observed 361 lifestyle-related EOCs in men and 2618 in women, including 1765 breast cancers. In men, one-point increase in the smoking score, indicating less smoking, was inversely associated with risk of lifestyle-related EOC (HR 0.82, 95% CI: 0.76-0.88). In women, each one-point increase in smoking (less smoking), BMI (lower BMI), and physical activity (more active) scores was inversely associated with risk of lifestyle-related EOC excluding breast cancer (HRs: 0.89 [0.84-0.93], 0.93 [0.89-0.98], 0.95 [0.90-1.00], respectively). For breast cancer, only physical activity showed a statistically significant association (HR 0.95 [0.91-0.995]). Alcohol and diet showed no association.
INTERPRETATION: These findings support the importance of adopting a healthy lifestyle early in life to reduce cancer risk before the age of 50.",https://pubmed.ncbi.nlm.nih.gov/42269246/
Lung Cancer,42544014,Ten Years of Intrabronchial Valve Use for Treatment of Persistent Air Leaks.,Journal of bronchology & interventional pulmonology,2026,"BACKGROUND: Persistent air leaks (PALs), nonhealing fistulas between the bronchoalveolar and pleural space existing for at least 5 to 7 days, are challenging to manage. With the humanitarian use device exemption from the United States Food and Drug Administration beginning in 2008, intrabronchial valves (IBVs) for use in PALs research exist as a burgeoning knowledge base.
METHODS: We completed a single-center retrospective cohort review of IBV placement for PAL from 2015 to 2025. Descriptive statistics were used to analyze demographic and outcomes data. Fine-Gray analysis was used to determine the impact of the duration of PAL before IBV placement on the probability of ever resolving air leaks.
RESULTS: A total of 66 cases were reviewed. Patient comorbidities included COPD (43.9%), acute respiratory distress syndrome (28.8%), ILD (16.7%), lung cancer (16.7%), and prior lung transplant (3.0%). Overall, PAL resolution was 63.6% with an average time to air leak resolution after IBV placement of 10.8 days (95% CI: 4.8-16.8; n=42). One-year all-cause mortality was 36.4% (24/66). Each additional 10 days with a chest tube in place before IBV placement corresponded to a 10% lower probability of PAL resolution over time (sHR: 0.901; 95% CI: 0.815-0.996; P=0.042). The cumulative incidence of PAL resolution at 30 days was 39.4% (95% CI: 6.2-72.6) in patients with ILD versus 66.3% (95% CI: 52.6-79.9) in patients without ILD.
CONCLUSION: The use of IBVs for the treatment of PALs remains an effective treatment option. The effectiveness of air leak resolution may be influenced by the timing of IBV placement.",https://pubmed.ncbi.nlm.nih.gov/42544014/
Lung Cancer,42523939,Impact of hepatic radiotherapy on survival and safety outcomes in small cell lung cancer patients with liver metastases: a retrospective study.,Therapeutic advances in medical oncology,2026,"BACKGROUND: Patients with extensive-stage small cell lung cancer (ES-SCLC) and liver metastases (LM) are known to have particularly poor clinical outcomes, creating a significant therapeutic dilemma regarding optimal management of hepatic metastases beyond conventional systemic therapies.
OBJECTIVES: This study sought to investigate the impact of adding LM-directed radiotherapy to systemic therapy on survival outcomes and treatment-related adverse events in patients with ES-SCLC and liver metastases.
DESIGN: This retrospective study enrolled ES-SCLC patients with LM treated at our institution between January 2019 and March 2025, all of whom received at least one cycle of systemic therapy. Patients were grouped by whether they received LM‑directed radiotherapy after LM diagnosis.
METHODS: Propensity score matching (PSM) was used to balance baseline characteristics between patients in the two groups. Kaplan-Meier survival curves were plotted to estimate survival endpoints. Treatment-related adverse events were graded per Common Terminology Criteria for Adverse Events version 5.0 (CTCAE v5.0).
RESULTS: After PSM, a total of 495 patients were analyzed, among whom 138 underwent LM-directed radiotherapy. After a median follow-up of 38.1 months, patients in the radiotherapy group had a median overall survival (OS) of 12.1 months, significantly longer than the 6.7 months observed in the nonradiotherapy group (hazard ratios (HR), 0.51; 95% confidence intervals (CI): 0.41-0.63; p < 0.001). The 1-year OS rates were 50.1% and 21.2%, respectively. Among patients who received LM-directed radiotherapy during first-line systemic treatment, both systemic progression-free survival (PFS) (5.1 vs 3.7 months; HR, 0.71; 95% CI: 0.54-0.93; p = 0.012) and intrahepatic PFS (6.7 vs 3.9 months; HR, 0.59; 95% CI: 0.45-0.79; p < 0.001) were significantly prolonged compared with systemic therapy alone. Treatment-related toxicity was mild, with only one patient experiencing grade ⩾3 transaminase elevation and one patient with grade ⩾3 hyperbilirubinemia. The incidence of grade ⩾3 hematologic toxicity was low, and leukocytopenia was the most common event at 14.50%.
CONCLUSION: In patients with ES-SCLC and LM, the addition of LM-directed radiotherapy to systemic therapy provides a significant survival benefit with acceptable treatment-related toxicity. These findings suggest that LM-directed radiotherapy can serve as a safe and effective treatment option for this patient population with poor prognosis.",https://pubmed.ncbi.nlm.nih.gov/42523939/
Lung Cancer,42514189,Real-World Insights into Stage I-III Non-Small Cell Lung Cancer in Spain in the Pre-Immunotherapy Era Using AI Techniques: The IntellyLUNG Study.,"Life (Basel, Switzerland)",2026,"Treatment of non-small cell lung cancer (NSCLC) has been transformed by immunotherapy and targeted therapies. We aimed to characterize clinical features, treatment patterns, and healthcare resource use in patients with early and locally advanced NSCLC before incorporation of these therapies. This retrospective observational study included adults diagnosed with stage I-III NSCLC at four Spanish hospitals between 2014 and 2018, with follow-up until 2021, using artificial intelligence to extract data from electronic health records. A total of 951 patients were included (34.7% stage I, 16.7% stage II, 48.6% stage III), with a median age of 66 years and 31.9% female. Surgery was performed in 78.5% of stage I, 74.8% of stage II, and 35.5% of stage III patients. Among surgical patients, 62.5% received adjuvant chemo- and/or radiotherapy, 20.8% neoadjuvant therapy, and 15.7% both; among non-surgical patients, chemoradiotherapy was the most common treatment (50.4%). Beyond hospitalization, outpatient visits were the most frequently used healthcare resource. These findings provide a historical benchmark of NSCLC care before introduction of immunotherapy and targeted therapies in these settings, highlighting treatment variability and the need for earlier diagnosis, structured treatment pathways, and multidisciplinary management.",https://pubmed.ncbi.nlm.nih.gov/42514189/
High Blood Cholesterol,26482752,New Approaches in Detection and Treatment of Familial Hypercholesterolemia.,Current cardiology reports,2015,"Familial hypercholesterolemia (FH) is an autosomal dominant genetic disorder that clinically leads to increased low density lipoprotein-cholesterol (LDL-C) levels. As a consequence, FH patients are at high risk for cardiovascular disease (CVD). Mutations are found in genes coding for the LDLR, apoB, and PCSK9, although FH cannot be ruled out in the absence of a mutation in one of these genes. It is pivotal to diagnose FH at an early age, since lipid lowering results in a decreased risk of cardiovascular complications especially if initiated early, but unfortunately FH is largely underdiagnosed. While a number of clinical criteria are available, identification of a pathogenic mutation in any of the three aforementioned genes is seen by many as a way to establish a definitive diagnosis of FH. It should be remembered that clinical treatment is based on LDL-C levels and not solely on presence or absence of genetic mutations as LDL-C is what drives risk. Traditionally, mutation detection has been done by means of dideoxy sequencing. However, novel molecular testing methods are gradually being introduced. These next generation sequencing-based methods are likely to be applied on broader scale once their efficacy and effect on cost are being established. Statins are the first-line therapy of choice for FH patients as they have been proven to reduce CVD risk across a range of conditions including hypercholesterolemia (though not specifically tested in FH). However, in a significant proportion of FH patients LDL-C goals are not met, despite the use of maximal statin doses and additional lipid-lowering therapies. This underlines the need for additional therapies, and inhibition of PCSK9 and CETP is among the most promising new therapeutic options. In this review, we aim to provide an overview of the latest information about the definition, diagnosis, screening, and current and novel therapies for FH.",https://pubmed.ncbi.nlm.nih.gov/26482752/
High Blood Cholesterol,42564359,Stroke knowledge and awareness among adults in the West Bank: a cross-sectional study.,Frontiers in public health,2026,"BACKGROUND: Stroke, or cerebrovascular disease, stands as one of the leading causes of death worldwide, and the fourth leading cause in the West Bank, accounting for approximately 12.1% of all deaths. There is scarce information about the level of knowledge and awareness of stroke among Palestinians in the West Bank. This study aims to identify knowledge gaps to support the development of preventive strategies.
METHODS: A cross-sectional survey was conducted across the West Bank between September and December 2024. A sample of 513 participants from various regions of the West Bank completed a self-report questionnaire assessing knowledge of stroke symptoms, risk factors, prevention, management, and sources of information. Data were analyzed using SPSS software.
RESULTS: Most participants (93.4%) correctly identified the brain as the organ affected by stroke, and 77.4% knew that stroke can reoccur. Only 5.3% knew the 4.5-h treatment window for stroke intervention. Hypertension was the most recognized risk factor (95.3%), followed by chronic stress (86.4%) and high cholesterol (79.3%). Confusion (92.0%), numbness (88.3%), facial deviation (83.8%) and vomiting (56.5%) were the most recognized symptoms, whereas 49.1% incorrectly identified nosebleeds as a stroke symptom. Regarding the response to stroke, 40% of the participants would call an ambulance, whereas 34% would take the patient to the hospital. Significant gaps in knowledge were associated with information sources, as participants relying on healthcare providers had significantly higher knowledge scores than those relying on the internet, friends, or other sources.
CONCLUSION: Significant gaps in knowledge were detected, particularly regarding treatment urgency and symptom recognition. Our findings emphasize the need for targeted public health campaigns, especially among high-risk groups in the West Bank.",https://pubmed.ncbi.nlm.nih.gov/42564359/
High Blood Cholesterol,42561228,"Prevalence, associated factors, and population attributable fractions of Diabetes Mellitus in adults from Brazilian capitals.",Ciencia & saude coletiva,2026,"The objective of the study was to estimate the magnitude, associated factors, and risk-factor population attributable fractions (PAFs) for Diabetes Mellitus (DM) among adults living in Brazilian state capitals, according to sex. This was a cross-sectional study using data from a sample of 32,111 adults aged 18 years or older who participated in the 2019 National Health Survey. Poisson regression and PAFs estimation were used to assess the associated factors and their contributions to prevalent cases of DM, respectively. The prevalence of DM was 7.7% (7.2% in men and 8.0% in women). In the total sample, the Poisson model showed a direct association between DM and female sex, age >60 years, no formal education, physical inactivity during leisure time, self-reported hypercholesterolemia and hypertension, overweight, and obesity. An inverse association was observed for binge drinking. Mixed-race and black race/skin color, as well as leisure-time physical inactivity, were factors associated with DM among women. The PAFs of risk factors that contributed most to prevalent cases of DM, in both sexes, were age >60 years, self-reported hypertension and hypercholesterolemia, and obesity. In conclusion, clinical factors had the highest PAFs for DM and should be the focus of prevention and control policies.",https://pubmed.ncbi.nlm.nih.gov/42561228/
High Blood Cholesterol,42560247,Individual and Cumulative Stress and Cardiovascular Health Among Contemporary U.S. Service Members: The Millennium Cohort Study.,Military medicine,2026,"INTRODUCTION: Military service members face unique occupational stressors (e.g., combat deployment) that are compounded by additional life stressors (e.g., adverse childhood experiences [ACEs], financial problems). As stress has been shown to be associated with the increased risk of cardiovascular disease (CVD) in civilian populations, the present study examined the associations between stress exposure and cardiovascular health (CVH) among a contemporary military population.
MATERIALS AND METHODS: Using a cross-sectional design, survey data from 40,525 service members (71% men, 58% non-Hispanic White, 94% <35 years old) enrolled in the Millennium Cohort Study from 2020 to 2021 were analyzed to estimate associations between stress exposure and CVH. Individual stressors, including self-reported combat severity, bullying, hazing, discrimination, sexual harassment, ACEs, and stressful life events (SLEs) (e.g., divorce, financial problems), were z-score transformed and combined to form a cumulative stress measure. An index CVH score was adapted from the American Heart Association's Life's Essential 8 measure (i.e., self-reported sedentary time <8 hours/day, sleeping 7-9 hours/day, no daily fast-food intake, not currently smoking, healthy body mass index [18.5-24.9 kg/m2], no diabetes, no high cholesterol, and no hypertension). Linear regression models examining the relationship between individual stressors and cumulative stress with CVH were adjusted for sociodemographic, military, and behavioral factors.
RESULTS: Higher cumulative stress scores were associated with lower CVH scores among service members in our sample. When examining individual stressors, SLEs were most strongly related with poorer CVH, followed by ACEs, bullying, and combat severity.
CONCLUSION: Cumulative stress may have a significant impact on the CVH of service members. Moreover, SLEs (e.g., divorce, financial problems, moving) that occur outside of their military duties may have a substantial impact on force readiness and retention. A consideration of specific stressors and screening for multiple stressors during routine health care visits can provide an opportunity for early CVD prevention among military populations.",https://pubmed.ncbi.nlm.nih.gov/42560247/
High Blood Cholesterol,42198774,"A Multidisciplinary Healthy Aging Program in Comprehensive HIV Care: Multidomain Screening, Clinical Interventions, and Cardiometabolic Risk Management.",Viruses,2026,"BACKGROUND: People living with HIV (PLWH) are increasingly reaching older ages due to the success of antiretroviral therapy. However, aging with HIV is associated with increased risk of multimorbidity, neurocognitive impairment, frailty, psychosocial stress, and functional decline. Multidomain geriatric screening framed within an Age-Friendly 4Ms Framework (Mentation, Medication, Mobility, What Matters Most) and consideration of multi-complexity may help identify aging-related vulnerabilities and guide multidisciplinary care with greater impact on patient outcomes. However, real-world implementation of such programs within HIV clinical settings remains limited.
METHODS: We conducted a retrospective analysis of adults aged ≥50 years enrolled in a multidisciplinary Healthy Aging Program within a large, integrated HIV care system. Multidomain screening assessments included cognitive evaluation (Montreal Cognitive Assessment), mental health screening (PHQ-2, GAD-2), functional assessment (Katz ADL, Lawton IADL), frailty screening (Edmonton Frail Scale), and intrinsic capacity domains using the WHO Integrated Care for Older People (ICOPE) framework. Screening results, referrals, clinical interventions, and cardiometabolic risk management measures were extracted from clinical program databases and electronic medical records.
RESULTS: A total of 317 adults aged ≥50 years completed multidomain screening. Participants had well-controlled HIV infection, with viral suppression in 96.2% and a median CD4 count of 660 cells/mm3. Despite this, aging-related vulnerabilities were common. Overall, 78.4% of participants had at least one abnormal screening domain. Cognitive impairment was identified in nearly half of individuals screened, including mild impairment in 39.8% and moderate impairment in 8.7%. Functional limitations were identified in 10.1% of participants, while anxiety symptoms were present in 9.5%. Sensory impairments were common, including vision impairment in 36.5% of participants. Polypharmacy was prevalent, with 33.2% of participants prescribed five or more chronic medications. Screening frequently generated multidisciplinary referrals, including behavioral health services (42.3%), social work support (42.9%), and pharmacist-led cardiometabolic risk review (56.8%). Age-stratified analyses demonstrated similar prevalence of screening abnormalities across age groups, including individuals aged 50-59 years. Modest improvements in cardiometabolic preventive care were observed during follow-up. Statin utilization increased from 65.6% at baseline to 70.0% at 12 months, and LDL cholesterol declined modestly during the observation period.
CONCLUSIONS: Multidomain screening integrated into routine HIV care identified a high prevalence of aging-related vulnerabilities among PLWH aged ≥50 years despite excellent virologic control. These findings suggest that aging-related risk in HIV is not adequately captured by chronological age alone and support early, universal implementation of multidomain screening within HIV care models.",https://pubmed.ncbi.nlm.nih.gov/42198774/
High Blood Cholesterol,42178198,Lipid clinics worldwide: harmonization and guidance on how to optimally organize and fund. European Atherosclerosis Society consensus statement across 55 countries and more than 500 lipid clinics.,Atherosclerosis,2026,"Because one in three of all individuals die from atherosclerotic cardiovascular disease (ASCVD), prevention of ASCVD is key to public health worldwide. Lipid clinics provide specialized diagnostic assessment, lifestyle management, and evidence-based lipid-lowering treatment to prevent ASCVD and acute pancreatitis in high-risk individuals. This includes individuals with familial hypercholesterolemia and/or markedly increased lipoprotein(a), statin intolerance, refractory or difficult-to-control low-density lipoprotein (LDL) cholesterol, severe hypertriglyceridaemia, and other rare or complex lipid disorders. Such specialized care not only benefits the individual patients and their families but facilitates dissemination of best practices in lipid disorder management to healthcare professionals in individual nations. Despite this, there is a lack of guidance on standards and metrics needed to establish a well-harmonized national lipid clinic network in most countries capable of offering comprehensive care. This consensus paper from the European Atherosclerosis Society Lipid Clinic Network aims to meet this unmet clinical need. We provide recommendations to enhance education and training on lipid disorders and to harmonize lipid clinics at both national and international levels. Furthermore, we provide guidance on optimal staffing structures and development of registries to improve diagnosis and management of lipid disorders. Finally, we offer recommendations to national and regional policymakers on funding of lipid clinics, with the long-term goal of reducing the overall societal burden and costs of cardiovascular and other lipid-related diseases.",https://pubmed.ncbi.nlm.nih.gov/42178198/
High Blood Cholesterol,41856568,Associations between high-density lipoprotein cholesterol and interstitial lung abnormalities in the Korean national lung cancer screening programme.,The European respiratory journal,2026,"BACKGROUND: High-density lipoprotein (HDL) cholesterol exerts anti-inflammatory, antioxidative and endothelial-protective effects, yet its role in interstitial lung abnormalities (ILA) remains unclear.
METHODS: We analysed baseline screening from heavy smokers who participated in the Korean national lung cancer screening programme (2019-2021). HDL cholesterol was measured at two pre-screening time points (remote and immediate) and categorised as normal or low. Participants were also classified into four HDL cholesterol trajectories: normal-to-normal, low-to-normal, normal-to-low and low-to-low. We used logistic regression to estimate odds ratios for ILA, adjusting for demographic characteristics, body mass index, lifestyle factors, comorbidities, income status, lipid profiles and statin use.
RESULTS: Among 159 729 participants (mean age 61.7 years, 98.2% men), ILA were detected in 2.9%, with higher prevalence in those with low HDL cholesterol at immediate pre-screening compared with normal HDL cholesterol (3.5% versus 2.7%). There was a higher proportion of obesity (6.1% versus 3.5%) and more frequent statin use (40.0% versus 34.4%) among participants with low HDL cholesterol than among those with normal HDL cholesterol. ILA prevalence increased from the normal-to-normal HDL cholesterol group (2.6%) across the low-to-normal (3.1%), normal-to-low (3.5%) and low-to-low (3.6%) groups. Low HDL at immediate pre-screening was associated with a 28% higher risk of ILA (95% CI 1.19-1.38; p<0.001). Compared with the normal-to-normal HDL cholesterol group, the odds of ILA were higher in low-to-normal (adjusted OR 1.17, 95% CI 1.06-1.29; p=0.002), normal-to-low (adjusted OR 1.30, 95% CI 1.18-1.44; p<0.001) and low-to-low groups (adjusted OR 1.32, 95% CI 1.20-1.45; p<0.001).
CONCLUSIONS: Low HDL cholesterol was associated with a higher risk of ILA.",https://pubmed.ncbi.nlm.nih.gov/41856568/
Heart Attack,41967714,Identifying risk factors for major bleeding in patients with atrial fibrillation using direct oral anticoagulants: a systematic review and meta-analysis.,Journal of thrombosis and haemostasis : JTH,2026,"BACKGROUND: Major bleeding (MB) remains a serious complication in atrial fibrillation (AF) patients treated with direct oral anticoagulants (DOACs), but effect estimates for individual factors vary across studies and have not been synthesized in a DOAC-specific framework.
OBJECTIVES: To provide a comprehensive DOAC-specific synthesis of risk factors associated with MB in AF patients.
METHODS: We systematically searched PubMed, Embase, and the Cochrane Library from their inception to December 2024. We included studies of DOAC-treated AF patients that reported associations between patient characteristics and MB. Random-effects meta-analyses were conducted when at least 2 studies evaluated the same risk factors using comparable definitions. Prespecified subgroup analyses were performed for the MB outcome and for individual DOAC agents.
RESULTS: Eighty-three studies involving 970 248 patients were included. Twenty-one variables were associated with MB. We confirmed several well-known risk factors for MB, including a history of bleeding, alcohol use, age ≥65 years, frailty, and high HAS-BLED (Hypertension, Abnormal renal/liver function, Stroke, Bleeding history or predisposition, Labile international normalized ratio, Elderly (>65 years), and Drugs/alcohol concomitantly) score. Importantly, this DOAC-focused synthesis also highlighted additional and previously underemphasized risk factors, including cancer, myocardial infarction or peripheral artery disease, heart failure, coronary artery disease, and the use of psychotropic or antiarrhythmic drugs. Overweight status and statin use were associated with a lower MB risk, although these findings should be interpreted with caution.
CONCLUSION: This meta-analysis provides an integrated, DOAC-specific, quantitative overview of MB risk factors across multiple clinical and treatment domains. The pooled estimates provide a contemporary evidence base to prioritize variables for refinement, recalibration, and validation of MB risk assessment strategies in DOAC-treated AF populations.",https://pubmed.ncbi.nlm.nih.gov/41967714/
Heart Attack,41110922,Canadian Cardiovascular Society and National Advisory Committee on Blood and Blood Products Joint Statement on Blood Utilization and Transfusion for Patients With Acute Coronary Syndromes.,The Canadian journal of cardiology,2025,"Although the evidence base broadly recommends a restrictive red blood cell (RBC) transfusion strategy for anemic patients, its appropriateness for patients with anemia and acute coronary syndromes is not definitive. The publication of the MINT trial has challenged the value of a restrictive transfusion strategy; our panel sought to provide an overview of the evidence and a data-informed expert opinion on the best practices for these patients. Four primary trials, including REALITY and MINT, individually showed no significant differences in their primary outcomes. However, published meta-analyses suggest liberal transfusion strategies might benefit patients. Our expert opinion in the joint statement is to consider patient clinical characteristics and systems factors when choosing an RBC transfusion threshold for patients with acute coronary syndromes and anemia. It is reasonable to consider a liberal RBC transfusion strategy, acknowledging uncertainty across patients, where a target hemoglobin of > 90 g/L might be considered appropriate. Our expert opinion is that it is not possible to suggest a differential transfusion strategy on the basis of patients with type 1 or 2 myocardial infarction alone, although patient and system factors should be strongly considered for type 2 myocardial infarction before considering a liberal transfusion strategy. Transfusion-associated circulatory overload is more common using a liberal transfusion target; mitigation strategies should be used if risk factors are present. Minimizing iatrogenic anemia and treating iron deficiency reduces the need for blood transfusion and could improve patient outcomes. In this joint statement we aim to provide practical guidance in the absence of definitive evidence.",https://pubmed.ncbi.nlm.nih.gov/41110922/
Heart Attack,40699935,Engineering Nanoparticles and Bioscaffolds for Targeted microRNA Delivery in Cardiovascular Regeneration-A Comprehensive Review.,FASEB journal : official publication of the Federation of American Societies for Experimental Biology,2025,"Cardiovascular diseases, particularly myocardial infarction (MI), remain a leading cause of mortality worldwide, primarily due to the extensive loss of cardiomyocytes and the heart's limited regenerative capacity. MI, caused by obstructed blood flow, results in cardiac muscle damage, scar tissue formation, and ultimately, heart failure. While heart transplantation is the definitive treatment, its application is limited by donor shortages and the risk of immune rejection. This underscores the urgent need for regenerative strategies. MicroRNAs (miRNAs) play a crucial role in regulating myocardial healing post-ischemia, with specific miRNAs such as miR-92a, miR-126, and miR-145 shown to promote angiogenesis. However, the therapeutic application of miRNAs is hindered by delivery challenges at both extracellular and intracellular levels. This review explores the potential of nanoparticles (NPs) and engineered bioscaffolds to address these obstacles. We first examine the role of miRNAs in post-MI cardiovascular remodeling, followed by an overview of current challenges in miRNA-based therapy delivery. We then discuss the use of NPs and electrospun nanofibrous scaffolds in this context. Finally, we review existing cardiac bioscaffolds, their limitations, and future directions for developing optimized nanofibrous scaffolds for effective cardiac regeneration.",https://pubmed.ncbi.nlm.nih.gov/40699935/
Heart Attack,42538869,Comparing the effectiveness of home-based and center-based cardiac rehabilitation: a randomized clinical trial.,Future cardiology,2026,"PURPOSE: Center-based cardiac rehabilitation (CR) is the standard of care for patients with cardiovascular disease. However, access limitations have led to increased interest in home-based alternatives. This study aimed to compare the effects of home-based and center-based CR in an Iranian population.
METHODS: In this randomized controlled trial, 236 patients with cardiovascular disease were randomized to receive either home-based (n = 107) or center-based (n = 129) CR. Interventions lasted 8 weeks, with outcomes assessed at baseline and 6 months. The primary outcome was the change in exercise capacity. Secondary outcomes included exercise capacity, maximum heart rate, blood pressure (BP), lipid profile, fasting blood sugar, body mass index, and waist circumference.
RESULTS: Between-group analysis using ANCOVA, adjusting for baseline values, showed that center-based CR was significantly more effective in improving exercise capacity (11.49 ± 0.22 vs 13.65 ± 0.19, p < 0.001), systolic BP (122.08 ± 1.33 vs 116.58 ± 1.17, P = 0.005), and diastolic BP (79.83 ± 0.84 vs 74.35 ± 0.74, p < 0.001). No significant between-group differences were observed in other variables.
CONCLUSION: Both home-based and center-based CR improved exercise capacity; however, center-based CR achieved superior gains and better blood pressure control. Home-based CR may be a practical alternative when access to supervised programs is limited.
CLINICAL TRIAL REGISTRATION: www.IRCT.iridentifier:IRCT20201028049181N1.",https://pubmed.ncbi.nlm.nih.gov/42538869/
Heart Attack,42515903,From Percutaneous Coronary Intervention to Heart Failure with Reduced Ejection Fraction: A Case Report Highlighting the Impact of Ineffective Secondary Prevention.,Current cardiology reviews,2026,"BACKGROUND: Coronary artery disease (CAD) is a leading cause of mortality worldwide, with long-term outcomes heavily dependent on secondary prevention. Poor adherence to guideline-directed therapy and unhealthy dietary practices significantly increase the risk of recurrent ischemic events, restenosis, and heart failure. Long-term success after percutaneous coronary intervention depends heavily on continuous adherence to medical therapy and lifestyle modification.
CASE PRESENTATION: This study reports the case of a 63-year-old Indian male with diabetes and hypertension who previously underwent percutaneous coronary intervention in 2014 for myocardial infarction. In 2018, the patient stopped taking both dual antiplatelet therapy and statins and changed to a completely open dietary plan with a large amount of saturated fat in his diet. By 2025, he had unstable angina, which was ultimately diagnosed as a non-ST-elevation myocardial infarction. During coronary angiography, he was found to have significant triple-vessel disease, including in-stent restenosis and a left ventricular ejection fraction of 25% to 35%. As a result, after revascularization, he was treated with a combination of dual antiplatelet therapy, a high-intensity statin, sacubitril/valsartan, and a sodium-glucose cotransporter-2 Inhibitor. While initially all medications were successfully managed, the patient was ultimately found to have irreversible myocardial dysfunction due to prolonged nonadherence with proper management and lifestyle modifications.
CONCLUSIONS: This case highlights the potential long-term consequences of discontinuing prescribed cardiac medications and neglecting dietary advice after revascularization. Although multiple factors such as progression of diabetes, metabolic disturbances, and recurrent ischemia may contribute to ventricular dysfunction, prolonged interruption of guideline-directed therapy and periodic assessment of therapeutic targets likely played an important role in the progression of coronary disease and development of heart failure.",https://pubmed.ncbi.nlm.nih.gov/42515903/
Heart Attack,42329207,The Lifestyle Medicine Health Behavior Scale and Cardiovascular Disease: A Prospective Cohort Study From the UK Biobank.,American journal of preventive medicine,2026,"INTRODUCTION: Cardiovascular disease remains the leading cause of death globally, with modifiable lifestyle factors being paramount in its prevention. However, comprehensive tools to evaluate adherence to healthy lifestyle behaviors are limited. The modified Lifestyle Medicine Health Behavior scale was developed to assess the 6 pillars of lifestyle medicine: nutrition, physical activity, sleep, stress management, social connection, and substance use (smoking status).
METHODS: A cohort of 447,311 individuals aged 40-70 years from the UK Biobank who were free of cardiovascular disease at baseline (2009-2012) and were followed up to 2021 was used. The modified Lifestyle Medicine Health Behavior scale score was calculated using self-reported data on its 6 pillars and had a possible range of 23-102 points (a higher score indicated a better lifestyle). Cardiovascular disease incidence was defined as primary myocardial infarction or stroke and was obtained from clinical records and death registries. Study associations were analyzed using multivariable Cox regression models.
RESULTS: During a 12.55-year median follow-up, 16,168 events of cardiovascular disease occurred. The multivariable-adjusted hazard ratio (95% CI) comparing participants in the highest with those in the lowest quintile of the modified Lifestyle Medicine Health Behavior score was 0.66 (0.63, 0.70) for cardiovascular disease, 0.66 (0.61, 0.70) for myocardial infarction, 0.65 (0.54, 0.78) for hemorrhagic stroke, and 0.68 (0.62, 0.74) for ischemic stroke; all p-trends were <0.001. A continuous inverse dose-response association was found in the spline analysis. Results remained robust in several sensitivity analyses. Substance use, followed by sleep, nutrition, and physical activity, were the strongest contributors to cardiovascular disease risk reduction, whereas stress management and social connection showed weaker associations.
CONCLUSIONS: In this large cohort of middle-aged and older British adults, the modified Lifestyle Medicine Health Behavior scale, a comprehensive tool for assessing lifestyle behaviors, was strongly associated with a lower cardiovascular disease risk. These findings highlight the impact of healthy lifestyle behaviors on cardiovascular disease prevention.",https://pubmed.ncbi.nlm.nih.gov/42329207/
Heart Attack,42108011,Current landscape for outcome prediction in patients with cardiogenic shock.,Future cardiology,2026,"Cardiogenic shock (CS) is a critical state of primary cardiac dysfunction characterized by tissue hypoperfusion and cellular hypoxia, with in-hospital mortality rates persistently between 30% and 50%. This review synthesizes contemporary evidence to redefine risk stratification through a dynamic, multi-modal lens, moving beyond static snapshots to prioritize longitudinal assessment aimed at anticipating clinical instability, therapeutic response, or physiological recovery. The evolution of CS staging is evaluated, specifically the Society for Cardiovascular Angiography and Interventions (SCAI) five-stage continuum, which tracks patient progression from ""At risk"" (Stage A) to ""Extremis"" (Stage E) and identifies critical windows for preemptive stabilization in Stage B. Essential hemodynamic ""signposts"" are examined, including cardiac index, right atrial pressure over pulmonary capillary wedge pressure ratio and pulmonary artery pulsatility index, which help identify high-risk phenotypes like the right-dominant CS. We highlight the role of echocardiography, lung ultrasonography and Venous Excess Ultrasound (VExUS) score as real-time biomarkers for monitoring forward flow and central and systemic congestion. Ultimately, accurate prognostication requires a multi-modal risk portrait integrating shock severity, biological phenotype, and patient-specific modifiers to identify non-responders early and allow for the timely treatment escalation, or proper de-escalation of intensive therapies as clinical improvement occurs. In this context, predictive approaches are primarily intended to anticipate imminent clinical deterioration or recovery, whereas prognostic models aim to estimate outcome probabilities, particularly mortality risk, once cardiogenic shock is established.",https://pubmed.ncbi.nlm.nih.gov/42108011/
Heart Failure,36262014,An overview of mineralocorticoid receptor antagonists as a treatment option for patients with heart failure: the current state-of-the-art and future outlook.,Expert opinion on pharmacotherapy,2022,"INTRODUCTION: Mineralocorticoid receptor antagonists (MRAs) improve cardiovascular outcomes in patients with heart failure. These benefits of MRAs vary in different heart failure populations based on left ventricular ejection fraction and associated comorbidities.
AREAS COVERED: We define the pharmacologic properties of MRAs and the pathophysiological rationale for their utility in heart failure. We outline the current literature on the use of MRAs in different heart failure populations, including reduced and preserved ejection fraction (HFrEF/HFpEF) and acute heart failure decompensation. Finally, we describe the limitations of currently available data and propose future directions of study.
EXPERT OPINION: While there is strong evidence supporting the use of MRAs in HFrEF, evidence in patients with HFpEF or acute heart failure is less definitive. Comorbidities such as obesity or atrial fibrillation could be clinical modifiers of the response to MRAs and potentially alter the risk/benefit ratio in these subpopulations. Emerging evidence for new non-steroidal MRAs reveal promising preliminary results that, if confirmed in large randomized clinical trials, could favor a change in clinical practice.",https://pubmed.ncbi.nlm.nih.gov/36262014/
Heart Failure,42565888,Ten-year incidence and heart failure dominance of hospitalized cardiovascular events in rheumatoid arthritis: a hospital-based cohort study from Martinique.,Rheumatology international,2026,"Higher risks of cardiovascular mortality and cardiovascular events have been reported in patients with rheumatoid arthritis (RA) compared with the general population. However, data remain scarce in populations of African descent, and the Caribbean region is under-represented in this field. We aimed to assess the burden of hospitalized cardiovascular events (HCE) in Martinique, a French Caribbean overseas territory with a predominantly Afro-Caribbean population. We conducted a retrospective cohort study of patients with RA from Martinique identified through the hospital discharge database. The 10-year cumulative incidence of HCE was estimated using the Fine and Gray competing-risk method, with a sensitivity analysis restricted to the classical 3-point major adverse cardiovascular events (MACE) definition. Among 205 patients with RA, 50.5% had hypertension, 30.0% diabetes mellitus,39.4% had dyslipidemia and 59.5% were overweight or obese. Smoking exposure was uncommon. 10-year cumulative incidence of HCE was 8.3% (95% CI 4.5-12.1) for the overall composite endpoint and 4.0% (95% CI 1.3-6.8) when restricted to 3-point MACE. Acute heart failure (HF) accounted for 47.1% (8/17) of events and was mostly incident, with non-ischemic etiologies. Patients with RA who developed HCE were significantly older at RA diagnosis, more frequently diabetic, and exposed to fewer bDMARDs or tsDMARDs. HCE affected a substantial proportion of patients with RA in Martinique with incidence estimates comparable to other RA cohorts despite a distinct cardiometabolic profile. HF emerged as the leading cardiovascular outcome, supporting the integration of heart failure prevention and early detection into cardiovascular surveillance strategies for RA in this setting.",https://pubmed.ncbi.nlm.nih.gov/42565888/
Heart Failure,42555614,"Prevalence, treatment rates and control of dyslipidemia among diabetes patients in northern Nigeria: A cross-sectional, multicenter study.",PloS one,2026,"OBJECTIVES: Dyslipidemia is prevalent among Nigerians with diabetes mellitus (DM), but its treatment has not been well-studied. The objective of this study was to determine the prevalence, treatment rates and control of dyslipidemia among DM patients in northern Nigeria.
METHODS: We conducted a multicenter, cross-sectional study of dyslipidemia in DM patients, and noted cardiovascular disease (CVD) risk factors, lipid-lowering treatments, body mass index, blood pressure, HbA1c, lipid profile, glomerular filtration rate and proteinuria. Outcome measures were the rate and treatment of dyslipidemia and attainment of low density lipoprotein cholesterol target for primary prevention of CVD. Binomial logistic regression was used to analyze associations between participant characteristics and dyslipidemia. Hosmer-Lemeshow goodness-of-fit test was used to evaluate the model fit. Statistical analysis was performed with the SPSS version 25 program.
RESULTS: The study enrolled 403 participants (58.8% females), of whom 59.6% had dyslipidemia. Besides DM and dyslipidemia, other risk factors for CVD were hypertension (56.8%), obesity (52.6%), chronic kidney disease (36.5%), atrial fibrillation (7.9%), heart failure (5.0%), cigarette smoking (4.7%), excess alcohol use (2.0%), and previous CVD (14.4%). Logistic regression analysis showed dyslipidemia was significantly associated with female gender (odds ratio = 1.68, P = 0.029) and proteinuria (odds ratio = 2.26, P = 0.004). Among those with dyslipidemia, 51.3% took lipid-lowering treatments comprising statins (50.8%) and clofibrate (2.9%). None took other lipid-lowering treatments, and only 17.1% attained the target for primary prevention of CVD.
CONCLUSION: Three-fifths of patients had dyslipidemia, but only a sixth attained the treatment target. Treatment for dyslipidemia included statins and fibrates, but not niacin, ezetimibe, bempedoic acid, icosapent ethyl, inclisiran or PCSK9 inhibitors recommended for those who failed intensive statin therapy. There is the need for better access to non-statin treatment and physician adherence to clinical practice guidelines.",https://pubmed.ncbi.nlm.nih.gov/42555614/
Heart Failure,42543662,Prognostic Value of Lipoprotein (a) in Japanese Patients with Acute Coronary Syndrome Surviving Primary Percutaneous Coronary Intervention to Discharge.,International heart journal,2026,"Previous studies investigating lipoprotein(a) [Lp(a)] as a prognostic factor in acute coronary syndrome (ACS) have yielded conflicting results, with limited data in Japanese populations. Inconsistent inclusion of early in-hospital deaths further limits clinical applicability for secondary prevention strategies.To evaluate the prognostic value of Lp(a) levels in ACS patients who underwent successful primary percutaneous coronary intervention (PCI) and survived to hospital discharge.This single-center retrospective study enrolled 347 consecutive Japanese ACS patients who underwent primary PCI between December 2016 and March 2021 and were discharged alive. Patients were stratified by Lp(a) levels: < 30 mg/dL (n = 275) and ≥ 30 mg/dL (n = 72). The primary endpoint was major adverse cardiac events (MACE), defined as all-cause death, nonfatal myocardial infarction, nonfatal stroke, and heart failure requiring hospitalization. Kaplan-Meier survival analysis and multivariable Cox regression models were performed.During a median follow-up of 37 months, 59 MACE events (17.0%) occurred. The median Lp(a) level was 14 mg/dL. Kaplan-Meier analysis showed no significant difference in MACE-free survival between groups (log-rank P = 0.46). In all multivariable analyses, Lp(a) ≥ 30 mg/dL was not associated with mid-term MACE. Significant predictors were age ≥ 70 years, male sex, and chronic kidney disease.Elevated Lp(a) levels did not significantly predict mid-term MACE in Japanese ACS patients surviving primary PCI. Traditional risk factors, including age, male sex, and chronic kidney disease, were the primary determinants of mid-term prognosis in this population.",https://pubmed.ncbi.nlm.nih.gov/42543662/
Heart Failure,42565898,Contemporary medical therapy for heart failure with mildly reduced or preserved ejection fraction.,Heart failure reviews,2026,"Treatment for heart failure with mildly reduced ejection fraction (HFmrEF) and preserved ejection fraction (HFpEF) has evolved significantly in recent years. This period of therapeutic progress follows a span of over two decades during which randomized controlled trials (RCTs) of neurohormonal blockade and other therapies failed to definitively demonstrate clinical benefits. As such, traditionally, management guidelines for HFmrEF and HFpEF were limited to recommendations focused on optimization of volume status with diuretics, management of comorbidities, and consideration of certain medications such as angiotensin receptor-neprilysin inhibitor (ARNi) or steroidal mineralocorticoid receptor antagonists (MRA) to subsets of patients. After definitive results from multiple RCTs, sodium-glucose cotransporter 2 inhibitors (SGLT2i) are currently a main pillar in treating HFmrEF and HFpEF in European and American guidelines. However, other therapies, including non-steroidal mineralocorticoid receptor antagonists (nsMRA) and glucagon-like peptide-1 receptor agonists (GLP-1 RA), are proving to be additional effective treatments for HFmrEF and HFpEF and preventing the progression of cardiovascular-kidney-metabolic (CKM) syndrome. There is now increasing justification for combining multiple proven treatments for HFmrEF and HFpEF to maximize potential benefits.",https://pubmed.ncbi.nlm.nih.gov/42565898/
Heart Failure,42552199,Educational professional activities for enhancing heart failure guidelines implementation: data from the Optimization of Therapy in the Italian Management of Heart Failure (OpTIMa-HF) Registry.,European journal of internal medicine,2026,"BACKGROUND: European guidelines recommend for heart failure with reduced ejection fraction (HFrEF) rapid initiation and later up-titration of four foundation drugs. We assessed whether an educational intervention might improve guideline-directed medical therapy (GDMT) use in Italian clinical practice.
METHODS: OpTIMa-HF is a multicenter observational registry including 29 Italian centers (hospital- and community-based HF outpatient clinics). The protocol included a retrospective phase (T0; January-October 2022), an educational intervention, and a prospective enrolment (T1; September-November 2023). HFrEF patients in retrospective and prospective phases were compared. Outcomes were prescription rates of GDMT drugs, combination therapy, management of contraindications, and drugs doses, adjusted for multiple comparisons using the Holm-Bonferroni procedure.
RESULTS: A total of 1,390 HFrEF patients were analyzed in T0 and 1,292 in T1. Patients enrolled in T1 were slightly older (70.5 vs 69.5 years; p=0.032), with similar sex distribution. After multiple comparisons, prescription rates increased for mineralocorticoid receptor antagonists (MRA, 75.8% vs 81.4%, p=0.040) and sodium-glucose co-transporter-2 inhibitors (SGLT2i, 63.2% to 80.3%, p<0.001), compared to T0. Quadruple therapy increased by approximately 30% (46.9% vs 61% p<0.001) and was stable after multiple comparisons, as the proportion of patients not receiving SGLT2i despite no contraindications that decreased from T0 to T1 (31.8% vs 17.1%; p<0.001).
CONCLUSIONS: In patients with HFrEF educational activities are associated with improvement in guidelines recommended drugs implementation and might represent a feasible strategy to improve clinical practice.",https://pubmed.ncbi.nlm.nih.gov/42552199/
Heart Failure,42539380,Screening for atrial fibrillation in older adults in primary care: a cross-sectional pilot study in Qatar.,Frontiers in public health,2026,"BACKGROUND: Atrial fibrillation (AF) is the most common arrhythmia in clinical practice, and its prevalence is increasing in aging populations. It is a leading cause of acute stroke, heart failure, and other cardiovascular morbidities. AF is often asymptomatic and is frequently diagnosed late, typically after a patient presents with acute stroke. Early detection and treatment can prevent such life-threatening events, making AF screening a public health priority. However, diagnosing asymptomatic AF remains challenging. While international guidelines recommend AF screening, Qatar lacks documented prevalence data and formal screening programs. This study aimed to assess the feasibility of an AF screening program for older adults in Qatar.
METHODS: A cross-sectional study was conducted among individuals aged ≥65 years registered with the Primary Health Care Corporation (PHCC)-Qatar, which serves approximately 70% of Qatar's population. A simple random sample of 139 to 385 individuals was determined to ensure a sampling error of 5% to 3%, assuming a 10% AF prevalence. The participants underwent screening via standard ECG tracing that were reviewed independently by both the family physicians and a cardiologist.
RESULTS: The prevalence of AF among the study population was 5.4%. Newly diagnosed cases accounted for 2% of the 249 participants screened. All newly detected patients had CHA2DS2-VA scores indicating the need for anticoagulant therapy to reduce stroke risk. Furthermore, compared with cardiologists, the family physicians in primary care successfully identified 75% of AF cases through ECG.
CONCLUSIONS: If implemented nationally among individuals aged ≥65 years, the screening program could identify 747 undiagnosed AF cases among the 37,371. AF screening for individuals aged ≥75 years appears to provide an effective strategy for reducing the cost and supporting the implementation of a targeted screening strategy in Qatar.",https://pubmed.ncbi.nlm.nih.gov/42539380/
