focus_area,title,summary,full_text,url
Breast Cancer,Breast cancer,"Breast cancer is a cancer that develops from breast tissue. Signs of breast cancer may include: a lump in the breast, a change in breast shape, dimpling of the skin, milk rejection, fluid coming from the nipple, a newly inverted nipple, or a red or scaly patch of skin. In those with distant spread of the disease, there may be bone pain, swollen lymph nodes, shortness of breath, or yellow skin.
Risk factors for developing breast cancer include obesity, a lack of physical exercise, alcohol consumption, hormone replacement therapy during menopause, ionizing radiation, an early age at first menstruation, having children late in life (or not at all), older age, having a prior history of breast cancer, and a family history of breast cancer. About five to ten percent of cases are the result of an inherited genetic predisposition, including BRCA mutations among others. Breast cancer most commonly develops in cells from the lining of milk ducts and the lobules that supply these ducts with milk. Cancers developing from the ducts are known as ductal carcinomas, while those developing from lobules are known as lobular carcinomas. There are more than 18 other sub-types of breast cancer. The diagnosis of breast cancer is confirmed by taking a biopsy of the concerning tissue. Once the diagnosis is made, further tests are carried out to determine if the cancer has spread beyond the breast and which treatments are most likely to be effective.
Breast cancer screening can be instrumental, given that the size of a breast cancer and its spread are among the most critical factors in predicting the prognosis of the disease. Breast cancers found during screening are typically smaller and less likely to have spread outside the breast. Training health workers to do clinical breast examination may have potential to detect breast cancer at an early stage. A 2013 Cochrane review found that it was unclear whether mammographic screening does more harm than good, in that a large proportion of women who test positive turn out not to have the disease. A 2009 review for the US Preventive Services Task Force found evidence of benefit in those 40 to 70 years of age, and the organization recommends screening every two years in women ages 50 to 74.
The medications tamoxifen or raloxifene may be used in an effort to prevent breast cancer in those who are at high risk of developing it. Surgical removal of both breasts is another preventive measure in some high risk women. In those who have been diagnosed with cancer, several treatments may be used, including surgery, radiation therapy, chemotherapy, hormonal therapy, and targeted therapy. Types of surgery vary from breast-conserving surgery to mastectomy. Breast reconstruction may take place at the time of surgery or at a later date. In those in whom the cancer has spread to other parts of the body, treatments are mostly aimed at improving quality of life and comfort.
Outcomes for breast cancer vary depending on the cancer type, the extent of disease, and the person's age. The five-year survival rates in United States and in the UK are over 90%. In developing countries, five-year survival rates are lower. Worldwide, breast cancer is the leading type of cancer in women, accounting for 25% of all cases. In 2018, it resulted in two million new cases and 627,000 deaths. It is more common in developed countries, and is more than 100 times more common in women than in men. For transgender individuals on gender-affirming hormone therapy, breast cancer is five times more common in cisgender women than in transgender men, and 46 times more common in transgender women than in cisgender men.","Breast cancer is a cancer that develops from breast tissue. Signs of breast cancer may include: a lump in the breast, a change in breast shape, dimpling of the skin, milk rejection, fluid coming from the nipple, a newly inverted nipple, or a red or scaly patch of skin. In those with distant spread of the disease, there may be bone pain, swollen lymph nodes, shortness of breath, or yellow skin.
Risk factors for developing breast cancer include obesity, a lack of physical exercise, alcohol consumption, hormone replacement therapy during menopause, ionizing radiation, an early age at first menstruation, having children late in life (or not at all), older age, having a prior history of breast cancer, and a family history of breast cancer. About five to ten percent of cases are the result of an inherited genetic predisposition, including BRCA mutations among others. Breast cancer most commonly develops in cells from the lining of milk ducts and the lobules that supply these ducts with milk. Cancers developing from the ducts are known as ductal carcinomas, while those developing from lobules are known as lobular carcinomas. There are more than 18 other sub-types of breast cancer. The diagnosis of breast cancer is confirmed by taking a biopsy of the concerning tissue. Once the diagnosis is made, further tests are carried out to determine if the cancer has spread beyond the breast and which treatments are most likely to be effective.
Breast cancer screening can be instrumental, given that the size of a breast cancer and its spread are among the most critical factors in predicting the prognosis of the disease. Breast cancers found during screening are typically smaller and less likely to have spread outside the breast. Training health workers to do clinical breast examination may have potential to detect breast cancer at an early stage. A 2013 Cochrane review found that it was unclear whether mammographic screening does more harm than good, in that a large proportion of women who test positive turn out not to have the disease. A 2009 review for the US Preventive Services Task Force found evidence of benefit in those 40 to 70 years of age, and the organization recommends screening every two years in women ages 50 to 74.
The medications tamoxifen or raloxifene may be used in an effort to prevent breast cancer in those who are at high risk of developing it. Surgical removal of both breasts is another preventive measure in some high risk women. In those who have been diagnosed with cancer, several treatments may be used, including surgery, radiation therapy, chemotherapy, hormonal therapy, and targeted therapy. Types of surgery vary from breast-conserving surgery to mastectomy. Breast reconstruction may take place at the time of surgery or at a later date. In those in whom the cancer has spread to other parts of the body, treatments are mostly aimed at improving quality of life and comfort.
Outcomes for breast cancer vary depending on the cancer type, the extent of disease, and the person's age. The five-year survival rates in United States and in the UK are over 90%. In developing countries, five-year survival rates are lower. Worldwide, breast cancer is the leading type of cancer in women, accounting for 25% of all cases. In 2018, it resulted in two million new cases and 627,000 deaths. It is more common in developed countries, and is more than 100 times more common in women than in men. For transgender individuals on gender-affirming hormone therapy, breast cancer is five times more common in cisgender women than in transgender men, and 46 times more common in transgender women than in cisgender men.


== Signs and symptoms ==

Most people with breast cancer have no symptoms at the time of diagnosis; a breast cancer screening test detects their tumor. For those who do have symptoms, a new lump in the breast is most common. Most breast lumps are not cancerous, though lumps that are painless, hard, and with irregular edges are more likely to be cancerous. Other symptoms include skin thickening known as peau d'orange swelling or pain in the breast; dimpling, thickening, redness, or dryness of the breast skin; and pain, or inversion of the nipple. Some may experience unusual discharge from the breasts, or swelling of the lymph nodes under the arms or along the collar bone.
Some less common forms of breast cancer cause distinctive symptoms. Up to 5% of people with breast cancer have inflammatory breast cancer, where cancer cells block the lymph vessels of one breast, causing the breast to swell substantially and redden over three to six months. Up to 3% of people with breast cancer have Paget's disease of the breast, with eczema-like red, scaly irritation on the nipple and areola.
Advanced tumors can spread (metastasize) beyond the breast, most commonly to the bones, liver, lungs, and brain. Bone metastases can cause swelling, progressive bone pain, and weakening of the bones that leads to fractures. Liver metastases can cause abdominal pain, nausea, vomiting, and skin problems – rash, itchy skin, or yellowing of the skin (jaundice). Those with lung metastases experience chest pain, shortness of breath, and regular coughing. Metastases in the brain can cause persistent headache, seizures, nausea, vomiting, and disruptions to the affected person's speech, vision, memory, and regular behavior.


== Screening ==

Breast cancer screening refers to testing women without breast cancer symptoms in an attempt to diagnose breast tumors early, when treatments are more successful. The most common screening test for breast cancer is low-dose X-ray imaging of the breast, called mammography. Each breast is pressed between two plates and imaged. Tumors can appear unusually dense within the breast, distort the shape of surrounding tissue, or cause small dense flecks called microcalcifications. Radiologists generally report mammogram results on a standardized scale – the six-point Breast Imaging-Reporting and Data System (BI-RADS) is the most common globally – where a higher number corresponds to a greater risk of a cancerous tumor.
A mammogram also reveals breast density; dense breast tissue appears opaque on a mammogram and can obscure tumors. BI-RADS categorizes breast density into four categories. Mammography can detect around 90% of breast tumors in the least dense breasts (called ""fatty"" breasts), but just 60% in the most dense breasts (called ""extremely dense""). Women with particularly dense breasts can instead be screened by ultrasound, magnetic resonance imaging (MRI), or tomosynthesis, all of which more sensitively detect breast tumors.

Regular screening mammography reduces breast cancer deaths by at least 20%. Most medical guidelines recommend annual screening mammograms for women aged 50–70. Screening also reduces breast cancer mortality in women aged 40–49, and some guidelines recommend annual screening in this age group as well. For women at high risk for developing breast cancer, most guidelines recommend adding MRI screening to mammography to increase the chance of detecting potentially dangerous tumors. Regularly feeling one's own breasts for lumps or other abnormalities, called breast self-examination, does not reduce a person's chance of dying from breast cancer. Clinical breast exams, where a health professional feels the breasts for abnormalities, are common; whether they reduce the risk of dying from breast cancer is not known. Regular breast cancer screening is commonplace in most wealthy nations, but remains uncommon in the world's poorer countries.


== Diagnosis ==

Those who have a suspected tumor from a mammogram or physical exam first undergo additional imaging – typically a second ""diagnostic"" mammogram and ultrasound – to confirm its presence and location. A biopsy is then taken of the suspected tumor. Breast biopsy is typically done by core needle biopsy, with a hollow needle used to collect tissue from the area of interest. Suspected tumors that appear to be filled with fluid are often instead sampled by fine-needle aspiration. Around 10–20% of breast biopsies are positive for cancer. Most biopsied breast masses are instead caused by fibrocystic breast changes, a term that encompasses benign pockets of fluid, cell growth, or fibrous tissue.


=== Classification ===

Breast cancers are classified by several grading systems, each of which assesses a tumor characteristic that impacts a person's prognosis. First, a tumor is classified by the tissue it arises from, or the appearance of the tumor tissue under a microscope. Most breast cancers (85%) are ductal carcinoma – derived from the lining of the mammary ducts. 10% are lobular carcinoma – derived from the mammary lobes – or mixed ductal/lobular carcinoma. Rarer types include mucinous carcinoma (around 2.5% of cases; surrounded by mucin), tubular carcinoma (1.5%; full of small tubes of epithelial cells), medullary carcinoma (1%; resembling ""medullary"" or middle-layer tissue), and papillary carcinoma (1%; covered in finger-like growths). Oftentimes, a biopsy reveals cells that are cancerous but have not yet spread beyond their original location. This condition, called carcinoma in situ, is often considered ""precancerous"" rather than a dangerous cancer itself. Those with ductal carcinoma in situ (in the mammary ducts) are at increased risk for developing true invasive breast cancer – around a third develop breast cancer within five years. Lobular carcinoma in situ (in the mammary lobes) rarely causes a noticeable lump, and is often found incidentally during a biopsy for another reason. It is commonly spread throughout both breasts. Those with lobular carcinoma in situ also have an increased risk of developing breast cancer – around 1% develop breast cancer each year. However, their risk of dying of breast cancer is no higher than that of the rest of the population.
Invasive tumor tissue is assigned a grade based on how distinct it appears from healthy breast. Breast tumors are graded on three features: the proportion of cancer cells that form tubules, the appearance of the cell nucleus, and how many cells are actively replicating. Each feature is scored on a three-point scale, with a higher score indicating less healthy-looking tissue. A grade is assigned based on the sum of the three scores. Combined scores of 3, 4, or 5 represent grade 1, a slower-growing cancer. Scores of 6 or 7 represent grade 2. Scores of 8 or 9 represent grade 3, a faster-growing, more aggressive cancer.
In addition to grading, tumor biopsy samples are tested by immunohistochemistry to determine if the tissue contains the proteins estrogen receptor (ER), progesterone receptor (PR), or human epidermal growth factor receptor 2 (HER2). Tumors containing either ER or PR are called ""hormone receptor-positive"" and can be treated with hormone therapies. Around 15 to 20% of tumors contain HER2; these can be treated with HER2-targeted therapies. The remainder that do not contain ER, PR, or HER2 are called ""triple-negative"" tumors, and tend to grow more quickly than other breast cancer types.
After the tumor is evaluated, the breast cancer case is staged using the American Joint Committee on Cancer and Union for International Cancer Control's TNM staging system. Scores are assigned based on characteristics of the tumor (T), lymph nodes (N), and any metastases (M). T scores are determined by the size and extent of the tumor. Tumors less than 2 centimeters (cm) across are designated T1. Tumors 2–5 cm across are T2. A tumor greater than 5 cm across is T3. Tumors that extend to the chest wall or to the skin are designated T4. N scores are based on whether the cancer has spread to nearby lymph nodes. N0 indicates no spread to the lymph nodes. N1 is for tumors that have spread to the closest axillary lymph nodes (called ""level I"" and ""level II"" axillary lymph nodes, in the armpit). N2 is for spread to the intramammary lymph nodes (on the other side of the breast, near the chest center), or for axillary lymph nodes that appear attached to each other or to the tissue around them (a sign of more severely affected tissue). N3 designates tumors that have spread to the highest axillary lymph nodes (called ""level 3"" axillary lymph nodes, above the armpit near the shoulder), to the supraclavicular lymph nodes (along the neck), or to both the axillary and intramammary lymph nodes. The M score is binary: M0 indicates no evidence metastases; M1 indicates metastases have been detected.
TNM scores are then combined with tumor grades and ER/PR/HER2 status to calculate a cancer case's ""prognostic stage group"". Stage groups range from I (best prognosis) to IV (worst prognosis), with groups I, II, and III further divided into subgroups IA, IB, IIA, IIB, IIIA, IIIB, and IIIC. In general, tumors of higher T and N scores and higher grades are assigned higher stage groups. Tumors that are ER, PR, and HER2 positive are slightly lower stage group than those that are negative. Tumors that have metastasized are stage IV, regardless of the other scored characteristics.


== Management ==

The management of breast cancer depends on the affected person's health, the cancer case's molecular characteristics, and how far the tumor has spread at the time of diagnosis.


=== Local tumors ===

Those whose tumors have not spread beyond the breast often undergo surgery to remove the tumor and some surrounding breast tissue. The surgery method is typically chosen to spare as much healthy breast tissue as possible, removing just the tumor (lumpectomy) or a larger part of the breast (partial mastectomy). Those with large or multiple tumors, high genetic risk of subsequent cancers, or who are unable to receive radiation therapy may instead opt for full removal of the affected breast(s) (full mastectomy). To reduce the risk of cancer spreading, women will often have the nearest lymph node removed in a procedure called sentinel lymph node biopsy. Dye is injected near the tumor site, and several hours later, the lymph node in which the dye accumulates is removed.
After surgery, many undergo radiotherapy to decrease the chance of cancer recurrence. Those who had lumpectomies receive radiation to the whole breast. Those who had a mastectomy and are at elevated risk of tumor spread – tumor greater than five centimeters wide, or cancerous cells in nearby lymph nodes – receive radiation to the mastectomy scar and chest wall. If cancerous cells have spread to nearby lymph nodes, those lymph nodes will be irradiated as well. Radiation is typically given five days per week, for up to seven weeks. Radiotherapy for breast cancer is typically delivered via external beam radiotherapy, where a device focuses radiation beams onto the targeted parts of the body. Instead, some undergo brachytherapy, where radioactive material is placed into a device inserted at the surgical site from which the tumor was removed. Fresh radioactive material is added twice a day for five days, then the device is removed. Surgery plus radiation typically eliminates a person's breast tumor. Less than 5% of those treated have their breast tumor grow back. After surgery and radiation, the breast can be surgically reconstructed, either by adding a breast implant or transferring excess tissue from another part of the body.
Chemotherapy reduces the chance of cancer recurring in the next ten years by around a third. However, 1-2% of those on chemotherapy experience life-threatening or permanent side effects. To balance these benefits and risks, chemotherapy is typically offered to those with a higher risk of cancer recurrence. There is no established risk cutoff for offering chemotherapy; determining who should receive chemotherapy is controversial. Chemotherapy drugs are typically given in two- to three-week cycles, with periods of drug treatment interspersed with rest periods to recover from the therapies' side effects. Four to six cycles are given in total. Many classes of chemotherapeutic agents are effective for breast cancer treatment, including the DNA alkylating drugs (cyclophosphamide), anthracyclines (doxorubicin and epirubicin), antimetabolites (fluorouracil, capecitabine, and methotrexate), taxanes (docetaxel and paclitaxel), and platinum-based chemotherapies (cisplatin and carboplatin).
 Chemotherapies from different classes are typically given in combination, with particular chemotherapy drugs selected based on the affected person's health and the different chemotherapeutics' side effects. Anthrocyclines and cyclophosphamide cause leukemia in up to 1% of those treated. Anthrocyclines also cause congestive heart failure in around 1% of people treated. Taxanes cause peripheral neuropathy, which is permanent in up to 5% of those treated. The same chemotherapy agents can be given before surgery – called neoadjuvant therapy – to shrink tumors, making them easier to remove safely.
For those whose tumors are HER2-positive, adding the HER2-targeted antibody trastuzumab to chemotherapy reduces the chance of cancer recurrence and death by at least a third. Trastuzumab is given weekly or every three weeks for twelve months. Adding a second HER2-targeted antibody, pertuzumab slightly enhances treatment efficacy. In rare cases, trastuzumab can disrupt heart function, and so it is typically not given in conjunction with anthracyclines, which can also damage the heart.
After their chemotherapy course, those whose tumors are ER-positive or PR-positive benefit from endocrine therapy, which reduces the levels of estrogens and progesterones that hormone receptor-positive breast cancers require to survive. Tamoxifen treatment blocks the ER in the breast and some other tissues, and reduces the risk of breast cancer death by around 40% over the next ten years. Chemically blocking estrogen production with GnRH-targeted drugs (goserelin, leuprolide, or triptorelin) and aromatase inhibitors (anastrozole, letrozole, or exemestane) slightly improves survival, but has more severe side effects. Side effects of estrogen depletion include hot flashes, vaginal discomfort, and muscle and joint pain. Endocrine therapy is typically recommended for at least five years after surgery and chemotherapy, and is sometimes continued for 10 years or longer.
Women with breast cancer who had a lumpectomy or a mastectomy and kept their other breast have similar survival rates to those who had a double mastectomy. There seems to be no survival advantage to removing the other breast, with only a 7% chance of cancer occurring in the other breast over 20 years.


=== Metastatic disease ===
For around 1 in 5 people treated for localized breast cancer, their tumors eventually spread to distant body sites – most commonly the nearby bones (67% of cases), liver (41%), lungs (37%), brain (13%), and peritoneum (10%). Those with metastatic disease can receive further chemotherapy, typically starting with capecitabine, an anthracycline, or a taxane. As one chemotherapy drug fails to control the cancer, another is started. In addition to the chemotherapeutic drugs used for localized cancer, gemcitabine, vinorelbine, etoposide, and epothilones are sometimes effective. Those with bone metastases benefit from regular infusion of the bone-strengthening agents denosumab and the bisphosphonates; infusion every three months reduces the chance of bone pain, fractures, and bone hypercalcemia.
Up to 70% of those with ER-positive metastatic breast cancer benefit from additional endocrine therapy. Therapy options include those used in localized cancer, plus toremifene and fulvestrant, often used in combination with CDK4/6 inhibitors (palbociclib, ribociclib, or abemaciclib). When one endocrine therapy fails, most will benefit from transitioning to a second one. Some respond to a third sequential therapy. Adding an mTOR inhibitor, everolimus, can further slow the tumors' progression.
Those with HER2-positive metastatic disease can benefit from continued use of trastuzumab, alone, in combination with pertuzumab, or in combination with chemotherapy. Those whose tumors continue to progress on trastuzumab benefit from HER2-targeted antibody drug conjugates (HER2 antibodies linked to chemotherapy drugs) trastuzumab emtansine or trastuzumab deruxtecan. The HER2-targeted antibody margetuximab can also prolong survival, as can HER2 inhibitors lapatinib, neratinib, or tucatinib.
Certain therapies are targeted at those whose tumors have specific gene mutations: Alpelisib or capivasertib for those with mutations activating the protein PIK3CA. PARP inhibitors (olaparib and talazoparib) for those with mutations that inactivate BRCA1 or BRCA2. The immune checkpoint inhibitor antibody atezolizumab for those whose tumors express PD-L1. And the similar immunotherapy pembrolizumab for those whose tumors have mutations in various DNA repair pathways.
Imlunestrant (Inluriyo) was approved for medical use in the United States in September 2025.


=== Supportive care ===

Many breast cancer therapies have side effects that can be alleviated with appropriate supportive care. Chemotherapy causes hair loss, nausea, and vomiting in nearly everyone who receives it. Antiemetic drugs can alleviate nausea and vomiting; cooling the scalp with a cold cap during chemotherapy treatments may reduce hair loss. Many complain of cognitive issues during chemotherapy treatment. These usually resolve within a few months of the end of chemotherapy treatment. Those on endocrine therapy often experience hot flashes, muscle and joint pain, and vaginal dryness/discomfort that can lead to issues having sex. Around half of women have their hot flashes alleviated by taking antidepressants; pain can be treated with physical therapy and nonsteroidal anti-inflammatory drugs; counseling and use of personal lubricants can improve sexual issues.
In women with non-metastatic breast cancer, psychological interventions such as cognitive behavioral therapy can have positive effects on outcomes such as cognitive impairment, anxiety, depression and mood disturbance, and can also improve the quality of life. Physical activity interventions, yoga and meditation may also have beneficial effects on health related quality of life, cognitive impairment, anxiety, fitness and physical activity in women with breast cancer following adjuvant therapy.
In-person and virtual peer support groups for patients and survivors of breast cancer can promote quality of life and companionship based on similar lived experiences. The potential benefits of peer support are particularly impactful for women with breast cancer facing additional unique challenges related to ethnicity and socioeconomic status. Peer support groups tailored to adolescents and young adult women can improve coping strategies against age-specific types of distress associated with breast cancer, including post-traumatic stress disorder and body image issues.


== Prognosis ==
Different countries have different prognoses. In the United States, the UK, South Korea, Japan, and Australia, more than 90% of women survive breast cancer for at least five years from diagnosis. In China, this is 82%. India saw a 66% survival rate.
Breast cancer prognosis varies widely depending on how far the tumor has spread at the time of diagnosis. Overall, 92% of women diagnosed with breast cancer in the United States survive at least five years from diagnosis. Those whose tumor(s) are completely confined to the breast (nearly two-thirds of cases) have the best prognoses – 100% survive at least five years. Those whose tumors have metastasized to distant sites have relatively poor prognoses – 33% survive at least five years from the time of diagnosis.
Triple-negative breast cancer (up to 15% of cases) and inflammatory breast cancer (up to 5% of cases) are particularly aggressive and have relatively poor prognoses. Those with triple-negative breast cancer have an overall five-year survival rate of 78% – 92% for those whose tumors are confined to the breast; 15% for those with metastases. Those with inflammatory breast cancer are diagnosed after the cancer has already spread to the skin of the breast. They have an overall five-year survival rate of 40%; 22% for those with metastases. The relatively rare tumors with tubular, mucinous, or medullary growth tend to have better prognoses.
In addition to the factors that influence cancer staging, a person's age can also impact prognosis. Breast cancer before age 35 is rare and is more likely to be associated with a genetic predisposition to aggressive cancer. Conversely, breast cancer in those aged over 75 is associated with poorer prognosis.


== Risk factors ==


=== Hormonal ===
Up to 80% of the variation in breast cancer frequency across countries is due to differences in reproductive history
that impact a woman's levels of female sex hormones (estrogens). Women who begin menstruating earlier (before age 12) or who undergo menopause later (after 51) are at increased risk of developing breast cancer. Women who give birth early in life are protected from breast cancer – someone who gives birth as a teenager has around a 70% lower risk of developing breast cancer than someone who does not have children. That protection wanes with higher maternal age at first birth, and disappears completely by age 35. Breastfeeding also reduces one's chance of developing breast cancer, with an approximately 4% reduction in breast cancer risk for every 12 months of breastfeeding experience. Those who lack functioning ovaries have reduced levels of estrogens, and therefore greatly reduced breast cancer risk.
Hormone replacement therapy for treatment of menopause symptoms can also increase a woman's risk of developing breast cancer, though the effect depends on the type and duration of therapy. Combined progesterone/estrogen therapy increases breast cancer risk – approximately doubling one's risk after 6–7 years of treatment (though the same therapy decreases the risk of colorectal cancer). Hormone treatment with estrogen alone has no effect on breast cancer risk, but increases one's risk of developing endometrial cancer, and therefore is only given to women who have undergone hysterectomies.
In the 1980s, the abortion–breast cancer hypothesis posited that induced abortion increased the risk of developing breast cancer. This hypothesis was the subject of extensive scientific inquiry, which concluded that neither miscarriages nor abortions are associated with a heightened risk for breast cancer.
The use of hormonal birth control does not cause breast cancer for most women; if it has an effect, it is small (on the order of 0.01% per user–year), temporary, and offset by the users' significantly reduced risk of ovarian and endometrial cancers. Among those with a family history of breast cancer, use of modern oral contraceptives does not appear to affect the risk of breast cancer.


=== Lifestyle ===

Drinking alcoholic beverages increases the risk of breast cancer, even among very light drinkers (women drinking less than half of one alcoholic drink per day). The risk is highest among heavy drinkers. Globally, about one in ten cases of breast cancer is caused by women drinking alcoholic beverages. Alcohol use is among the most common modifiable risk factors.
Obesity and diabetes increase the risk of breast cancer. A high body mass index (BMI) causes 7% of breast cancers; diabetes mellitus is responsible for 2%. At the same time, the correlation between obesity and breast cancer is not at all linear. Studies show that those who rapidly gain weight in adulthood are at higher risk than those who have been overweight since childhood. Likewise, excess fat in the midriff seems to induce a higher risk than excess weight carried in the lower body. Dietary factors that may increase risk include a high-fat diet and obesity-related high cholesterol levels.
Dietary iodine deficiency may also play a role in the development of breast cancer.
Smoking tobacco appears to increase the risk of breast cancer, with the greater the amount smoked and the earlier in life that smoking began, the higher the risk. In those who are long-term smokers, the relative risk is increased by 35% to 50%.
A lack of physical activity has been linked to about 10% of cases. Sitting regularly for prolonged periods is associated with higher mortality from breast cancer. Regular exercise does not eliminate the risk, though it reduces it.
Actions to prevent breast cancer include not drinking alcoholic beverages, maintaining a healthy body composition, avoiding smoking, and eating healthy food. Combining all of these (leading the healthiest possible lifestyle) would make almost a quarter of breast cancer cases worldwide preventable. The remaining three-quarters of breast cancer cases cannot be prevented through lifestyle changes.
Environmental exposure to higher levels of air pollution, specifically NO2, has been related to increased incidence of breast cancer. Effects may be greater for certain types of breast cancer (ER+/PR+ > ER−/PR−) and menopausal stage (premenopausal > postmenopausal). Some results also support a connection between historical exposure to PM2.5 and increased incidence. A number of chemicals have been linked to breast cancer progression. Some may affect estrogen and the endocrine system, while others promote metastasis to secondary sites and resistance to chemotherapy. Environmental chemical disruptors include polychlorinated biphenyls, organochlorine pesticides, polycyclic aromatic hydrocarbons, and phthalates. 
Although the radiation from mammography is a low dose, it is estimated that yearly screening from 40 to 80 years of age will cause approximately 225 cases of fatal breast cancer per million women screened.
Other risk factors include circadian disruptions related to shift-work and routine late-night eating.


=== Genetics ===
Around 10% of those with breast cancer have a family history of the disease or genetic factors that put them at higher risk. Women who have had a first-degree relative (mother or sister) diagnosed with breast cancer are at a 30–50% increased risk of being diagnosed with breast cancer themselves. In those with zero, one, or two affected relatives, the risk of breast cancer before the age of 80 is 7.8%, 13.3%, and 21.1%, with a subsequent mortality from the disease of 2.3%, 4.2%, and 7.6%, respectively.
Women with certain genetic variants are at higher risk of developing breast cancer. The most well known are variants of the BRCA genes BRCA1 and BRCA2. Women with pathogenic variants in either gene have around a 70% chance of developing breast cancer in their lifetime, as well as an approximately 33% chance of developing ovarian cancer. Pathogenic variants in PALB2 – a gene whose product directly interacts with that of BRCA2 – also increase breast cancer risk; a woman with such a variant has around a 50% increased risk of developing breast cancer. Variants in other tumor suppressor genes can also increase one's risk of developing breast cancer, namely p53 (causes Li–Fraumeni syndrome), PTEN (causes Cowden syndrome), and PALB1.


=== Medical conditions ===
Breast changes like atypical ductal hyperplasia found in benign breast conditions such as fibrocystic breast changes, are correlated with an increased breast cancer risk.
Diabetes might also increase the risk of breast cancer. Autoimmune diseases such as lupus erythematosus seem also to increase the risk for the acquisition of breast cancer.
Women whose breasts have been exposed to substantial radiation doses before the age of 30 – typically due to repeated chest fluoroscopies or treatment for Hodgkin lymphoma – are at increased risk for developing breast cancer. Radioactive iodine therapy (used to treat thyroid disease) and radiation exposures after age 30 are not associated with breast cancer risk.


== Pathophysiology ==

Based on the existence or lack of molecular markers for the estrogen receptor (ER), progesterone receptor (PR), and human epidermal growth factor receptor 2 (ERBB2; formerly HER2), breast cancer is divided into three main categories. About 70% of patients have hormone receptor-positive/ERBB2-negative tumours, which are the most prevalent type. About 15% of cases are triple-negative (lacking all three conventional markers), whereas 15%–20% of cases are ERBB2-positive. While hormone receptor-positive tumours are more common in elderly women, triple-negative breast cancer is more common in younger Black or Hispanic women. The major causes of sporadic breast cancer are associated with hormone levels. Breast cancer is promoted by estrogen. This hormone activates the development of the breasts throughout puberty, menstrual cycles, and pregnancy. The imbalance between estrogen and progesterone during the menstrual phases causes cell proliferation. Moreover, oxidative metabolites of estrogen can increase DNA damage and mutations. Repeated cycling and the impairment of the repair process can transform a normal cell into a pre-malignant and eventually malignant cell through mutation. During the pre-malignant stage, high proliferation of stromal cells can be activated by estrogen to support the development of breast cancer. During ligand-binding activation, the ER can regulate gene expression by interacting with estrogen response elements within the promoter of specific genes. The expression and activation of ER due to a lack of estrogen can be stimulated by extracellular signals. The ER directly binding with the several proteins, including growth factor receptors, can promote the expression of genes related to cell growth and survival.
Breast cancer, like other cancers, occurs because of an interaction between an environmental (external) factor and a genetically susceptible host. Normal cells divide as many times as needed and stop. They attach to other cells and stay in place in tissues. Cells become cancerous when they lose their ability to stop dividing, to attach to other cells, to stay where they belong, and to die at the proper time.
Normal cells will self-destruct (programmed cell death) when they are no longer needed. Until then, cells are protected from programmed death by several protein clusters and pathways. One of the protective pathways is the PI3K/AKT pathway; another is the RAS/MEK/ERK pathway. Sometimes the genes along these protective pathways are mutated in a way that turns them permanently ""on"", rendering the cell incapable of self-destructing when it is no longer needed. This is one of the steps that causes cancer in combination with other mutations. Normally, the PTEN protein turns off the PI3K/AKT pathway when the cell is ready for programmed cell death. In some breast cancers, the gene for the PTEN protein is mutated, so the PI3K/AKT pathway is stuck in the ""on"" position, and the cancer cell does not self-destruct.
Mutations that can lead to breast cancer have been experimentally linked to estrogen exposure. Additionally, G-protein coupled estrogen receptors have been associated with various cancers of the female reproductive system, including breast cancer.
Abnormal growth factor signaling in the interaction between stromal cells and epithelial cells can facilitate malignant cell growth. In breast adipose tissue, overexpression of leptin leads to increased cell proliferation and cancer.
Some mutations associated with cancer, such as p53, BRCA1 and BRCA2, occur in mechanisms to correct errors in DNA. The inherited mutation in BRCA1 or BRCA2 genes can interfere with the repair of DNA crosslinks and double-strand breaks (known functions of the encoded protein). These carcinogens cause DNA damage such as DNA crosslinks and double-strand breaks that often require repairs by pathways containing BRCA1 and BRCA2.
GATA-3 directly controls the expression of estrogen receptor (ER) and other genes associated with epithelial differentiation, and the loss of GATA-3 leads to loss of differentiation and poor prognosis due to cancer cell invasion and metastasis.


== Prevention ==


=== Lifestyle ===
Women can reduce their risk of breast cancer by maintaining a healthy weight, reducing alcohol use, increasing physical activity, and breastfeeding. These modifications might prevent 38% of breast cancers in the US, 42% in the UK, 28% in Brazil, and 20% in China. The benefits with moderate exercise such as brisk walking are seen at all age groups including postmenopausal women. High levels of physical activity reduce the risk of breast cancer by about 14%. Strategies that encourage regular physical activity and reduce obesity could also have other benefits, such as reduced risks of cardiovascular disease and diabetes. A study that included data from 130,957 women of European ancestry found ""strong evidence that greater levels of physical activity and less sedentary time are likely to reduce breast cancer risk, with results generally consistent across breast cancer subtypes"".
The American Cancer Society and the American Society of Clinical Oncology advised in 2016 that people should eat a diet high in vegetables, fruits, whole grains, and legumes. Eating foods rich in soluble fiber contributes to reducing breast cancer risk. High intake of citrus fruit has been associated with a 10% reduction in the risk of breast cancer. Marine omega-3 polyunsaturated fatty acids appear to reduce the risk. High consumption of soy-based foods may reduce risk.


=== Preventive surgery ===
Removal of the breasts before breast cancer develops (called preventive mastectomy) reduces the risk of developing breast cancer by more than 95%. In women genetically predisposed to developing breast cancer, preventive mastectomy reduces their risk of dying from breast cancer. For those at normal risk, preventive mastectomy does not reduce their chance of dying, and so is generally not recommended. Removing the second breast in a person who has breast cancer (contralateral risk-reducing mastectomy or CRRM) may reduce the risk of cancer in the second breast, but it is not clear whether removing the second breast improves the chance of survival. An increasing number of women who test positive for faulty BRCA1 or BRCA2 genes choose to have risk-reducing surgery. The average wait time to undergo the procedure is 2 years, which is much longer than recommended.


=== Medications ===
Selective estrogen receptor modulators (SERMs) reduce the risk of breast cancer but increase the risk of thromboembolism and endometrial cancer. There is no overall change in the risk of death. They are thus not recommended for the prevention of breast cancer in women at average risk but it is recommended they be offered for those at high risk and over the age of 35. The benefit of breast cancer reduction continues for at least five years after stopping a course of treatment with these medications. Aromatase inhibitors (such as exemestane and anastrozole) may be more effective than SERMs (such as tamoxifen) at reducing breast cancer risk and they are not associated with an increased risk of endometrial cancer and thromboembolism.


== Epidemiology ==

Breast cancer is the most common invasive cancer in women in most countries, accounting for 30% of cancer cases in women. In 2022, an estimated 2.3 million women were diagnosed with breast cancer, and 670,000 died of the disease. The incidence of breast cancer is rising by around 3% per year, as populations in many countries are getting older.
Rates of breast cancer vary across the world, but generally correlate with wealth. Around 1 in 12 women are diagnosed with breast cancer in wealthier countries, compared to 1 in 27 in lower-income countries. Most of that difference is due to differences in menstrual and reproductive histories – women in wealthier countries tend to begin menstruating earlier and have children later, both factors that increase risk of developing breast cancer. People in lower-income countries tend to have less access to breast cancer screening and treatments, and so breast cancer death rates tend to be higher. 1 in 71 women die of breast cancer in wealthy countries, while 1 in 48 die of the disease in lower-income countries.
Breast cancer predominantly affects women; less than 1% of those with breast cancer are men. Women can develop breast cancer as early as adolescence. The risk increases with age, and 75% of cases are in women over 50 years old. The risk over a woman's lifetime is approximately 1.5% at age 40, 3% at age 50, and more than 4% risk at age 70.


== History ==

Because of its visibility, breast cancer was the form of cancer most often described in ancient documents. Because autopsies were rare, cancers of the internal organs were essentially invisible to ancient medicine. Breast cancer, however, could be felt through the skin, and in its advanced state often developed into fungating lesions: the tumor would become necrotic (die from the inside, causing the tumor to appear to break up) and ulcerate through the skin, weeping fetid, dark fluid.
The oldest discovered evidence of breast cancer is from Egypt; it dates back 4200 years, to the Sixth Dynasty. The study of a woman's remains from the necropolis of Qubbet el-Hawa showed the typical destructive damage due to metastatic spread. The Edwin Smith Papyrus describes eight cases of tumors or ulcers of the breast that were treated by cauterization. The writing says about the disease, ""There is no treatment."" For centuries, physicians described similar cases in their practices, with the same conclusion. Ancient medicine, from the time of the Greeks through the 17th century, was based on humoralism, and thus believed that breast cancer was generally caused by imbalances in the fundamental fluids that controlled the body, especially an excess of black bile. Alternatively it was seen as divine punishment.
Mastectomy for breast cancer was performed at least as early as AD 548, when it was proposed by the court physician Aetios of Amida to Theodora. It was not until doctors achieved greater understanding of the circulatory system in the 17th century that they could link breast cancer's spread to the lymph nodes in the armpit. In the early 18th century, the French surgeon Jean Louis Petit performed total mastectomies that included removing the axillary lymph nodes, as he recognized that this reduced recurrence. Petit's work built on the methods of the surgeon Bernard Peyrilhe, who in the 17th century additionally removed the pectoral muscle underlying the breast, as he judged that this greatly improved the prognosis. But poor results and the considerable risk to the patient meant that physicians did not share the opinion of surgeons such as Nicolaes Tulp, who in the 17th century proclaimed ""the sole remedy is a timely operation."" The eminent surgeon Richard Wiseman documented in the mid-17th century that following 12 mastectomies, two patients died during the operation, eight patients died shortly after the operation from progressive cancer, and only two of the 12 patients were cured. Physicians were conservative in the treatment they prescribed in the early stages of breast cancer. Patients were treated with a mixture of detox purges, blood letting, and traditional remedies that were supposed to lower acidity, such as the alkaline arsenic.
When in 1664 Anne of Austria was diagnosed with breast cancer, the initial treatment involved compresses saturated with hemlock juice. When the lumps increased, the King's physician commenced a treatment with arsenic ointments. The royal patient died in 1666 in atrocious pain. Each failing treatment for breast cancer led to the search for new treatments, spurring a market in remedies that were advertised and sold by quacks, herbalists, chemists and apothecaries. The lack of anesthesia and antiseptics made mastectomy a painful and dangerous ordeal. In the 18th century, a wide variety of anatomical discoveries were accompanied by new theories about the cause and growth of breast cancer. The investigative surgeon John Hunter claimed that neural fluid generated breast cancer. Other surgeons proposed that milk within the mammary ducts led to cancerous growths. Theories about trauma to the breast as a cause for malignant changes in breast tissue were advanced. The discovery of breast lumps and swellings fueled controversies about hard tumors and whether lumps were benign stages of cancer. Medical opinion about the necessary immediate treatment varied. The surgeon Benjamin Bell advocated removal of the entire breast, even when only a portion was affected.

Breast cancer was uncommon until the 19th century, when improvements in sanitation and control of deadly infectious diseases resulted in dramatic increases in lifespan. Previously, most women had died too young to have developed breast cancer. In 1878, an article in Scientific American described historical treatment by pressure intended to induce local ischemia in cases when surgical removal were not possible. William Stewart Halsted started performing radical mastectomies in 1882, helped greatly by advances in general surgical technology, such as aseptic technique and anesthesia. The Halsted radical mastectomy often involved removing both breasts, associated lymph nodes, and the underlying chest muscles. This often led to long-term pain and disability, but was seen as necessary to prevent the cancer from recurring. Before the advent of the Halsted radical mastectomy, 20-year survival rates were only 10%; Halsted's surgery raised that rate to 50%.
Breast cancer staging systems were developed in the 1920s and 1930s to determining the extent to which a cancer has developed by growing and spreading. The first case-controlled study on breast cancer epidemiology was done by Janet Lane-Claypon, who published a comparative study in 1926 of 500 breast cancer cases and 500 controls of the same background and lifestyle for the British Ministry of Health. Radical mastectomies remained the standard of care in the USA until the 1970s, but in Europe, breast-sparing procedures, often followed by radiation therapy, were generally adopted in the 1950s. In 1955, George Crile Jr. published Cancer and Common Sense arguing that cancer patients needed to understand available treatment options. Crile became a close friend of the environmentalist Rachel Carson, who had undergone a Halsted radical mastectomy in 1960 to treat her malignant breast cancer. The US oncologist Jerome Urban promoted super radical mastectomies, taking even more tissue, until 1963, when the ten-year survival rates proved equal to the less-damaging radical mastectomy. Carson died in 1964, and Crile went on to publish a wide variety of articles, both in the popular press and in medical journals, challenging the widespread use of the Halsted radical mastectomy. In 1973, Crile published What Women Should Know About the Breast Cancer Controversy. In 1974, Betty Ford was diagnosed with breast cancer, and the options for treating breast cancer were openly discussed in the press. During the 1970s, a new understanding of metastasis led to perceiving cancer as a systemic illness as well as a localized one, and more sparing procedures were developed that proved equally effective.
In the 1980s and 1990s, thousands of women who had successfully completed standard treatment then demanded and received high-dose bone marrow transplants, thinking this would lead to better long-term survival. However, it proved completely ineffective, and 15–20% of women died because of the brutal treatment. The 1995 reports from the Nurses' Health Study and the 2002 conclusions of the Women's Health Initiative trial conclusively proved that HRT significantly increased the incidence of breast cancer.


== Society and culture ==

Before the 20th century, breast cancer was feared and discussed in hushed tones, as if it were shameful. As little could be safely done with primitive surgical techniques, women tended to suffer silently rather than seek care. When surgery advanced, and long-term survival rates improved, women began raising awareness of the disease and the possibility of successful treatment. The ""Women's Field Army"", run by the American Society for the Control of Cancer (later the American Cancer Society) during the 1930s and 1940s, was one of the first organized campaigns. In 1952, the first peer-to-peer support group, called ""Reach to Recovery"", began providing post-mastectomy, in-hospital visits from women who had survived breast cancer.
The breast cancer movement of the 1980s and 1990s developed out of the larger feminist movements and women's health movement of the 20th century. This series of political and educational campaigns, partly inspired by the politically and socially effective AIDS awareness campaigns, resulted in the widespread acceptance of second opinions before surgery, less invasive surgical procedures, support groups, and other advances in care.


=== Pink ribbon ===

A pink ribbon is the most prominent symbol of breast cancer awareness. Pink ribbons, which can be made inexpensively, are sometimes sold as fundraisers. They may be worn to honor those who have been diagnosed with breast cancer, or to identify products that the manufacturer would like to sell to consumers who are interested in breast cancer. In the 1990s, breast cancer awareness campaigns were launched by US-based corporations. As part of these cause-related marketing campaigns, corporations donated to a variety of breast cancer initiatives for every pink ribbon product that was purchased. The Wall Street Journal noted that ""the strong emotions provoked by breast cancer translate to a company's bottom line"". While many US corporations donated to existing breast cancer initiatives, others, such as Avon, established their own breast cancer foundations on the back of pink ribbon products.
Wearing or displaying a pink ribbon has been criticized by the opponents of this practice as a kind of slacktivism, because it has no practical positive effect. It has also been criticized as hypocrisy, because some people wear the pink ribbon to show goodwill towards women with breast cancer, but then oppose these women's practical goals, like patient rights and anti-pollution legislation. Critics say that the feel-good nature of pink ribbons and pink consumption distracts society from the lack of progress on preventing and curing breast cancer. It is also criticized for reinforcing gender stereotypes and objectifying women and their breasts. Breast Cancer Action launched the ""Think Before You Pink"" campaign in 2002 against pinkwashing, to target businesses that have co-opted the pink campaign to promote products that cause breast cancer, such as alcoholic beverages.


=== Breast cancer culture ===
In her 2006 book Pink Ribbons, Inc.: Breast Cancer and the Politics of Philanthropy Samantha King claimed that breast cancer has been transformed from a serious disease and individual tragedy to a market-driven industry of survivorship and corporate sales pitch. In 2010 Gayle Sulik argued that the primary purposes or goals of breast cancer culture are to maintain breast cancer's dominance as the pre-eminent women's health issue, to promote the appearance that society is doing something effective about breast cancer, and to sustain and expand the social, political, and financial power of breast cancer activists. In the same year Barbara Ehrenreich published an opinion piece in Harper's Magazine, lamenting that in breast cancer culture, breast cancer therapy is viewed as a rite of passage rather than a disease. To fit into this mold, the woman with breast cancer needs to normalize and feminize her appearance and minimize the disruption that her health issues cause to anyone else. Anger, sadness, and negativity must be silenced. As with most cultural models, people who conform to the model are given social status, in this case as cancer survivors. Women who reject the model are shunned, punished, and shamed. The culture is criticized for treating adult women like little girls, as evidenced by ""baby"" toys such as pink teddy bears given to adult women.


== Health disparities in breast cancer ==
There are ethnic disparities in the mortality rates for breast cancer as well as in breast cancer treatment. Breast cancer is the most prevalent cancer affecting women of every ethnic group in the United States. Breast cancer incidence among Black women aged 45 and older is higher than that of white women in the same age group. White women aged 60–84 have higher incidence rates of breast cancer than Black women. Despite this, Black women at every age are more likely to die of breast cancer.
Breast cancer treatment has improved greatly over the years; however, Black women are still less likely to obtain treatment compared to white women. Risk factors such as socioeconomic status, late-stage, or breast cancer at diagnosis, genetic differences in tumor subtypes, and differences in healthcare access all contribute to these disparities. Socioeconomic determinants affecting the disparity in breast cancer illness include poverty, culture, and social injustice. In Hispanic women, the incidence of breast cancer is lower than in non-Hispanic women, but it is often diagnosed at a later stage than in white women with larger tumors.
Black women are usually diagnosed with breast cancer at a younger age than white women. The median age of diagnosis for Black women is 59, in comparison to 62 in White women. The incidence of breast cancer in Black women has increased by 0.4% per year since 1975, and 1.5% per year among Asian/Pacific Islander women since 1992. Incidence rates were stable for non-Hispanic White, Hispanic, and Native American women. The five-year survival rate is noted to be 81% in Black women and 92% in White women. Chinese and Japanese women have the highest survival rates.


=== Disparities in breast cancer screenings ===
Low-income, immigrant, disabled, and racial and sexual minority women are less likely to undergo breast cancer screening and thus are more likely to receive late-stage diagnoses. Ensuring equitable health care, including breast cancer screenings, can positively affect these disparities.
Efforts to raise awareness about the significance of screenings, such as informational materials, are ineffective in reducing these disparities. Successful methods directly address the barriers that prevent access to screenings, such as language barriers or lack of health insurance.
Through community outreach in underserved communities, patient navigators and advocates can offer women personalized assistance with attending screening and follow-up appointments. However, the long-term benefits are unclear, primarily due to a lack of resources and staff to sustain these community-based solutions. Legislation that requires mandatory insurance coverage of language assistance and mammograms has also increased screening rates, particularly among ethnic minority communities. Innovative solutions proven effective include mobile screening vehicles, telehealth consultations, and online tools to assess potential risks and signs of breast cancer.


=== Disparities in breast cancer research ===
A diverse pool of participants in breast cancer research facilitates the investigation of the disease's unique risks and development patterns in ethnic minority populations. These populations experience better health outcomes from medical treatments designed based on research with diverse patient representation.
Within the United States, less than 3% of patients in clinical trials identify as Black, despite representing 12.7% of the national population. Hispanic and indigenous women are also significantly underrepresented in breast cancer research. Lengthy involvement in clinical trials without financial compensation discourages the participation of low-income women unable to miss work or afford traveling expenses. Monetary compensation, language interpreters, and patient navigators can increase the diversity of participants in research and clinical trials.


== Special populations ==


=== Men ===

Breast cancer is relatively uncommon in men, but it can occur. Typically, a breast tumor appears as a lump in the breast. Men who develop gynecomastia (enlargement of the breast tissue due to hormone imbalance) are at increased risk, as are men with disease-associated variations in the BRCA2 gene, high exposure to estrogens, or men with Klinefelter syndrome (who have two copies of the X chromosome, and naturally high estrogen levels). Treatment typically involves surgery, followed by radiation if needed. Around 90% men's tumors are ER-positive and are treated with endocrine therapy, typically tamoxifen. The disease course and prognosis are similar to those in women of similar age with similar disease characteristics.


=== Pregnant women ===
Diagnosing breast cancer in pregnant women is often delayed, as symptoms can be masked by pregnancy-related breast changes. The diagnostic path is the same as in non-pregnant women, except that radiography of the abdomen is avoided. Chemotherapy is avoided during the first trimester, but can be safely administered through the rest of the pregnancy term. Anti-HER2 treatments and endocrine therapies are delayed until after delivery. These treatments given after delivery can cross into the breast milk, and so breast feeding is generally not possible. The prognosis for pregnant women with breast cancer is similar to that of non-pregnant women of similar age.


== Research ==

Treatments are being evaluated in clinical trials. This includes individual drugs, combinations of drugs, and surgical and radiation techniques Investigations include new types of targeted therapy, cancer vaccines, oncolytic virotherapy, gene therapy and immunotherapy.
The latest research is reported annually at scientific meetings such as that of the American Society of Clinical Oncology, San Antonio Breast Cancer Symposium, and the St. Gallen Oncology Conference in St. Gallen, Switzerland. These studies are reviewed by professional societies and other organizations, and formulated into guidelines for specific treatment groups and risk category.
Fenretinide, a retinoid, is also being studied as a way to reduce the risk of breast cancer. In particular, combinations of ribociclib plus endocrine therapy have been the subject of clinical trials.
A 2019 review found moderate certainty evidence that giving people antibiotics before breast cancer surgery helped to prevent surgical site infection (SSI). Further study is required to determine the most effective antibiotic protocol and use in women undergoing immediate breast reconstruction.


=== Cryoablation ===
As of 2014, cryoablation is being studied to see if it could be a substitute for a lumpectomy in small cancers. There is tentative evidence in those with tumors less than 2 centimeters across. It may also be used in those in who surgery is not possible. Another review states that cryoablation looks promising for early breast cancer of small size.


=== Breast cancer cell lines ===

Part of the current knowledge on breast carcinomas is based on in vivo and in vitro studies performed with cell lines derived from breast cancers. These provide an unlimited source of homogenous self-replicating material, free of contaminating stromal cells, and often easily cultured in simple standard media. The first breast cancer cell line described, BT-20, was established in 1958. Since then, and despite sustained work in this area, the number of permanent lines obtained has been strikingly low (about 100). Indeed, attempts to culture breast cancer cell lines from primary tumors have been largely unsuccessful. This poor efficiency was often due to technical difficulties associated with the extraction of viable tumor cells from their surrounding stroma. Most of the available breast cancer cell lines originated from metastatic tumors, mainly from pleural effusions. Effusions generally provided large numbers of dissociated, viable tumor cells with little or no contamination by fibroblasts and other tumor stroma cells. Many of the currently used BCC lines were established in the late 1970s. A very few of them, namely MCF-7, T-47D, MDA-MB-231, and SK-BR-3, account for more than two-thirds of all abstracts reporting studies on the mentioned breast cancer cell lines, as concluded from a Medline-based survey.


== Other animals ==
Mammary tumor for breast cancer in other animals
Mouse models of breast cancer metastasis


== References ==


=== Works cited ===
Amin MB, Edge SB, Greene FL, et al., eds. (2017). ""48: Breast"". AJCC Cancer Staging Manual (8 ed.). Springer Cham. ISBN 978-3-319-40617-6.
Britt KL, Cuzick J, Phillips KA (August 2020). ""Key steps for effective breast cancer prevention"". Nat Rev Cancer. 20 (8): 417–436. Bibcode:2020NatRC..20..417B. doi:10.1038/s41568-020-0266-x. PMID 32528185.
Harbeck N, Penault-Llorca F, Cortes J, Gnant M, Houssami N, Poortmans P, et al. (September 2019). ""Breast cancer"". Nat Rev Dis Primers. 5 (1) 66. doi:10.1038/s41572-019-0111-2. hdl:2123/30163. PMID 31548545.
Hayes DF, Lippman ME (2022). ""79: Breast Cancer"". In Loscalzo J, Fauci A, Kasper D, et al. (eds.). Harrison's Principles of Internal Medicine (21 ed.). McGraw Hill. ISBN 978-1-264-26850-4.
Loibl S, Poortmans P, Morrow M, Denkert C, Curigliano G (May 2021). ""Breast cancer"". Lancet. 397 (10286): 1750–1769. doi:10.1016/S0140-6736(20)32381-3. PMID 33812473.
Menes TS, Coster D, Coster D, Shenhar-Tsarfaty S (October 2021). ""Contribution of clinical breast exam to cancer detection in women participating in a modern screening program"". BMC Women's Health. 21 (1) 368. doi:10.1186/s12905-021-01507-x. PMC 8524962. PMID 34666735.
Metaxa L, Healy NA, O'Keeffe SA (November 2019). ""Breast microcalcifications: the UK RCR 5-point breast imaging system or BI-RADS; which is the better predictor of malignancy?"". Br J Radiol. 92 (1103) 20190177. doi:10.1259/bjr.20190177. PMC 6849664. PMID 31365279.
Nielsen S, Narayan AK (February 2023). ""Breast Cancer Screening Modalities, Recommendations, and Novel Imaging Techniques"". Surg Clin North Am. 103 (1): 63–82. doi:10.1016/j.suc.2022.08.004. PMID 36410354.
Rahman WT, Helvie MA (September 2022). ""Breast cancer screening in average and high-risk women"". Best Pract Res Clin Obstet Gynaecol. 83: 3–14. doi:10.1016/j.bpobgyn.2021.11.007. PMID 34903436.


== External links ==",https://en.wikipedia.org/wiki/Breast_cancer
Breast Cancer,Breast cancer management,"Breast cancer management takes different approaches depending on physical and biological characteristics of the disease, as well as the age, over-all health and personal preferences of the patient. Treatment types can be classified into local therapy (surgery and radiotherapy) and systemic treatment (chemo-, endocrine, and targeted therapies). Local therapy is most efficacious in early stage breast cancer, while systemic therapy is generally justified in advanced and metastatic disease, or in diseases with specific phenotypes.
Historically, breast cancer was treated with radical surgery alone. Advances in the understanding of the natural course of breast cancer as well as the development of systemic therapies allowed for the use of breast-conserving surgeries, however, the nomenclature of viewing non-surgical management from the viewpoint of the definitive surgery lends to two adjectives connected with treatment timelines: adjuvant (after surgery) and neoadjuvant (before surgery).
The mainstay of breast cancer management is surgery for the local and regional tumor, followed (or preceded) by a combination of chemotherapy, radiotherapy, endocrine (hormone) therapy, and targeted therapy. Research is ongoing for the use of immunotherapy in breast cancer management.
Management of breast cancer is undertaken by a multidisciplinary team, including medical-, radiation-, and surgical- oncologists, and is guided by national and international guidelines. Factors such as treatment, oncologist, hospital and stage of your breast cancer decides the cost of breast cancer one must pay.","Breast cancer management takes different approaches depending on physical and biological characteristics of the disease, as well as the age, over-all health and personal preferences of the patient. Treatment types can be classified into local therapy (surgery and radiotherapy) and systemic treatment (chemo-, endocrine, and targeted therapies). Local therapy is most efficacious in early stage breast cancer, while systemic therapy is generally justified in advanced and metastatic disease, or in diseases with specific phenotypes.
Historically, breast cancer was treated with radical surgery alone. Advances in the understanding of the natural course of breast cancer as well as the development of systemic therapies allowed for the use of breast-conserving surgeries, however, the nomenclature of viewing non-surgical management from the viewpoint of the definitive surgery lends to two adjectives connected with treatment timelines: adjuvant (after surgery) and neoadjuvant (before surgery).
The mainstay of breast cancer management is surgery for the local and regional tumor, followed (or preceded) by a combination of chemotherapy, radiotherapy, endocrine (hormone) therapy, and targeted therapy. Research is ongoing for the use of immunotherapy in breast cancer management.
Management of breast cancer is undertaken by a multidisciplinary team, including medical-, radiation-, and surgical- oncologists, and is guided by national and international guidelines. Factors such as treatment, oncologist, hospital and stage of your breast cancer decides the cost of breast cancer one must pay.


== Staging ==
Staging breast cancer is the initial step to help physicians determine the most appropriate course of treatment. As of 2016, guidelines incorporated biologic factors, such as tumor grade, cellular proliferation rate, estrogen and progesterone receptor expression, human epidermal growth factor 2 (HER2) expression, and gene expression profiling into the staging system. Cancer that has spread beyond the breast and the lymph nodes is classified as Stage IV, or metastatic cancer, and requires mostly systemic treatment.
The TNM staging system of a cancer is a measurement of the physical extent of the tumor and its spread, where:

T stands for the main (primary) tumor (range of T0-T4)
N stands for spread to nearby lymph nodes (range of N0-N3)
M stands for metastasis (spread to distant parts of the body; either M0 or M1)
If the stage is based on removal of the cancer with surgery and review by the pathologist, the letter p (for pathologic) or yp (pathologic after neoadjuvant therapy) may appear before the T and N letters. If the stage is based on clinical assessment using physical exam and imaging, the letter c (for clinical) may appear. The TNM information is then combined to give the cancer an overall stage. Stages are expressed in Roman numerals from stage I (the least advanced stage) to stage IV (the most advanced stage). Non-invasive cancer (carcinoma in situ) is listed as stage 0.
TNM staging, in combination with histopathology, grade and genomic profiling, is used for the purpose of prognosis, and to determine whether additional treatment is warranted.


== Classification ==

Breast cancer is classified into three major subtypes for the purpose of predicting  response to treatment. These are determined by the presence or absence of receptors on the cells of the tumor. The three major subgroups are:

Luminal-type, which are tumors positive for hormone receptors (estrogen or progesterone receptor). This subtype suggests a response to endocrine therapy.
HER2-type, which are positive for over-expression of the HER2 receptor. ER and PR can be positive or negative. This subtype receives targeted therapy.
Basal-type, or Triple Negative (TN), which are negative for all three major receptor types
Additional classification schema are used for prognosis and include histopathology, grade, stage, and genomic profiling.


== Surgery ==

Surgery is the primary management for breast cancer. Depending on staging and biologic characteristics of the tumor, surgery can be a lumpectomy (removal of the lump only), a mastectomy, or a modified radical mastectomy. Lymph nodes are often included in the scope of breast tumor removal. Surgery can be performed before or after receiving systemic therapy. Women who test positive for faulty BRCA1 or BRCA2 genes can choose to have risk-reducing surgery before the cancer appears.
Lumpectomy techniques are increasingly utilized for breast-conservation cancer surgery. Studies indicate that for patients with a single tumor smaller than 4 cm, a lumpectomy with negative surgical margins may be as effective as a mastectomy. Prior to a lumpectomy, a needle-localization of the lesion with placement of a guidewire may be performed, sometimes by an interventional radiologist if the area being removed was detected by mammography or ultrasound, and sometimes by the surgeon if the lesion can be directly palpated.
However, mastectomy may be the preferred treatment in certain instances:

Two or more tumors exist in different areas of the breast (a ""multifocal"" cancer)
The breast has previously received radiotherapy
The tumor is large relative to the size of the breast
The patient has had scleroderma or another disease of the connective tissue, which can complicate radiotherapy
The patient lives in an area where radiotherapy is inaccessible
The patient wishes to avoid systemic therapy
The patient is apprehensive about the risk of local recurrence after lumpectomy
Specific types of mastectomy can also include: skin-sparing, nipple-sparing, subcutaneous, and prophylactic.
Standard practice requires the surgeon to establish that the tissue removed in the operation has margins clear of cancer, indicating that the cancer has been completely excised. Additional surgery may be necessary if the removed tissue does not have clear margins, sometimes requiring removal of part of the pectoralis major muscle, which is the main muscle of the anterior chest wall.
During the operation, the lymph nodes in the axilla are also considered for removal. In the past, large axillary operations took out 10 to 40 nodes to establish whether cancer had spread. This had the unfortunate side effect of frequently causing lymphedema of the arm on the same side, as the removal of this many lymph nodes affected lymphatic drainage. More recently, the technique of sentinel lymph node (SLN) dissection has become popular, as it requires the removal of far fewer lymph nodes, resulting in fewer side effects while achieving the same 10-year survival as its predecessor. The sentinel lymph node is the first node that drains the tumor, and subsequent SLN mapping can save 65–70% of patients with breast cancer from having a complete lymph node dissection for what could turn out to be a negative nodal basin. Advances in SLN mapping over the past decade have increased the accuracy of detecting Sentinel Lymph Node from 80% using blue dye alone to between 92% and 98% using combined modalities. SLN biopsy is indicated for patients with T1 and T2 lesions (<5 cm) and carries a number of recommendations for use on patient subgroups. Recent trends continue to favor less radical axillar node resection even in the presence of some metastases in the sentinel node.
A meta-analysis has found that in people with operable primary breast cancer, compared to being treated with axillary lymph node dissection, being treated with lesser axillary surgery (such as axillary sampling or sentinel lymph node biopsy) does not lessen the chance of survival. Overall survival is slightly reduced by receiving radiotherapy alone when compared to axillary lymph node dissection. In the management of primary breast cancer, having no axillary lymph nodes removed is linked to increased risk of regrowth of cancer. Treatment with axillary lymph node dissection has been found to give an increased risk of lymphoedema, pain, reduced arm movement and numbness when compared to those treated with sentinel lymph node dissection or no axillary surgery.


=== Ovary removal ===
Prophylactic oophorectomy may be prudent in women who are at a high risk for recurrence or are seeking an alternative to endocrine therapy as it removes the primary source of estrogen production in pre-menopausal women. Women who are carriers of a BRCA mutation have an increased risk of both breast and ovarian cancers and may choose to have their ovaries removed prophylactically as well.


=== Breast reconstruction ===

Breast reconstruction surgery is the rebuilding of the breast after breast cancer surgery, and is included in holistic approaches to cancer management to address identity and emotional aspects of the disease. Reconstruction can take place at the same time as cancer-removing surgery, or months to years later. Some women decide not to have reconstruction or opt for a prosthesis instead.


=== Investigational surgical management ===
Cryoablation is an experimental therapy available for women with small or early-stage breast cancer. The treatment freezes, then defrosts tumors using small needles so that only the harmful tissue is damaged and ultimately dies. This technique may provide an alternative to more invasive surgeries, potentially limiting side effects.


== Radiation therapy ==
Radiation therapy is an adjuvant treatment for most women who have undergone lumpectomy and for some women who have mastectomy surgery. In these cases the purpose of radiation is to reduce the chance that the cancer will recur locally (within the breast or axilla). Radiation therapy involves using high-energy X-rays or gamma rays that target a tumor or post surgery tumor site. This radiation is very effective in killing cancer cells that may remain after surgery or recur where the tumor was removed.
Radiation therapy can be delivered by external beam radiotherapy, brachytherapy (internal radiotherapy), or by intra-operative radiotherapy (IORT). In the case of external beam radiotherapy, X-rays are delivered from outside the body by a machine called a Linear Accelerator or Linac. In contrast, brachytherapy involves the precise placement of radiation source(s) directly at the treatment site. IORT includes a one-time dose of radiation administered with breast surgery. Radiation therapy is important in the use of breast-conserving therapy because it reduces the risk of local recurrence.
Radiation therapy eliminates the microscopic cancer cells that may remain near the area where the tumor was surgically removed. The dose of radiation must be strong enough to ensure the elimination of cancer cells. However, radiation affects normal cells and cancer cells alike, causing some damage to the normal tissue around where the tumor was. Healthy tissue can repair itself, while cancer cells do not repair themselves as well as normal cells. For this reason, radiation treatments are given over an extended period, enabling the healthy tissue to heal. Treatments using external beam radiotherapy are typically given over a period of five to seven weeks, performed five days a week. Recent large trials (UK START and Canadian) have confirmed that shorter treatment courses, typically over three to four weeks, result in equivalent cancer control and side effects as the more protracted treatment schedules. Each treatment takes about 15 minutes. A newer approach, called 'accelerated partial breast irradiation' (APBI), uses brachytherapy to deliver the radiation in a much shorter period of time. APBI delivers radiation to only the immediate region surrounding the original tumor and can typically be completed over the course of one week.


=== Indications for radiation ===
Radiation treatment is mainly effective in reducing the risk of local relapse in the affected breast. Therefore, it is recommended in most cases of breast conserving surgeries and less frequently after mastectomy. Indications for radiation treatment are constantly evolving. Patients treated in Europe have been more likely in the past to be recommended adjuvant radiation after breast cancer surgery as compared to patients in North America. Radiation therapy is usually recommended for all patients who had lumpectomy, quadrant-resection. Radiation therapy is usually not indicated in patients with advanced (stage IV disease) except for palliation of symptoms like bone pain or fungating lesions.
In general recommendations would include radiation:

As part of breast conserving therapy.
After mastectomy for patients with higher risk of recurrence because of conditions such as a large primary tumor or substantial involvement of the lymph nodes.
Other factors which may influence adding adjuvant radiation therapy:

Tumor close to or involving the margins on pathology specimen
Multiple areas of tumor (multicentric disease)
Microscopic invasion of lymphatic or vascular tissues
Microscopic invasion of the skin, nipple/areola, or underlying pectoralis major muscle
Patients with extension out of the substance of a LN
Inadequate numbers of axillary LN sampled


=== Types of radiotherapy ===

Radiotherapy can be delivered in many ways but is most commonly produced by a linear accelerator.
This usually involves treating the whole breast in the case of breast lumpectomy or the whole chest wall in the case of mastectomy. Lumpectomy patients with early-stage breast cancer may be eligible for a newer, shorter form of treatment called ""breast brachytherapy"". This approach allows physicians to treat only part of the breast in order to spare healthy tissue from unnecessary radiation.
Improvements in computers and treatment delivery technology have led to more complex radiotherapy treatment options. One such new technology is using IMRT (intensity modulated radiation therapy), which can change the shape and intensity of the radiation beam making ""beamlets"" at different points across and inside the breast. This allows for better dose distribution within the breast while minimizing dose to healthy organs such as the lung or heart. However, there is yet to be a demonstrated difference in treatment outcomes (both tumor recurrence and level of side effects) for IMRT in breast cancer when compared to conventional radiotherapy treatment. In addition, conventional radiotherapy can also deliver similar dose distributions utilizing modern computer dosimetry planning and equipment. External beam radiation therapy treatments for breast cancer are typically given every day, five days a week, for five to 10 weeks.
Within the past decade, a new approach called accelerated partial breast irradiation (APBI) has gained popularity. APBI is used to deliver radiation as part of breast conservation therapy. It treats only the area where the tumor was surgically removed, plus adjacent tissue. APBI reduces the length of treatment to just five days, compared to the typical six or seven weeks for whole breast irradiation.
APBI treatments can be given as brachytherapy or external beam with a linear accelerator. These treatments are usually limited to women with well-defined tumors that have not spread. A meta-analysis of randomised trials of partial breast irradiation (PBI) vs. whole breast irradiation (WBI) as part of breast conserving therapy demonstrated a reduction in non-breast-cancer and overall mortality.
In breast brachytherapy, the radiation source is placed inside the breast, treating the cavity from the inside out. There are several different devices that deliver breast brachytherapy. Some use a single catheter and balloon to deliver the radiation. Other devices utilize multiple catheters to deliver radiation.
A study is currently underway by the National Surgical Breast and Bowel Project (NSABP) to determine whether limiting radiation therapy to only the tumor site following lumpectomy is as effective as radiating the whole breast.
New technology has also allowed more precise delivery of radiotherapy in a portable fashion – for example in the operating theatre. Targeted intraoperative radiotherapy (TARGIT) is a method of delivering therapeutic radiation from within the breast using a portable X-ray generator called Intrabeam.
The TARGIT-A trial was an international randomised controlled non-inferiority phase III clinical trial led from University College London. 28 centres in 9 countries accrued 2,232 patients to test whether TARGIT can replace the whole course of radiotherapy in selected patients. The TARGIT-A trial results found that the difference between the two treatments was 0.25% (95% CI -1.0 to 1.5) i.e., at most 1.5% worse or at best 1.0% better with single dose TARGIT than with standard course of several weeks of external beam radiotherapy. In the TARGIT-B trial, as the TARGIT technique is precisely aimed and given immediately after surgery, in theory it could be able provide a better boost dose to the tumor bed as suggested in phase II studies.


== Systemic therapy ==

Systemic therapy uses medications to treat cancer cells throughout the body. Any combination of systemic treatments may be used to treat breast cancer. Standard of care systemic treatments include chemotherapy, endocrine therapy and targeted therapy.


=== Chemotherapy ===

Chemotherapy (drug treatment for cancer) may be used before surgery, after surgery, or instead of surgery for those cases in which surgery is considered unsuitable. Chemotherapy is justified for cancers whose prognosis after surgery is poor without additional intervention.


=== Hormonal therapy ===

Patients with estrogen receptor-positive tumors are candidates for receiving endocrine therapy to slow the progression of breast tumors or to reduce chance of relapse. Endocrine therapy is usually administered after surgery, chemotherapy, and radiotherapy have been given, but can also occur in the neoadjuvant or non-surgical setting. Hormonal treatments include antiestrogen therapy, but also to a lesser extent, and/or more in the past, estrogen therapy and androgen therapy.


==== Antiestrogen therapy ====
Antiestrogen therapy is used in the treatment of breast cancer in women with estrogen receptor-positive breast tumors. Antiestrogen therapy includes medications like the following:

Selective estrogen receptor modulators (SERMs) like tamoxifen and toremifene
Estrogen receptor antagonists and selective estrogen receptor degraders (SERDs) like fulvestrant and elacestrant
Aromatase inhibitors like anastrozole and letrozole
Gonadotropin-releasing hormone modulators (GnRH modulators) like leuprorelin
Estrogen receptor-positive breast tumors are stimulated by estrogens and estrogen receptor activation, and thus are dependent on these processes for growth. SERMs, estrogen receptor antagonists, and SERDs reduce estrogen receptor signaling and thereby slow breast cancer progression. Aromatase inhibitors work by inhibiting the enzyme aromatase and thereby inhibiting the production of estrogens. GnRH modulators work by suppressing the hypothalamic–pituitary–gonadal axis (HPG axis) and thereby suppressing gonadal estrogen production. GnRH modulators are only useful in premenopausal women and in men, as postmenopausal women no longer have significant gonadal estrogen production. Conversely, SERMs, estrogen receptor antagonists, and aromatase inhibitors are effective in postmenopausal women as well.


==== Estrogen therapy ====

Estrogen therapy for treatment of breast cancer was first reported to be effective in the early 1940s and was the first hormonal therapy to be used for breast cancer. Estrogen therapy for breast cancer has been described as paradoxical and has been referred to as the ""estrogen paradox"", as estrogens stimulate breast cancer and antiestrogen therapy is effective in the treatment of breast cancer. However, in high doses, as in high-dose estrogen therapy, a biphasic effect occurs in which breast cancer cells are induced to undergo apoptosis (programmed cell death) and breast cancer progression is slowed. High-dose estrogen therapy is similarly effective to antiestrogen therapy in the treatment of breast cancer. However, antiestrogen therapy showed fewer side effects and less toxicity than high-dose estrogen therapy, and thus almost completely replaced high-dose estrogen therapy in the endocrine management of breast cancer following its introduction in the 1970s. In any case, estrogen therapy for breast cancer continues to be researched and explored in modern times.
High-dose estrogen therapy is only effective for breast cancer in postmenopausal women who are at least 5 years into the postmenopause. This relates to the menopausal gap hypothesis, in which the effects of estrogens change depending on the presence of prolonged estrogen deprivation. Although an ""estrogen gap"" is necessary for high-dose estrogen therapy, for instance with 15 mg/day diethylstilbestrol, to be effective for breast cancer, much higher doses of estrogens can also be effective without prior estrogen deprivation; small studies have found that massive doses of estrogens, such as 400 to 1,000 mg diethylstilbestrol, are effective in the treatment of breast cancer in premenopausal women. The sensitivity of breast cancer cells to estrogens appears to shift by several orders of magnitude with extended estrogen deprivation, which sensitizes breast cancer cells to the apoptotic effects of estrogen therapy. In women with strong estrogen deprivation due to extended antiestrogen therapy, for instance with aromatase inhibitors, even low doses of estrogens, such as 2 mg/day estradiol valerate, can become effective. The preceding processes may also underlie the near-significantly decreased breast cancer risk seen with 0.625 mg/day conjugated estrogens in long-postmenopausal women in the Women's Health Initiative (WHI) estrogen-only randomized controlled trial.
Estrogen cycling, in which treatment is cycled between estrogen therapy and antiestrogen therapy, was reported at the 31st annual San Antonio Breast Cancer Symposium in 2013. About a third of the 66 participants—women with metastatic breast cancer that had developed resistance to standard estrogen-lowering therapy—a daily dose of estrogen could stop the growth of their tumors or even cause them to shrink. If study participants experienced disease progression on estrogen, they could go back to an aromatase inhibitor that they were previously resistant to and see a benefit—their tumors were once again inhibited by estrogen deprivation. That effect sometimes wore off after several months, but then the tumors might again be sensitive to estrogen therapy. In fact, some patients have cycled back and forth between estrogen and an aromatase inhibitor for several years. PET scans before starting estrogen and again 24 hours later predicted those tumors which responded to estrogen therapy: the responsive tumors showed an increased glucose uptake, called a PET flare. The mechanism of action is uncertain, although estrogen reduces the amount of a tumor-promoting hormone called insulin-like growth factor-1 (IGF1).


==== Androgen therapy ====
Androgens and anabolic steroids such as testosterone, fluoxymesterone, drostanolone propionate, epitiostanol, and mepitiostane have historically been used to treat breast cancer because of their antiestrogenic effects in the breasts. However, they are now rarely if ever used due to their virilizing side effects, such as voice deepening, hirsutism, masculine muscle and fat changes, increased libido, and others, as well as availability of better-tolerated agents.


=== Targeted therapy ===

In patients whose cancer expresses an over-abundance of the HER2 protein, a monoclonal antibody known as trastuzumab (Herceptin) is used to block the activity of the HER2 protein in breast cancer cells, slowing their growth.
In the advanced cancer setting, trastuzumab use in combination with chemotherapy can both delay cancer growth as well as improve the recipient's survival. Pertuzumab may work synergistically with trastuzumab on the expanded EGFR family of receptors, although it is currently only standard of care for metastatic disease.
Neratinib has been approved by the FDA for extended adjuvant treatment of early stage HER2-positive breast cancer.
PARP inhibitors are used in the metastatic setting, and are being investigated for use in the non-metastatic setting through clinical trials.
Approved antibody-drug conjugates: trastuzumab emtansine (2013), trastuzumab deruxtecan (2019), sacituzumab govitecan (2020).
Imlunestrant (Inluriyo) was approved for medical use in the United States in September 2025.


== Treatment response assessment ==


=== Medical imaging ===
Medical imaging is frequently used in breast cancer management to make crucial diagnostic decisions throughout the treatment process. The modalities used include X-ray (in the form of mammography), magnetic field-based imaging, and ultrasound wave-based imaging. Additional forms of imaging include Gamma Radiation imaging in the form of single-Photon Emission Computed Tomography (SPECT) or Positron Emission Tomography (PET), and Non-Ionizing Radiation imaging in the form of Optical imaging or Breast Microwave imaging.


==== Xray imaging ====
As a screening tool, mammography (x-ray imaging of the breast) is the conventional method and NCCN recommended diagnostic tool used to detect small tumors in the breast. It is used primarily as a screening tool for women in the 45 to 74 age range but is also useful diagnostically in younger women. Mammography produces x-rays of low energy (20-30 keV) which produce two-dimensional images that can reveal suspicious masses, abnormal calcifications or other anomalies.
Other imaging includes digital breast tomosynthesis (also known as DBT) and contrast-enhanced digital mammography (also known as CESM).


==== Magnetic field-based imaging ====
MRI (magnetic resonance imaging) is considered a supplemental tool to mammography and ultrasound within the initial screening stages but is typically used in the management of patients with a formal diagnosis of breast cancer, to stage the disease prior to treatment and to assess the response to treatment.


==== Ultrasound wave-based imaging ====
Ultrasound, also known as sonography, is commonly used for evaluating potential symptomatic breast lesions. Ultrasound can also be used to guide biopsy needles to particular regions of interest in the breast. It can also be used to help differentiate cysts from solid tumors based on the size, echo pattern, and vascularity of the mass.

The use of ultrasound for systemic tumor therapy have increased considerably. HIFU (High-intensity focused ultrasound)  is used for thermal ablation of solid tumors, while LIFU (low-intensity focused ultrasound) provides sonodynamic therapy (SDT). Drug delivery systems assisted by ultrasound (US-DDS) enhances the efficiency of chemotherapeutic agent delivery, and helps resist biological barriers such as the blood-brain barrier, and immune responses. 


== Managing side effects ==
Drugs and radiotherapy given for cancer can cause unpleasant side effects such as nausea and vomiting, mouth sores, dermatitis, and menopausal symptoms. Around a third of patients with cancer use complementary therapies, including homeopathic medicines, to try to reduce these side effects.


=== Insomnia ===
It was believed that one would find a bi-directional relationship between insomnia and pain, but instead it was found that trouble sleeping was more likely a cause, rather than a consequence, of pain in patients with cancer. An early intervention to manage sleep would overall relieve patient with side effects.
Approximately 40 percent of menopausal women experience sleep disruption, often in the form of difficulty with sleep initiation and frequent nighttime awakenings. There is a study, first to show sustained benefits in sleep quality from gabapentin, which Rochester researchers already have demonstrated alleviates hot flashes.


=== Hot flushes ===
Lifestyle adjustments are usually suggested first to manage hot flushes (or flashes) due to endocrine therapy. This can include avoiding triggers such as alcohol, caffeine and smoking. If hot flashes continue, and depending on their frequency and severity, several drugs can be effective in some patients, in particular SNRIs such as venlafaxine, also oxybutinin and others.
Complementary medicines that contain phytoestrogens are not recommended for breast cancer patients as they may stimulate oestrogen receptor-positive tumours.


=== Lymphedema ===
Some patients develop lymphedema, as a result of axillary node dissection or of radiation treatment to the lymph nodes. Although traditional recommendations limited exercise, a new study shows that participating in a safe, structured weight-lifting routine can help women with lymphedema take control of their symptoms and reap the many rewards that resistance training has on their overall health as they begin life as a cancer survivor. It recommends that women start with a slowly progressive program, supervised by a certified fitness professional, in order to learn how to do these types of exercises properly. Women with lymphedema should also wear a well-fitting compression garment during all exercise sessions.


=== Upper-limb dysfunction ===
Upper-limb dysfunction is a common side effect of breast cancer treatment. Shoulder range of motion can be impaired after surgery. Exercise can meaningfully improve should range of motion in women with breast cancer. An exercise programme can be started early after surgery, if it does not negatively affect wound drainage.


=== Side effects of radiation therapy ===
External beam radiation therapy is a non-invasive treatment with some short term and some longer-term side effects. Patients undergoing some weeks of treatment usually experience fatigue caused by the healthy tissue repairing itself and aside from this there can be no side effects at all. However many breast cancer patients develop a suntan-like change in skin color in the exact area being treated. As with a suntan, this darkening of the skin usually returns to normal in the one to two months after treatment. In some cases permanent changes in color and texture of the skin is experienced. Other side effects sometimes experienced with radiation can include:

Muscle stiffness
Mild swelling
Tenderness in the area
Lymphedema
After surgery, radiation and other treatments have been completed, many patients notice the affected breast seems smaller or seems to have shrunk. This is basically due to the removal of tissue during the lumpectomy operation.
The use of adjuvant radiation has significant potential effects if the patient has to later undergo breast reconstruction surgery. Fibrosis of chest wall skin from radiation negatively affects skin elasticity and makes tissue expansion techniques difficult. Traditionally most patients are advised to defer immediate breast reconstruction when adjuvant radiation is planned and are most often recommended surgery involving autologous tissue reconstruction rather than breast implants.
Studies suggest APBI may reduce the side effects associated with radiation therapy, because it treats only the tumor cavity and the surrounding tissue. In particular, a device that uses multiple catheters and allows modulation of the radiation dose delivered by each of these catheters has been shown to reduce harm to nearby, healthy tissue.


== See also ==
ALMANAC
Cultural differences in breast cancer diagnosis and treatment


== References ==


== External links ==
Prevention and treatment of breast cancer by suppressing aromatase activity and expression",https://en.wikipedia.org/wiki/Breast_cancer_management
Prostate Cancer,Prostate cancer,"Prostate cancer is the uncontrolled growth of cells in the prostate, a gland in the male reproductive system below the bladder. Abnormal growth of prostate tissue is usually detected through screening tests, typically blood tests that check for prostate-specific antigen (PSA) levels. Those with high levels of PSA in their blood are at increased risk for developing prostate cancer. 
Diagnosis requires a biopsy of the prostate. If cancer is present, the pathologist assigns a Gleason score; a higher score represents a more dangerous tumor. Medical imaging is performed to look for cancer that has spread outside the prostate. Based on the Gleason score, PSA levels, and imaging results, a cancer case is assigned a stage 1 to 4. A higher stage signifies a more advanced, more dangerous disease.
Most prostate tumors remain small and cause no health problems. These are managed with active surveillance, monitoring the tumor with regular tests to ensure it has not grown. Tumors more likely to be dangerous can be destroyed with radiation therapy or surgically removed by radical prostatectomy. Those whose cancer spreads beyond the prostate are treated with hormone therapy, which reduces levels of the androgens (masculinizing sex hormones) that prostate cells need to survive. Eventually, cancer cells can grow resistant to this treatment. This most-advanced stage of the disease, called castration-resistant prostate cancer, is treated with continued hormone therapy alongside the chemotherapy drug docetaxel. 
Some tumors metastasize (spread) to other areas of the body, particularly the bones and lymph nodes. There, tumors cause severe bone pain, leg weakness or paralysis, and eventually death. Prostate cancer prognosis depends on how far the cancer has spread at diagnosis. Most men diagnosed have low-risk tumors confined to the prostate; 99% of them survive more than 10 years from their diagnoses. Tumors that have metastasized to distant body sites are most dangerous, with five-year survival rates of 30–40%.
The risk of developing prostate cancer increases with age; the average age of diagnosis is 67. Those with a family history of any cancer are more likely to have prostate cancer, particularly those who inherit cancer-associated variants of the BRCA2 gene. Each year, 1.2 million cases of prostate cancer are diagnosed, and 350,000 die of the disease, making it the second-leading cause of cancer and cancer death in men. One in eight men is diagnosed with prostate cancer in their lifetime, and one in forty dies of the disease. 
Prostate tumors were first described in the mid-19th century, during surgeries on men with urinary obstructions. Initially, prostatectomy was the primary treatment for prostate cancer. By the mid-20th century, radiation treatments and hormone therapies were developed to improve prostate cancer treatment. The invention of hormone therapies for prostate cancer was recognized with the 1966 Nobel Prize to Charles Huggins and the 1977 Prize to Andrzej W. Schally.","Prostate cancer is the uncontrolled growth of cells in the prostate, a gland in the male reproductive system below the bladder. Abnormal growth of prostate tissue is usually detected through screening tests, typically blood tests that check for prostate-specific antigen (PSA) levels. Those with high levels of PSA in their blood are at increased risk for developing prostate cancer. 
Diagnosis requires a biopsy of the prostate. If cancer is present, the pathologist assigns a Gleason score; a higher score represents a more dangerous tumor. Medical imaging is performed to look for cancer that has spread outside the prostate. Based on the Gleason score, PSA levels, and imaging results, a cancer case is assigned a stage 1 to 4. A higher stage signifies a more advanced, more dangerous disease.
Most prostate tumors remain small and cause no health problems. These are managed with active surveillance, monitoring the tumor with regular tests to ensure it has not grown. Tumors more likely to be dangerous can be destroyed with radiation therapy or surgically removed by radical prostatectomy. Those whose cancer spreads beyond the prostate are treated with hormone therapy, which reduces levels of the androgens (masculinizing sex hormones) that prostate cells need to survive. Eventually, cancer cells can grow resistant to this treatment. This most-advanced stage of the disease, called castration-resistant prostate cancer, is treated with continued hormone therapy alongside the chemotherapy drug docetaxel. 
Some tumors metastasize (spread) to other areas of the body, particularly the bones and lymph nodes. There, tumors cause severe bone pain, leg weakness or paralysis, and eventually death. Prostate cancer prognosis depends on how far the cancer has spread at diagnosis. Most men diagnosed have low-risk tumors confined to the prostate; 99% of them survive more than 10 years from their diagnoses. Tumors that have metastasized to distant body sites are most dangerous, with five-year survival rates of 30–40%.
The risk of developing prostate cancer increases with age; the average age of diagnosis is 67. Those with a family history of any cancer are more likely to have prostate cancer, particularly those who inherit cancer-associated variants of the BRCA2 gene. Each year, 1.2 million cases of prostate cancer are diagnosed, and 350,000 die of the disease, making it the second-leading cause of cancer and cancer death in men. One in eight men is diagnosed with prostate cancer in their lifetime, and one in forty dies of the disease. 
Prostate tumors were first described in the mid-19th century, during surgeries on men with urinary obstructions. Initially, prostatectomy was the primary treatment for prostate cancer. By the mid-20th century, radiation treatments and hormone therapies were developed to improve prostate cancer treatment. The invention of hormone therapies for prostate cancer was recognized with the 1966 Nobel Prize to Charles Huggins and the 1977 Prize to Andrzej W. Schally.


== Signs and symptoms ==
Early prostate cancer usually causes no symptoms. As the cancer advances, it may cause erectile dysfunction, blood in the urine or semen, or trouble urinating – , commonly including frequent urination and slow or weak urine stream. More than half of men over age 50 experience some form of urination problem, typically due to issues other than prostate cancer, such as benign prostatic hyperplasia (non-cancerous enlargement of the prostate).
Advanced prostate tumors can metastasize to nearby lymph nodes and bones, particularly in the pelvis, hips, spine, ribs, head, and neck. There, they can cause fatigue, unexplained weight loss, and back or bone pain that does not improve with rest. Metastases can damage the bones around them, and around a quarter of those with metastatic prostate cancer develop a bone fracture. Growing metastases can also compress the spinal cord, causing weakness in the legs and feet, or limb paralysis.


== Screening ==

Most cases of prostate cancer are diagnosed through screening tests, when tumors are too small to cause any symptoms. This is done through blood tests to measure levels of the protein prostate-specific antigen (PSA), which are elevated in those with enlarged prostates, whether due to prostate cancer or benign prostatic hyperplasia. The typical man's blood has around 1 nanogram (ng) of PSA per milliliter (mL) of blood tested. Those with PSA levels below average are very unlikely to develop dangerous prostate cancer over the next 8 to 10 years. Men with PSA levels above 4 ng/mL are at increased risk – around 1 in 4 will develop prostate cancer – and are often referred for a prostate biopsy. PSA levels over 10 ng/mL indicate an even higher risk: more than half men in this group develop prostate cancer. Men with high PSA levels are often recommended to repeat the blood test four to six weeks later, as PSA levels can fluctuate unrelated to prostate cancer. Benign prostatic hyperplasia, prostate infection, recent ejaculation, and some urological procedures can increase PSA levels; taking 5α-reductase inhibitors can decrease PSA levels.
Those with elevated PSA may undergo secondary screening blood tests that measure subtypes of PSA and other molecules to predict the likelihood that a person will develop aggressive prostate cancer more effectively. Many measure ""free PSA"" – , the fraction of PSA unbound to other blood proteins, usually around 10% to 30%. Men who have a lower percentage of free PSA are more likely to have prostate cancer. Several common tests more accurately detect prostate cancer cases by also measuring subtypes of free PSA, including the Prostate Health Index (measures a fragment called −2proPSA) and 4K score (measures intact free PSA). Other tests measure blood levels of additional prostate-related proteins such as kallikrein-2 (also measured by 4K score), or urine levels of mRNA molecules common to prostate tumors like PCA3 and TMPRSS2 fused to ERG.
Several large studies have found that men screened for prostate cancer have a reduced risk of dying from the disease; however, detection of cancer cases that would not have otherwise impacted health can cause anxiety, and lead to unneeded biopsies and treatments, both of which can cause unwanted complications. Major national health organizations offer differing recommendations, attempting to balance the benefits of early diagnosis with the potential harms of treating people whose tumors are unlikely to impact health. Most medical guidelines recommend that men at high risk of prostate cancer (due to age, family history, ethnicity, or prior evidence of high blood PSA levels) be counseled on the risks and benefits of PSA testing, and be offered access to screening tests. Medical guidelines generally recommend against screening for men over age 70, or with a life expectancy of less than 10 years, as a newly diagnosed prostate cancer is unlikely to impact their natural lifespan. Uptake of screening varies by geography – more than 80% of men are screened in the US and Western Europe, 20% of men in Japan, and screening is rare in regions with a low Human Development Index.


== Diagnosis ==

Men suspected of having prostate cancer may undergo several tests to assess the prostate. One common procedure is the digital rectal examination, in which a doctor inserts a lubricated finger into the rectum to feel the nearby prostate. Tumors feel like stiff, irregularly shaped lumps against the rest of the prostate. Hardening of the prostate can also be due to benign prostatic hyperplasia; around 20–25% of those with abnormal findings on their rectal exams have prostate cancer. Several urological societies' guidelines recommend magnetic resonance imaging (MRI) to evaluate the prostate for potential tumors in men with high PSA levels. MRI results can help distinguish those with potentially dangerous tumors from those without.
A definitive diagnosis of prostate cancer requires a biopsy of the prostate. Prostate biopsies are typically taken by a needle passing through the rectum or perineum, guided by transrectal ultrasonography, MRI, or a combination of the two. Ten to twelve samples are taken from several regions of the prostate to improve the chances of finding any tumors. Biopsies are sent for a histopathologic diagnosis of prostate cancer, wherein they are examined under a microscope by a pathologist, who determines the type and extent of cancerous cells present. Cancers are first classified based on their appearance under a microscope. More than 95% of prostate cancers are classified as adenocarcinomas (resembling gland tissue), with the rest largely squamous-cell carcinoma (resembling squamous cells, a type of epithelial cell) and transitional cell carcinoma (resembling transitional cells).

Next, tumor samples are graded based on how much the tumor tissue differs from normal prostate tissue; the more different the tumor appears, the faster the tumor is likely to grow. The Gleason grading system is commonly used, where the pathologist assigns numbers ranging from 3 (most similar to healthy prostate tissue) to 5 (least similar) to different regions of the biopsied tissue. They then calculate a ""Gleason score"" by adding the two numbers that represent the largest areas of the biopsy sample. The lowest possible Gleason score of 6 represents a biopsy most similar to healthy prostate; the highest Gleason score of 10 represents the most severely cancerous. Gleason scores are commonly grouped into ""Gleason grade groups"", which predict disease prognosis: a Gleason score of 6 is Gleason grade group 1 (best prognosis). A score of 7 (with Gleason scores 4 + 3, or Gleason scores 3 + 4, with the most prominent listed first) can be grade group 2 or 3; it is grade group 2 if the less severe Gleason score (3) covered more area; grade group 3 if the more severe Gleason score (4) covered more area. A score of 8 is grade group 4. A score of 9 or 10 is grade group 5 (worst prognosis).
The extent of cancer spread is assessed by MRI or PSMA scan – a positron emission tomography (PET) imaging technique where a radioactive label that binds the prostate protein prostate-specific membrane antigen is used to detect metastases distant from the prostate. CT scans may also be used, but are less able to detect spread outside the prostate than MRI. Bone scintigraphy is used to test for the spread of cancer to bones.


=== Staging ===

After diagnosis, the tumor is staged to determine the extent of its growth and spread. Prostate cancer is typically staged using the American Joint Committee on Cancer's (AJCC) three-component TNM system, with scores assigned for the extent of the tumor (T), spread to any lymph nodes (N), and the presence of metastases (M). Scores of T1 and T2 represent tumors that remain within the prostate: T1 is for tumors not detectable by imaging or digital rectal exam; T2 is for tumors detectable by imaging or rectal exam, but still confined within the prostate. T3 is for tumors that grow beyond the prostate – T3a for tumors with any extension outside the prostate; T3b for tumors that invade the adjacent seminal vesicles. T4 is for tumors that have grown into organs beyond the seminal vesicles. The N and M scores are binary (yes or no). N1 represents any spread to the nearby lymph nodes. M1 represents any metastases to other body sites.
The AJCC then combines the TNM scores, Gleason grade group, and PSA blood test results to categorize cancer cases into one of four stages and their subdivisions. Cancer cases with localized tumors (T1 or T2), no spread (N0 and M0), Gleason grade group 1, and PSA less than 10 ng/mL are designated stage I. Those with localized tumors and PSA between 10 and 20 ng/mL are designated stage II – , subdivided into IIA for Gleason grade group 1, IIB for grade group 2, and IIC for grade group 3 or 4. Stage III is the designation for any of three higher risk factors: IIIA is for a PSA level about 20 ng/mL; IIIB is for T3 or T4 tumors; IIIC is for a Gleason grade group of 5. Stage IV is for cancers that have spread to lymph nodes (N1, stage IVA) or other organs (M1, stage IVB).

The United Kingdom National Institute for Health and Care Excellence recommends a five-stage system based on disease prognosis called the Cambridge Prognostic Group, with prognostic groups CPG 1 to CPG 5. CPG 1 is the same as AJCC stage I. Cases with localized tumors (T1 or T2) and either Gleason grade group 2 or higher PSA levels (10 to 20 ng/mL) are designated CPG 2. CPG 3 represents either Gleason grade group 3, or the combination of the CPG 2 criteria. CPG 4 is similar to AJCC stage 3 – any of Gleason grade group 4, PSA levels above 20 ng/mL, or a tumor that has grown beyond the prostate (T3). CPG 5 is for the highest risk cases: either a T4 tumor, Gleason grade group 5, or any two of the CPG 4 criteria.


== Prevention ==
Regulatory agencies have not approved any drug or vaccine for the prevention of prostate cancer. Several studies have shown 5α-reductase inhibitors – both finasteride and dutasteride, which are used to treat non-cancerous enlarged prostate – to reduce the total incidence of prostate cancer; however, it is unclear as of 2022 whether they reduce any cases of dangerous disease.


== Management ==

Treatment of prostate cancer varies based on how advanced the cancer is, the risk it may spread, and the affected person's health and personal preferences. Those with localized disease at low risk for spread are often more likely to be harmed by the side effects of treatment than the disease itself, and so are regularly tested for a worsening of their disease. Those at higher risk may receive treatment to eliminate the tumor – typically prostatectomy (surgery to remove the prostate) or radiation therapy, sometimes alongside hormone therapy. Those with metastatic disease are treated with chemotherapy, as well as radiation or other agents to alleviate the symptoms of metastatic tumors. Blood PSA levels are monitored every few months to assess the effectiveness of treatments and whether the disease is recurring or advancing.


=== Localized disease ===

Men diagnosed with low-risk cases of prostate cancer often defer treatment. They are often monitored regularly for cancer progression by active surveillance, which involves testing for tumor growth at fixed intervals by PSA tests (around every six months), digital rectal exam (annually), and MRI or repeat biopsies (every one to three years). This program continues until increases in PSA levels, Gleason grade, or tumor size indicate a higher-risk tumor that may require intervention. At least half of men remain on active surveillance, never requiring more direct treatment for their prostate tumors.
Those who elect to have therapy receive radiation therapy or a prostatectomy; these have similar rates of cancer control, but different side effects. Radiation can be delivered by intensity-modulated radiation therapy (IMRT), which allows for high doses (greater than 80 Gy) to be delivered to the prostate with relatively little radiation to other organs, or by brachytherapy, where a radioactive source is surgically inserted into the prostate. IMRT is given over several sessions, with treatments repeated five days per week for several weeks. Brachytherapy is typically performed in a single session, with the radioactive source permanently implanted into the prostate, where it expends its radioactivity within the next few months. With either technique, radiation damage to nearby organs can increase the risk of subsequent bladder cancer and cause erectile dysfunction, infertility, irreversible lumbar plexopathy and radiation proctitis – damage to the rectum that can cause diarrhea, bloody stools, fecal incontinence, and pain.

Radical prostatectomy aims to surgically remove the cancerous part of the prostate, along with the seminal vesicles, and the end of the vas deferens (the duct that delivers sperm from the testes). In wealthier countries, this is typically done by robot-assisted surgery, where robotic tools inserted through small holes in the abdomen allow a surgeon to make small and exact movements during surgery. This method results in shorter hospital stays, less blood loss, and fewer complications than traditional open surgery. In places where robot-assisted surgery is unavailable, prostatectomy can be performed laparoscopically (using a camera and hand tools through small holes in the abdomen), or through traditional open surgery with an incision above the penis (retropubic approach) or below the scrotum (perineal approach). The four approaches result in similar rates of cancer control. Damage to nearby tissue during surgery can result in erectile dysfunction and urinary incontinence. Erectile dysfunction is more likely in those who are older or have had previous erectile issues. Incontinence is more common in those who are older and have shorter urethras. Both for cancer progression outcomes and surgical side effects, the skill and experience of the individual surgeon doing the procedure are among the greatest determinants of success.
After prostatectomy, PSA levels drop rapidly, reaching very low or undetectable levels within two months. Radiotherapy also substantially reduces PSA levels, but more slowly and less completely, with PSA levels reaching their nadir two years after radiotherapy. After either treatment, PSA levels are monitored regularly. Up to half of those treated will eventually have a rise in PSA levels, suggesting the tumor or small metastases are growing again. People with high or rising PSA levels are often offered another round of radiation therapy directed at the former tumor site. This reduces risk for further progression by 75%. Those suspected of metastases can undergo PET scanning with sensitive radiotracers C-11 choline, F-18 fluciclovine, and F-18 or Ga-68 attached to a PSMA-targeting drug, each of which can detect small metastases more sensitively than alternative imaging methods.


=== Metastatic disease ===

For those with metastatic disease, the standard of care is androgen deprivation therapy (also called ""chemical castration""), drugs that reduce levels of androgens (male sex hormones) which prostate cells require to grow. Various drugs are used to lower androgen levels by blocking the synthesis or action of testosterone, the primary androgen. The first line of treatment typically involves GnRH agonists, such as leuprolide, goserelin, or triptorelin by injection monthly or less frequently as needed. GnRH agonists cause a brief rise in testosterone levels at treatment initiation, which can worsen disease in people with significant symptoms of metastases. In these people, GnRH antagonists like degarelix or relugolix are given instead, and can also rapidly reduce testosterone levels. Reducing testosterone can cause various side effects, including hot flashes, reduction in muscle mass and bone density, reduced sex drive, fatigue, personality changes, and an increased risk of diabetes, cardiovascular disease, and depression. Hormone therapy halts tumor growth in more than 95% of those treated, and PSA levels return to normal in up to 70%.


==== Castration-resistant prostate cancer (CRPC) ====
Despite reduced testosterone levels, metastatic prostate tumors eventually continue to grow, manifested by rising blood PSA levels and metastases to nearby bones. This is the most advanced stage of the disease, called castration-resistant prostate cancer (CRPC). CRPC tumors continuously evolve resistance to treatments, necessitating several lines of therapy, each used in sequence to extend survival. The standard of care is the chemotherapy docetaxel along with antiandrogen drugs, namely the androgen receptor antagonists enzalutamide, apalutamide, and darolutamide, as well as the testosterone production inhibitor abiraterone acetate. An alternative is the cell therapy procedure Sipuleucel-T, where the affected person's immune cells are removed, treated to more effectively target prostate cancer cells, and re-injected. Tumors that evolve resistance to docetaxel may receive the second-generation taxane drug cabazitaxel.
Some CRPC treatments are used only in men whose tumors have certain characteristics that make the therapy more likely to be effective. Men whose tumors express the protein PSMA may receive the radiopharmaceutical Lu-177 PSMA, which binds to and destroys PSMA-positive cells. Those whose tumors have defective DNA damage repair benefit from treatment with the immune checkpoint inhibitor drug pembrolizumab and PARP inhibitors, namely olaparib, rucaparib, or niraparib.


=== Supportive care ===
Bone metastases – present in around 85% of those with metastatic prostate cancer – are the primary cause of symptoms and death from metastatic prostate cancer. Those with constant pain are prescribed nonsteroidal anti-inflammatory drugs. However, people with bone metastases can experience ""breakthrough pain"", sudden bursts of severe pain that resolve within around 15 minutes, before pain medications can take effect. Single sites of pain can be treated with external beam radiation therapy to shrink nearby tumors. More dispersed bone pain can be treated with radioactive compounds that disproportionately accumulate in bone, like radium-223 and samarium-153-EDTMP, which help reduce the size of bone tumors. Similarly, the systemic chemotherapeutics used for metastatic prostate cancer can reduce pain as they shrink tumors. Other bone-modifying agents like zoledronic acid and denosumab can reduce prostate cancer bone pain, even though they have little effect on tumor size. Metastases compress the spinal cord in up to 12% of those with metastatic prostate cancer, causing pain, weakness, numbness, and paralysis. Inflammation in the spine can be treated with high-dose steroids, as well as surgery and radiotherapy to shrink spinal tumors and relieve pressure on the spinal cord.
Those with advanced prostate cancer suffer fatigue, lethargy, and generalized weakness. This is caused in part by gastrointestinal problems, with loss of appetite, weight loss, nausea, and constipation all common. These are typically treated with appetite-increasing drugs – megestrol acetate or corticosteroids – anti-nausea medications, or treatments that emphasize underlying gastrointestinal issues. General weakness can also be caused by anemia, itself caused by a combination of the disease itself, poor nutrition, and damage to the bone marrow from cancer treatments or bone metastases. Anemia can be treated in various ways depending on the cause, or can be addressed directly with blood transfusions. Organ damage and metastases in the lymph nodes can lead to uncomfortable accumulation of fluid (called lymphedema) in the genitals or lower limbs. These swellings can be extremely painful, curtailing an affected person's ability to urinate, have sex, or walk normally. Lymphedema can be treated by applying pressure to aid drainage, surgically draining pooled fluid, and cleaning and treating nearby damaged skin.
People with prostate cancer are around twice as likely to experience anxiety or depression compared to those without cancer. When added to normal prostate cancer treatments, psychological interventions such as psychoeducation and cognitive behavioral therapy can help reduce anxiety, depression, and general distress.
As those severely ill with metastatic prostate cancer approach the end of their lives, most experience confusion and may hallucinate or have trouble recognizing loved ones. Confusion is caused by various conditions, including kidney failure, sepsis, dehydration, and as a side effect of various drugs, especially opioids. Most people sleep for long periods, and some feel drowsy when awake. Restlessness is also common, sometimes caused by physical discomfort from constipation or urinary retention, sometimes caused by anxiety. In their last few days, affected men's breathing may become shallow and slow, with long pauses between breaths. Breathing may be accompanied by a rattling noise as fluid lingers in the throat, but this is not uncomfortable for the affected person. Their hands and feet may cool to the touch, and skin become blotchy or blue due to weaker blood circulation. Many stop eating and drinking, resulting in a dry-feeling mouth, which can be aided by moistening the mouth and lips. The person becomes less and less responsive, and eventually the heart and breathing stop.


== Prognosis ==

The prognosis of diagnosed prostate cancer varies widely based on the cancer's grade and stage at the time of diagnosis; those with lower-stage disease have vastly improved prognoses. Around 80% of prostate cancer diagnoses are in men whose cancer is still confined to the prostate. These men can survive long after diagnosis, with as many as 99% still alive 10 years from diagnosis. Men whose cancer has metastasized to a nearby part of the body (around 15% of diagnoses) have poorer prognoses, with five-year survival rates of 60–80%. Those with metastases in distant body sites (around 5% of diagnoses) have relatively poor prognoses, with five-year survival rates of 30–40%.
Those who have low blood PSA levels at diagnosis, and whose tumors have a low Gleason grade and less-advanced clinical stage, tend to have better prognoses. After prostatectomy or radiotherapy, those who have a short time between treatment and a subsequent rise in PSA levels, or quickly rising PSA levels, are more likely to die from their cancers. Castration-resistant metastatic prostate cancer is incurable, and kills a majority of those whose disease reaches this stage.


== Cause ==
Prostate cancer is caused by the accumulation of genetic mutations in the DNA of cells in the prostate. These mutations affect genes involved in cell growth, replication, cell death, and DNA damage repair. With these processes dysregulated, some cells replicate abnormally, forming a clump of cells called a tumor. As the tumor grows, its cells accumulate more mutations, allowing it to stimulate the growth of new blood vessels to support further growth.
Eventually, a tumor can grow large enough to invade nearby organs such as the seminal vesicles or bladder. In advanced tumors, cells can develop the ability to detach from their original tissue site and evade the immune system. These cells can spread through the lymphatic system to nearby lymph nodes, or through the bloodstream to the bone marrow and (more rarely) other body sites. At these new sites, the cancer cells disrupt normal body function and continue to grow. Metastases cause most of the discomfort associated with prostate cancer and can eventually kill the affected person.


== Pathophysiology ==
Most prostate tumors begin in the peripheral zone – the outermost part of the prostate. As cells begin to grow out of control, they form a small clump of dysregulated cells called a prostatic intraepithelial neoplasia (PIN). Some PINs continue to grow, forming layers of tissue that stop expressing genes common to their original tissue location – p63, cytokeratin 5, and cytokeratin 14 – and instead begin expressing genes typical of cells in the innermost lining of the pancreatic duct (cytokeratin 8 and cytokeratin 18). These multilayered PINs also often overexpress the gene AMACR, which is associated with prostate cancer progression.
Some PINs can eventually grow into tumors. This is commonly accompanied by large-scale changes to the genome, with chromosome sequences being rearranged or copied repeatedly. Some genomic alterations are particularly common in early prostate cancer, namely gene fusion between TMPRSS2 and the oncogene ERG (up to 60% of prostate tumors), mutations that disable SPOP (up to 15% of tumors), and mutations that hyperactivate FOXA1 (up to 5% of tumors).
Metastatic prostate cancer tends to have more genetic mutations than localized disease. Many of these mutations are in genes that protect from DNA damage, such as p53 (mutated in 8% of localized tumors, more than 27% of metastatic ones) and RB1 (1% of localized tumors, more than 5% of metastatic ones). Similarly, mutations in the DNA repair-related genes BRCA2 and ATM are rare in localized disease but found in at least 7% and 5% of metastatic disease cases, respectively.
The acquisition of various gene mutations accompanies the transition from castrate-sensitive to castrate-resistant prostate cancer. In castrate-resistant disease, more than 70% of tumors have mutations in the androgen receptor signaling pathway – amplifications and gain-of-function mutations in the receptor gene itself, amplification of its activators (for example, FOXA1), or inactivating mutations in its negative regulators (for example, ZBTB16 and NCOR1). These androgen receptor disruptions are found in only up to 6% of biopsies of castrate-sensitive metastatic disease. Similarly, deletions of the tumor suppressor PTEN are harbored by 12–17% of castrate-sensitive tumors, but more than 40% of castrate-resistant tumors. Less commonly, tumors have aberrant activation of the Wnt signaling pathway via disruption of members APC (9% of tumors) or CTNNB1 (4% of tumors); or dysregulation of the PI3K pathway via PI3KCA/PI3KCB mutations (6% of tumors) or AKT1 (2% of tumors).


== Epidemiology ==

Prostate cancer is the second-most frequently diagnosed cancer in men, and the second-most frequent cause of cancer death in men (after lung cancer). Around 1.2 million new cases of prostate cancer are diagnosed each year. More than 350,000 people die of the disease annually. One in eight men is diagnosed with prostate cancer in their lifetime, and around one in forty die of the disease. Rates of prostate cancer rise with age. Due to this, prostate cancer rates are generally higher in parts of the world with higher life expectancy, which also tend to be areas with higher gross domestic product and higher human development index. Australia, Europe, North America, New Zealand, and parts of South America have the highest incidence. South Asia, Central Asia, and sub-Saharan Africa have the lowest incidence of prostate cancer, though incidence is increasing quickly in these regions. Prostate cancer is the most diagnosed cancer in men in more than half of the world's countries, and the leading cause of cancer death in men in around a quarter of countries.
Prostate cancer is rare in those under 40 years old,. Most cases occur in those over 60 years, with the average person diagnosed at 67. The average age of those who die from prostate cancer is 77. Only a minority of prostate cancer cases are diagnosed. Autopsies of men who died at various ages have shown cancer in the prostates of more than 40% of men over age 50. Incidence rises with age, and nearly 70% of men autopsied at age 80–89 had cancer in their prostates.


=== Genetics ===
Prostate cancer is more common in families with a history of any cancer. Men with an affected first-degree relative (father or brother) have more than twice the risk of developing prostate cancer, and those with two first-degree relatives have a five-fold greater risk compared with men with no family history. Increased risk also runs in some ethnic groups, with men of African and African-Caribbean ancestry at particularly high risk – having prostate cancer at higher rates, and having more-aggressive prostate cancers that develop at earlier ages. Large genome-wide association studies have identified more than a hundred gene variants associated with increased prostate cancer risk. The greatest risk increase is associated with variations in BRCA2 (up to an eight-fold increased risk) and HOXB13 (three-fold increased risk), both of which are involved in repairing DNA damage. Variants in other genes involved in DNA damage repair have also been associated with an increased risk of developing prostate cancer – particularly early-onset prostate cancer – including BRCA1, ATM, NBS1, MSH2, MSH6, PMS2, CHEK2, RAD51D, and PALB2. Additionally, variants in the genome near the oncogene MYC are associated with increased risk. As are single-nucleotide polymorphisms in the vitamin D receptor common in African-Americans, and in the androgen receptor, CYP3A4, and CYP17 involved in testosterone synthesis and signaling. Together, known gene variants are estimated to cause around 25% of prostate cancer cases, including 40% of early-onset prostate cancers.
In contrast to men of African descent, East Asian men have among the lowest rates of prostate cancer globally. Genomic analyses have identified distinct molecular features in East Asian prostate tumors compared to those in Western populations, including a low prevalence of ERG oncoprotein, low rates of PTEN loss, and more frequent FOXA1 alterations, suggesting that prostate cancer may arise through different pathways in these populations. Pharmacogenomic differences in testosterone metabolism between East Asian men and white American and European populations may also contribute to observed differences in disease incidence and response to androgen deprivation therapy.


=== Body and lifestyle ===
Taller men are at a slightly increased risk for developing prostate cancer, as are men who have obesity. High levels of blood cholesterol are also associated with increased prostate cancer risk; consequently, those who take the cholesterol-lowering drugs, statins, have a reduced risk of advanced prostate cancer. Chronic inflammation can cause various cancers. Potential links between infection (or other sources of inflammation) and prostate cancer have been studied. However, none have been definitively found, and one large study found no link between prostate cancer and a history of gonorrhea, syphilis, chlamydia, or infection with various human papillomaviruses.
Regular vigorous exercise may reduce one's chance of developing advanced prostate cancer, as can several dietary interventions. Those with a diet rich in cruciferous vegetables (certain leafy greens, broccoli, and cauliflower), fish, genistein (found in soy), or lycopene (found in tomatoes) are at a reduced risk of symptomatic prostate cancer. Conversely, those who consume high levels of dietary fats, polycyclic aromatic hydrocarbons (from cooking red meats), or calcium may be at an increased risk of developing advanced prostate cancer. Studies of Asian men who have migrated to Western countries show that their prostate cancer incidence rises toward that of the host country within one to two generations, suggesting that environmental and lifestyle factors, particularly diet, play a substantial role beyond genetic predisposition. Several dietary supplements have been studied and found not to impact prostate cancer risk, including selenium, vitamin C, vitamin D, and vitamin E.


=== Racial and Ethnic Disparities ===
Racial and ethnic differences have been observed in the incidence, diagnosis, and outcomes of prostate cancer. In the United States, African American men have higher incidence and mortality rates compared to men of European ancestry. Some studies estimate that incidence is about 1.5 times higher and mortality more than twice as high in this population. 
Differences in screening have been linked to a range of social and economic factors. Limited access to healthcare, cost, and lower availability of services may affect participation in screening. Mistrust of the healthcare system has also been reported. In addition, individual beliefs and prior experiences may influence decisions about screening. Some studies have found that Black men report higher perceived risk but also more negative expectations about screening. Screening may have different levels of benefit across populations. Some analyses suggest that fewer individuals need to be screened to prevent one death among Black men compared to the general population. However, differences in mortality are thought to be related in part to differences in access to early detection. 
African American men have also been reported to be diagnosed at later stages of disease. This pattern is associated with poorer outcomes. Research across multiple cancers has shown that later diagnosis can occur even when overall screening rates are similar. This has been linked to differences in follow-up care, delays in diagnostic evaluation, and variation in how screening is carried out. Delays in diagnosis and treatment may limit available options and reduce effectiveness.
Differences in treatment and healthcare access have also been reported. Social and economic conditions may affect access to care, continuity of care, and treatment options. Some studies have found differences in the use of recommended treatments and in access to specialized care centers. Other barriers including cost, time constraints, and competing responsibilities may also affect engagement with care. Mistrust related to past and ongoing experiences in healthcare settings has also been described. These factors may contribute to lower participation in clinical trials and reduced access to newer treatments. Research has shown that survival outcomes are more similar across groups when access to care, treatment, and social conditions are similar.
Overall, disparities in prostate cancer are considered to have multiple causes. These include biological, environmental, and social factors. Many studies suggest that social determinants of health, such as access to care and socioeconomic conditions, play a major role in differences in outcomes. Research in this area is ongoing. 


== Special populations ==
Transgender women and gender non-conforming people who have prostates can develop prostate cancer. Those who have undergone gender-affirming hormone therapy or gender-affirming surgery have reduced risk of developing prostate cancer, relative to cisgender men of similar age. Screening tests in this group are complicated, as transgender women may have lower PSA levels than cisgender men due to their reduced testosterone levels. PSA levels greater than 1 ng/mL are generally considered above normal by gender care specialists. Digital rectal exams of the prostate are often impossible in transgender women who have undergone vaginoplasty, as the length and rigidity of the new vagina can obstruct access to the prostate from the rectum.


== History ==
A prostate mass was first described in 1817 by the English surgeon George Langstaff, following the autopsy of a man who had died at age 68 with lower-body pain and urinary symptoms. In 1853, London Hospital surgeon John Adams described another prostate tumor from a man who had died with urinary problems; Adams had a pathologist examine the tumor, providing the first confirmed case of a cancerous tumor in the prostate. The disease was initially rarely described; an 1893 report found only 50 cases described in the medical literature. Around the turn of the 19th century, prostate surgery to relieve urinary obstruction became more common, allowing surgeons and pathologists to examine the removed prostate tissue. Two studies around the time found cancer in as many as 10% of surgical specimens, suggesting prostate cancer was a fairly common cause of prostate enlargement.
For much of the 20th century, the primary therapy for prostate cancer was surgery to remove the prostate. Perineal prostatectomy was first performed in 1904 by Hugh H. Young at Johns Hopkins Hospital. Young's method became the widespread standard, initially done primarily to relieve symptoms of urinary blockage. In 1931, a new surgical method, transurethral resection of the prostate, became available, replacing perineal prostatectomy for symptomatic relief of obstruction. In 1945, Terence Millin described a retropubic prostatectomy approach, which provided easier access to pelvic lymph nodes to assist in staging the extent of disease, and was easier for surgeons to learn. This was improved upon by Patrick C. Walsh's 1983 description of a retropubic prostatectomy approach that avoided damage to the nerves near the prostate, preserving erectile function.
Radiation therapy for prostate cancer was used occasionally in the early 20th century, with radium implanted into the urethra or rectum to reduce the tumor size and associated symptoms. In the 1950s, the advent of more powerful radiation machines allowed for external beam radiotherapy to reach the prostate. By the 1960s, this was often combined with hormone therapy to improve the potency of therapy. In the 1970s, Willet Whitmore pioneered an open surgery technique where needles of Iodine-125 were placed directly into the prostate. In 1983, Henrik H. Holm improved on this by using transrectal ultrasound to guide the implantation of radioactive material.

The observation that the testicles (and the hormones they secrete) influence prostate size was made as early as the late 18th century via castration experiments in animals. However, occasional experimentation over the next century bore mixed results, likely due to the inability to separate prostate tumors from prostates enlarged due to benign prostatic hyperplasia. In 1941, Charles Huggins and Clarence V. Hodges published two studies using surgical castration or oral estrogen to reduce androgen levels and improve prostate cancer symptoms. Huggins was awarded the 1966 Nobel Prize in Physiology or Medicine for this discovery, the first systemic therapy for prostate cancer. In the 1960s, large studies showed estrogen therapy to be as effective as surgical castration at treating prostate cancer, but that those on estrogen therapy were at increased risk of suffering blood clots. Through the 1980s, Andrzej W. Schally's studies of GnRH led to the development of GnRH agonists, which were found to be as effective as estrogen without the increased risk of clotting. Schally was awarded the 1977 Nobel Prize in Physiology or Medicine for his work on GnRH and prostate cancer.
Systemic chemotherapy for prostate cancer has been studied since the 1950s, but clinical trials have failed to show benefits in most people who receive the drugs. In 1996, the US Food and Drug Administration approved the systemic chemotherapy mitoxantrone for those with castration-resistant prostate cancer based on trials showing that it improved symptoms even though it failed to enhance survival. In 2004, docetaxel was approved as the first chemotherapy to increase survival in those with castration-resistant prostate cancer. After additional trials in 2015, docetaxel use was extended to those with castration-sensitive prostate cancer.


== Society and culture ==

Prostate cancer screening and awareness have been widely promoted since the early 2000s by Prostate Cancer Awareness Month in September and Movember in November. However, an analysis of internet searches suggests neither event changes the level of prostate cancer interest or discussion much, in contrast to the more established Breast Cancer Awareness Month.


== Research ==
Prostate cancer is a major topic of ongoing research. From 2016 to 2020, more than $1.26 billion was invested in prostate cancer research. This represents around 5% of global cancer research funds. This places prostate cancer 10th among 18 common cancer types in funding per cancer death, and 9th in funding per disability-adjusted life year lost.
Research into prostate cancer relies on several laboratory models to test aspects of the disease. Several prostate immortalized cell lines are widely used, namely the classic lines DU145, PC-3, and LNCaP, as well as more recent cell lines 22Rv1, LAPC-4, VCaP, and MDA-PCa-2a and −2b. Research requiring more complex models of the prostate uses organoids – clusters of prostate cells that can be grown from human prostate tumors or stem cells. Modeling tumor growth and metastasis requires a model organism, typically a mouse. Researchers can either surgically implant human prostate tumors into immunocompromised mice (a technique called a patient-derived xenograft), or induce prostate tumors in mice with genetic engineering. These genetically engineered mouse models typically use a Cre recombinase system to disrupt tumor suppressors or activate oncogenes specifically in prostate cells. 
As of 2024 studies exploring the relationship between ejaculation frequency and prostate cancer risk are inconclusive, and age, urinary health, and lifestyle are important factors to consider.


== Notes ==


== References ==


=== Works cited ===


== External links ==",https://en.wikipedia.org/wiki/Prostate_cancer
Prostate Cancer,Management of prostate cancer,"Treatment for prostate cancer may involve active surveillance, surgery, radiation therapy – including brachytherapy (prostate brachytherapy) and external-beam radiation therapy, proton therapy, high-intensity focused ultrasound (HIFU), cryosurgery, hormonal therapy, chemotherapy, or some combination. Treatments also extend to survivorship based interventions. These interventions are focused on five domains including: physical symptoms, psychological symptoms, surveillance, health promotion and care coordination. However, a published review has found only high levels of evidence for interventions that target physical and psychological symptom management and health promotion, with no reviews of interventions for either care coordination or surveillance. The favored treatment option depends on the stage of the disease, the Gleason score, and the PSA level. Other important factors include the man's age, his general health, and his feelings about potential treatments and their possible side-effects. Because all treatments can have significant side-effects, such as erectile dysfunction and urinary incontinence, treatment discussions often focus on balancing the goals of therapy with the risks of lifestyle alterations.
If the cancer has spread beyond the prostate, treatment options change significantly, so most doctors who treat prostate cancer use a variety of nomograms to predict the probability of spread. Treatment by watchful waiting/active surveillance, HIFU, external-beam radiation therapy, brachytherapy, cryosurgery, and surgery are, in general, offered to men whose cancer remains within the prostate. Clinicians may reserve hormonal therapy and chemotherapy for disease that has spread beyond the prostate. However, there are exceptions: radiation therapy can treat some advanced tumors, and hormonal therapy some early-stage tumors. Doctors may also propose cryotherapy (the process of freezing the tumor), hormonal therapy, or chemotherapy if initial treatment fails and the cancer progresses.","Treatment for prostate cancer may involve active surveillance, surgery, radiation therapy – including brachytherapy (prostate brachytherapy) and external-beam radiation therapy, proton therapy, high-intensity focused ultrasound (HIFU), cryosurgery, hormonal therapy, chemotherapy, or some combination. Treatments also extend to survivorship based interventions. These interventions are focused on five domains including: physical symptoms, psychological symptoms, surveillance, health promotion and care coordination. However, a published review has found only high levels of evidence for interventions that target physical and psychological symptom management and health promotion, with no reviews of interventions for either care coordination or surveillance. The favored treatment option depends on the stage of the disease, the Gleason score, and the PSA level. Other important factors include the man's age, his general health, and his feelings about potential treatments and their possible side-effects. Because all treatments can have significant side-effects, such as erectile dysfunction and urinary incontinence, treatment discussions often focus on balancing the goals of therapy with the risks of lifestyle alterations.
If the cancer has spread beyond the prostate, treatment options change significantly, so most doctors who treat prostate cancer use a variety of nomograms to predict the probability of spread. Treatment by watchful waiting/active surveillance, HIFU, external-beam radiation therapy, brachytherapy, cryosurgery, and surgery are, in general, offered to men whose cancer remains within the prostate. Clinicians may reserve hormonal therapy and chemotherapy for disease that has spread beyond the prostate. However, there are exceptions: radiation therapy can treat some advanced tumors, and hormonal therapy some early-stage tumors. Doctors may also propose cryotherapy (the process of freezing the tumor), hormonal therapy, or chemotherapy if initial treatment fails and the cancer progresses.


== Active surveillance ==

Active surveillance is observation and regular monitoring without invasive treatment. In the context of prostate disease this usually comprises regular PSA blood tests and prostate biopsies. Active surveillance is often used when an early stage, slow-growing prostate cancer is suspected. However, watchful waiting may also be suggested when the risks of surgery, radiation therapy, or hormonal therapy outweigh the possible benefits. Other treatments can be started if symptoms develop, or if there are signs that the cancer growth is accelerating .
Approximately one-third of men who choose active surveillance for early-stage tumors eventually have signs of tumor progression, and they may need to begin treatment within three years. Men that choose active surveillance avoid the risks of surgery, radiation, and other treatments. The risk of disease progression and metastasis (spread of the cancer) may be increased, but this increase risk appears to be small if the program of surveillance is followed closely, generally including serial PSA assessments and repeat prostate biopsies every 1–2 years depending on the PSA trends.
Study results in 2011 suggest active surveillance is the best choice for older 'low-risk' patients.


== Surgery ==

Surgical removal of the prostate, or prostatectomy, is a common treatment either for early-stage prostate cancer or for cancer that has failed to respond to radiation therapy. The most common type is radical retropubic prostatectomy, when the surgeon removes the prostate through an abdominal incision. Another type is radical perineal prostatectomy, when the surgeon removes the prostate through an incision in the perineum, the skin between the scrotum and anus. Radical prostatectomy can also be performed laparoscopically, through a series of small (1 cm) incisions in the abdomen, with or without the assistance of a surgical robot.


=== Radical prostatectomy ===
Radical prostatectomy is effective for tumors that have not spread beyond the prostate; cure rates depend on risk factors such as PSA level and Gleason grade. However, it may cause nerve damage that may significantly alter the quality of life of the prostate cancer survivor. Radical prostatectomy has been associated with a greater decrease in sexual function and increased urinary incontinence (mainly stress incontinence) than external beam radiotherapy, an alternative treatment.
Radical prostatectomy has traditionally been used alone when the cancer is localized to the prostate. In the event of positive margins or locally advanced disease found on pathology, adjuvant radiation therapy may offer improved survival. Surgery may also be offered when a cancer is not responding to radiation therapy. However, because radiation therapy causes tissue changes, prostatectomy after radiation has higher risks of complications.
To avoid the adverse side effects of a radical prostatectomy, doctors may recommend deferred treatment which can involve observation and palliative treatment or active monitoring with some local treatments as needed. When compared with observation and palliative treatment, radical prostatectomy probably reduces the risk of dying for any reason, including dying from prostate cancer. Between radical prostatectomy and active monitoring, the risk of dying for any reason, including from prostate cancer, is likely the same. The surgery also probably reduces the risk of the cancer spreading or becoming more aggressive. Erection problems and urine leakage are probably more likely for patients who receive surgery than those who receive active monitoring or observation.


==== Laparoscopic approach ====
Laparoscopic radical prostatectomy (LRP) is a new way to approach the prostate surgically with intent to cure. Contrasted with the open surgical form of prostate cancer surgery, laparoscopic radical prostatectomy requires a smaller incision. Relying on modern technology, such as miniaturization, fiber optics, laparoscopic radical prostatectomy is a minimally invasive prostate cancer treatment but is technically demanding and seldom performed in the United States.


==== Robot assisted Radical Prostatectomy (RARP) ====
Some believe that in the hands of an experienced surgeon, robotic-assisted radical prostatectomy (RARP) may reduce positive surgical margins when compared to radical retropubic prostatectomy (RRP) among patients with prostate cancer according to a retrospective study. The relative risk reduction was 57.7%. For patients at similar risk to those in this study (35.5% of patients had positive surgical margins following RRP), this leads to an absolute risk reduction of 20.5%. 4.9 patients must be treated for one to benefit (number needed to treat = 4.9). Other recent studies have shown RALP to result in a significantly higher rate of positive margins. Other studies showed no difference of robotic to open surgery. A review comprehensively analyzed the evidence from studies in men with prostate cancer that compared RALP with open radical prostatectomy and found no difference in the reduction of mortality from this cancer, the recurrence or all-cause mortality. The quality of life with both procedures would be similar in relation to urinary and sexual function, and there appear to be no differences in postoperative surgical complications. Robotic surgery can have a small effect on postoperative pain between right after surgery, a shorter hospital stay and a lower requirement for blood transfusions.
One common problem associated with this surgery is incontinence, or urinary leakage, which occurs for 6–12 months after the removal of the catheter placed during surgery. When using RALP, surgeons can either proceed with a standard approach or use an approach that doesn't cut the tissue connections between the front of the bladder and the back of the abdominal wall, Retzius-sparing RALP. Retzius-sparing RALP probably improves continence within one week after catheter removal but may be more likely to leave positive surgical margins that could allow the cancer to come back. Retzius-sparing RALP may also reduce urinary leakage between 3–6 months after surgery, but by 12 months continence is likely similar.


=== Transurethral resection ===
Transurethral resection of the prostate, commonly called a ""TURP,"" is a surgical procedure performed when the tube from the bladder to the penis (urethra) is blocked by prostate enlargement. In general, TURP is done for benign prostatic hyperplasia and is not meant as definitive treatment for prostate cancer. During a TURP, a small instrument (cystoscope) is placed into the penis and the blocking prostate is cut away by cautery.


=== Surgical removal of the testicles ===
In metastatic disease, where cancer has spread beyond the prostate, removal of the testicles (called orchiectomy) may be done to decrease testosterone levels and control cancer growth. (See hormonal therapy, below).


=== Complications of surgery ===
The most common significant complications of surgery are erectile dysfunction and loss of urinary control. Reported rates of both complications vary widely.


==== Erectile dysfunction ====
Although penile sensation and the ability to achieve orgasm usually remain intact, erection and ejaculation are often impaired. Medications such as sildenafil (Viagra), tadalafil (Cialis), or vardenafil (Levitra) may restore some degree of potency. For men struggling with erections after a prostatectomy, taking medication on a scheduled basis may result in a similar self-reported rate and quality of erections as taking medication as needed. There may also be similar rates of serious unwanted side effects for both types of medication usage. For most men with organ-confined disease, a more limited ""nerve-sparing"" technique may help reduce urinary incontinence and impotence.


==== Urinary incontinence ====
Radical prostatectomy, transurethral resection of the prostate (TURP), and radiation therapy are the main causes of stress incontinence in men, with radical prostatectomy being the top cause. In most cases, the incontinence resolves within 12 months with conservative treatment. Multiple factors, such as injury of the urethral sphincter or nervous bundles can play a role, causing mostly stress incontinence. Stress urinary incontinence happens when the urethral sphincter (the muscular sphincter that closes the bladder) fails to properly close, leading to leakage of urine in situations where the abdominal pressure is higher than usual, such as when laughing, sneezing, or coughing.
Conservative treatment, such as pelvic floor muscle training (Kegel exercise) has been prescribed to improve urinary continence, the evidence for efficacy in men after radical prostatectomy has come into question. According to information from the Men After Prostate Surgery (MAPS) randomized control trial, pelvic floor muscle training was not shown to be therapeutic or cost effective in improving urinary continence.
Other therapies include the use of penile clamps, transurethral bulking agents, and catheters, however, the most commonly used surgical therapies performed are the placement of a urethral sling or artificial urinary sphincter. For people with moderate to severe stress urinary incontinence after prostate surgery, artificial urinary sphincter is the treatment of choice, after all the other conservative measures fail.


== Radiation therapy ==
Radiation therapy, also known as radiotherapy, is often used to treat all stages of prostate cancer. It is also often used after surgery if the surgery was not successful at curing the cancer. Radiotherapy uses ionizing radiation to kill prostate cancer cells. When absorbed in tissue, ionizing radiation such as gamma and x-rays damage the DNA in cancer cells, which increases the probability of apoptosis (cell death).  Normal cells are able to repair radiation damage, while cancer cells are not. Radiation therapy exploits this fact to treat cancer. Radiation therapy used in prostate cancer treatment include external beam radiation therapy and brachytherapy (specifically prostate brachytherapy).


=== External beam radiation therapy ===

External beam radiation therapy (EBRT) uses a linear accelerator to produce high-energy x-rays that are directed in a beam towards the prostate. A technique called Intensity Modulated Radiation Therapy (IMRT) may be used to adjust the radiation beam to conform with the shape of the tumor, allowing higher doses to be given to the prostate and seminal vesicles with less damage to the bladder and rectum. External beam radiation therapy is generally given over several weeks, with daily visits to a radiation therapy center. New types of radiation therapy such as IMRT have fewer side effects than traditional treatment. However, in the short term, EBRT has been associated with acute worsening of urinary obstructive and bowel symptoms. These symptoms have been shown to decline over time. Thirty-Six centers in the United States are now using proton therapy for prostate cancer, which uses protons rather than X-rays to kill the cancer cells. Researchers are also studying types of stereotactic body radiotherapy (SBRT) to treat prostate cancer


=== Brachytherapy ===

Permanent implant brachytherapy is a popular treatment choice for patients with low to intermediate risk features, can be performed on an outpatient basis, and is associated with good 10-year outcomes with relatively low morbidity.  It involves the placement of about 100 small ""seeds"" containing radioactive material (such as iodine-125 or palladium-103) with a needle through the skin of the perineum directly into the tumor while under spinal or general anesthetic. These seeds emit lower-energy X-rays which are only able to travel a short distance. Although the seeds eventually become inert, they remain in the prostate permanently. The risk of exposure to others from men with implanted seeds is generally accepted to be insignificant. However, men are encouraged to talk to their doctors about any special temporary precautions around small children and pregnant women.


=== Uses ===
Radiation therapy is commonly used in prostate cancer treatment. It may be used instead of surgery or after surgery in early-stage prostate cancer (adjuvant radiotherapy). Radiation treatments also can be combined with hormonal therapy for intermediate risk disease, when surgery or radiation therapy alone is less likely to cure the cancer. Some radiation oncologists combine external beam radiation and brachytherapy for intermediate to high-risk situations. Radiation therapy is often used in conjunction with hormone therapy for high-risk patients.
For men over 64 with prostate cancer limited to the pelvis, using fewer, larger doses of radiation (hypofractionation) results in similar overall survival rates. The risk of dying from prostate cancer or having acute bladder side effects may be similar to that of longer radiation treatment. Others use a ""triple modality"" combination of external beam radiation therapy, brachytherapy, and hormonal therapy.  In advanced stages of prostate cancer, radiation is used to treat painful bone metastases or reduce spinal cord compression.
Radiation therapy is also used after radical prostatectomy either for cancer recurrence or if multiple risk factors are found during surgery.  Radiation therapy delivered immediately after surgery when risk factors are present (positive surgical margin, extracapsular extension, seminal vessicle involvement) has been demonstrated to reduce cancer recurrence, decrease distant metastasis, and increase overall survival in two separate randomized trials.


=== Side effects ===
Side effects of radiation therapy might occur after a few weeks into treatment. Both types of radiation therapy may cause diarrhea and mild rectal bleeding due to radiation proctitis, as well as potential urinary incontinence and impotence. Symptoms tend to improve over time except for erections which typically worsen as time progresses.

A new method to reduce rectal radiation injury in prostate cancer patients involves the use of an absorbable spacer placed between the prostate and rectum.   Such spacers are commercially available in some regions and are undergoing clinical trials in others.  By temporarily altering the anatomy these products have the potential to allow for improved cancer targeting while minimizing risk to neighboring healthy tissues. Prostate rectum spacers should be compatible with all prostate cancer radiotherapy treatments including 3D conformal, IMRT and stereotactic radiation and brachytherapy.


=== Comparison to surgery ===
Multiple retrospective analyses have demonstrated that overall survival and disease-free survival outcomes are similar between radical prostatectomy, external beam radiation therapy, and brachytherapy.
However, a recent retrospective study suggests that men under 60 with high grade prostate cancer have higher survival rates with surgery than with beam radiation.
Rates for impotence when comparing radiation to nerve-sparing surgery are similar.  Radiation has lower rates of incontinence compared with surgery, but has higher rates of occasional mild rectal bleeding. Men who have undergone external beam radiation therapy may have a slightly higher risk of later developing colon cancer and bladder cancer.
Since prostate cancer is generally a multifocal disease, the traditional prostatectomy eliminates all local lesions by removing the entire prostate. However, it has been hypothesized that an ""index lesion"" might be responsible for disease progression. Therefore, focal therapy targeted towards the index lesion might effectively treat prostate cancer while preserving the remainder of the gland. Interventional radiologists have started to treat prostate cancer with minimally invasive therapies such as cryoablation, HIFU, radiofrequency ablation, and photodynamic therapy that permit focal therapy by utilizing image guidance. These therapies are still in beginning or experimental stages; however, because they preserve tissue, they can potentially reduce adverse treatment outcomes such as impotence and incontinence.  A small prospective study published in European Urology in February 2015 assessed the focal treatment of index lesions with HIFU in patients with multifocal prostate cancer and found that the majority of men returned to baseline genitourinary function and 86% of men were free of clinically significant prostate cancer at one year. Small, nonrandomized cohort studies with a median range follow-up 17–47 months have shown that cryoablation, HIFU, and phototherapy are associated with low rates of adverse effects and early disease control rates of 83–100% based on negative biopsies.
People with prostate cancer who might particularly benefit from focal therapy with HIFU are men with recurrent cancer after the gland has been removed. Cancer recurrence rates after surgical resection can be as high as 15–20%. MR imaging improves early detection of cancer, so MR-guided therapies can be applied to treat recurrent disease. Additionally, for men who have already failed salvage radiation treatment and have limited therapeutic options remaining, interventional therapies might offer more chances to potentially cure their disease. While recent studies have demonstrated the feasibility of these treatments, additional work is needed to further evaluate which patients are best suited for these procedures and determine long-term efficacy.


== Hormonal therapy ==


=== Androgen deprivation therapy ===
Hormonal therapy uses medications or surgery to block prostate cancer cells from getting dihydrotestosterone (DHT), a hormone produced in the prostate and required for the growth and spread of most prostate cancer cells. Blocking DHT often causes prostate cancer to stop growing and even shrink. However, hormonal therapy rarely cures prostate cancer because cancers that initially respond to hormonal therapy typically become resistant after one to two years. Hormonal therapy is, therefore, usually used when cancer has spread from the prostate. It may also be given to certain men undergoing radiation therapy or surgery to help prevent return of their cancer.
Hormonal therapy for prostate cancer targets the pathways the body uses to produce DHT. A feedback loop involving the testicles, the hypothalamus, and the pituitary, adrenal, and prostate glands controls the blood levels of DHT. First, low blood levels of DHT stimulate the hypothalamus to produce gonadotropin-releasing hormone (GnRH). GnRH then stimulates the pituitary gland to produce luteinizing hormone (LH), and LH stimulates the testicles to produce testosterone. Finally, testosterone from the testicles and dehydroepiandrosterone from the adrenal glands stimulate the prostate to produce more DHT. Hormonal therapy can decrease levels of DHT by interrupting this pathway at any point.
There are several forms of hormonal therapy:

Orchiectomy, also called ""castration,"" is surgery to remove the testicles. Because the testicles make most of the body's testosterone, after orchiectomy testosterone levels drop. Now the prostate not only lacks the testosterone stimulus to produce DHT but also does not have enough testosterone to transform into DHT. Orchiectomy is considered the gold standard of treatment.
Antiandrogens are medications such as flutamide, nilutamide, bicalutamide, enzalutamide, apalutamide, and cyproterone acetate that directly block the actions of testosterone and DHT within prostate cancer cells.
In men with metastatic, hormone-sensitive prostate cancer, doctors may recommend adding taxane-based chemotherapy (docetaxel) to hormone therapy. This combination likely improves overall and cancer-specific survival by slowing the spread of the cancer. However, taxane-based chemotherapy may cause an increase in side effects.
Medications that block the production of adrenal androgens such as DHEA include ketoconazole and aminoglutethimide. Because the adrenal glands make only about 5% of the body's androgens, these medications are, in general, used only in combination with other methods that can block the 95% of androgens made by the testicles. These combined methods are called total androgen blockade (TAB). TAB can also be achieved using antiandrogens.
GnRH action can be interrupted in one of two ways. GnRH antagonists such as abarelix and degarelix suppress the production of LH directly by acting on the anterior pituitary. GnRH agonists such as leuprorelin and goserelin suppress LH through the process of downregulation after an initial stimulation effect which can cause initial tumor flare. In order to prevent stimulation of tumor growth during the initial LH surge, an antiandrogen such as cyproterone acetate is prescribed a week before and three weeks after GnRH agonists are given. Abarelix and degarelix are examples of GnRH antagonists, whereas the GnRH agonists include leuprolide, goserelin, triptorelin, and buserelin. Initially, GnRH agonists increase the production of LH. However, because the constant supply of the medication does not match the body's natural production rhythm, production of both LH and GnRH decreases after a few weeks.
Abiraterone acetate was FDA approved in April 2011 for treatment of castration-resistant prostate cancer for patients who have failed docetaxel therapy. Abiraterone acetate inhibits an enzyme known as CYP17, which is used in the body to produce testosterone. A review from 2020 showed that when abiraterone acetate is used in combination with hormone therapy improves overall survival for men with prostate cancer and also increases the risk of severe and life-threatening side effects that leads to discontinuation of treatment with these drugs.
The most successful hormonal treatments are orchiectomy and GnRH agonists. Despite their higher cost, GnRH agonists are often chosen over orchiectomy for cosmetic and emotional reasons. Eventually, total androgen blockade may prove to be better than orchiectomy or GnRH agonists used alone.
Each treatment has disadvantages that limit its use in certain circumstances. Although orchiectomy is a low-risk surgery, the psychological impact of removing the testicles can be significant, and sterility is certain. The loss of testosterone can cause hot flashes, weight gain, loss of libido, enlargement of the breasts (gynecomastia), impotence, penile atrophy, and osteoporosis. GnRH agonists eventually cause the same side effects as orchiectomy but may cause worse symptoms at the beginning of treatment. When GnRH agonists are first used, testosterone surges can lead to increased bone pain from metastatic cancer, so antiandrogens or abarelix is often added to blunt these side effects. Estrogens are not commonly used because they increase the risk for cardiovascular disease and blood clots. In general, the antiandrogens do not cause impotence, and usually cause less loss of bone and muscle mass. Ketoconazole can cause liver damage with prolonged use, and aminoglutethimide can cause skin rashes.
When hormonal treatment is appropriate, doctors may choose to start treatment early, right after the diagnosis is made, or wait until the cancer has begun to grow. For men with advanced prostate cancer early hormonal treatment probably lowers the risk of dying from any cause, including dying from prostate cancer without severely affecting quality of life. However, early treatment may lead to more tiredness and heart weakness.
One 2021 study from JAMA Oncology aimed to compare the effectiveness and safety determined in randomized clinical trials of systemic treatments for metastatic castration-sensitive prostate cancer (mCSPC). The study found that ""as add-on treatments to ADT, abiraterone acetate and apalutamide may provide the largest overall survival benefits with relatively low SAE risks. Although enzalutamide may improve radiographic progression-free survival to the greatest extent, longer follow-up is needed to examine the overall survival benefits associated with enzalutamide.""


=== Estrogen therapy ===
High-dose estrogen therapy is used in the treatment of prostate cancer. Estrogens that have been used include diethylstilbestrol, fosfestrol, ethinylestradiol, ethinylestradiol sulfonate, polyestradiol phosphate, and estradiol undecylate, as well as the dual estrogenic and cytostatic agent estramustine phosphate. Newer estrogens with improved tolerability and safety like GTx-758 have also been studied. Estrogens are effective in prostate cancer because they are functional antiandrogens. They both suppress testosterone levels into the castrate range via their antigonadotropic effects and they reduce the fraction of free and bioavailable testosterone by increasing sex hormone-binding globulin levels. Estrogens may also have direct cytotoxic effects in the prostate gland.
Estrogens have been found to be equivalent in effectiveness to androgen deprivation therapy via surgical or medical castration and nonsteroidal antiandrogens. In addition, they prevent hot flashes, preserve bone density, preserve some sexual interest, have quality-of-life advantages, and are far less costly than conventional androgen deprivation therapy. However, estrogens cause feminization and gynecomastia as side effects. Moreover, at a dosage of 3 to 5 mg/day, diethylstilbestrol can increase cardiovascular mortality – particularly in those patients who already have a compromised cardiovascular system. Diethylstilbestrol at 1 to 2 mg/day appears to be safe and effective for CRPC patients who have healthy cardiovascular systems and who concurrently take low-dose aspirin. Although the most commonly employed estrogens, oral and synthetic estrogens such as diethylstilbestrol and ethinylestradiol, increase cardiovascular mortality, certain estrogens, namely bioidentical parenteral estrogens such as polyestradiol phosphate and high-dose transdermal estradiol, do so limitedly or not at all; this is attributed to different degrees of effect of the estrogen classes on liver protein synthesis and by extension coagulation factors.


== Focal Therapies ==


=== High intensity focused ultrasound (HIFU) ===
High intensity focused ultrasound (HIFU) was first used in the 1940s and 1950s in efforts to destroy tumors in the central nervous system. Since then, HIFU has been shown to be effective at destroying malignant tissue in the brain, prostate, spleen, liver, kidney, breast, and bone.
HIFU is a minimally invasive ablative technique that uses focused ultrasound energy to induce coagulative necrosis in prostate tissue and has been investigated as a primary and salvage treatment for localized prostate cancer. HIFU can be delivered as whole-gland ablation or as focal therapy targeting the index lesion, usually under transrectal ultrasound guidance and often combined with perioperative MRI and targeted biopsies for treatment planning and follow‑up.


==== Medical uses ====
HIFU has mainly been evaluated in men with localized, low- to intermediate‑risk prostate cancer (clinical stage T1-T2) who are not candidates for, or prefer to avoid, radical prostatectomy or radiotherapy. It has also been used as a salvage option after radiotherapy failure, although evidence in this setting remains limited to observational series. In focal therapy protocols, HIFU is typically offered to carefully selected patients with unifocal or unilateral clinically significant disease confirmed by multiparametric MRI and targeted/systematic biopsies.


==== Oncological outcomes ====
Prospective cohort studies of whole‑gland HIFU for localized prostate cancer report cancer‑specific survival and metastasis‑free survival at intermediate follow‑up that appear broadly comparable to those seen in contemporary surgical and radiotherapy series, although there are no large randomized trials directly comparing these modalities. Systematic reviews of primary HIFU suggest that partial‑gland (focal) HIFU may have similar short‑term oncological outcomes to whole‑gland HIFU, but durable long‑term control data are still sparse. After focal HIFU, PSA nadir values are typically in the low single‑digit range, and in‑field positive biopsy rates have been reported in approximately 8–40% of patients depending on timing and biopsy protocol. A multi‑centre prospective study of focal HIFU with intraoperative prostate compression reported 7‑year biochemical disease‑free survival above 80% in selected low‑ and intermediate‑risk patients, but these findings require confirmation in controlled trials.


==== Adverse effects ====
HIFU is associated with lower rates of severe urinary incontinence than radical prostatectomy, and rectal toxicity is uncommon with contemporary devices and treatment protocols. In whole‑gland series, most patients maintain urinary continence, but a substantial proportion experience some degree of erectile dysfunction over time, with reported rates of postoperative impotence in the order of 20–40% depending on baseline function and extent of ablation. Meta‑analytic data for primary HIFU suggest approximate rates of urinary incontinence around 2%, urinary obstruction or retention under 10%, and urinary tract infection around 10%, though complication reporting is heterogeneous between studies.


==== Guidelines and recommendations ====
Major international guidelines generally consider HIFU and other focal therapies to be investigational options for localized prostate cancer and do not recommend their routine use outside of clinical trials or prospective registries because of limited long‑term oncological data. Guideline panels acknowledge that focal HIFU appears to be safe, with encouraging functional outcomes, but emphasize the need for randomized controlled trials and standardized follow‑up protocols before broader adoption. Ongoing phase 3 trials are comparing focal HIFU with active surveillance in carefully selected low‑risk or favourable intermediate‑risk patients.


==== History and technology ====

The first clinical applications of HIFU for prostate cancer were reported in the 1990s using transrectal devices that thermally ablated tissue under real‑time ultrasound monitoring. Since then, device technology and imaging integration have evolved, including refinements in treatment planning software, intraprostatic temperature mapping surrogates, and methods such as intraoperative prostate compression to improve energy delivery and reduce treatment time. HIFU systems approved for prostate tissue ablation differ in their transducer design, energy output, and treatment strategies, but share the principle of precise deposition of acoustic energy to generate localized thermal destruction while sparing surrounding structures.


=== Electroporation (IRE) ===
Irreversible electroporation (IRE) is an emerging focal therapy for prostate cancer, particularly suitable for small tumors confined to the prostate. Unlike traditional treatments such as radical prostatectomy or radiation therapy, which may lead to side effects like urinary incontinence and erectile dysfunction, IRE aims to minimize such risks by precisely targeting cancerous tissue and preserving the surrounding non-cancerous structures.
Introduced clinically in the early 21st century, IRE employs electrical fields to create nanopores in the cell membranes of cancerous cells, leading to cell death without significant heat production. This non-thermal mechanism is crucial in sparing surrounding nerves and blood vessels, potentially reducing the collateral damage associated with other therapeutic modalities. Due to these benefits, IRE is under investigation for its utility in patients who may not be ideal candidates for conventional therapies or those who prioritize functional outcomes.
Studies to date, including a retrospective evaluation of 471 IRE treatments, have discussed the feasibility, safety, toxicity, and functional outcomes, suggesting that IRE could become a standard treatment for prostate cancer and a problem-solver for advanced T4 cancers. Given its potential, IRE is a subject of ongoing research, including a multi-center register trial (NCT02255890), as the medical community works to establish its position within the standard of care for prostate cancer.
Despite its advantages, IRE remains an experimental therapy, and larger, long-term studies are necessary to fully understand its efficacy and safety profile. As with any emerging medical treatment, patient selection is critical, and IRE should be considered within the broader context of an individual patient's treatment goals and overall health.


=== Cryotherapy ===
Cryosurgery is a minimally invasive method of treating prostate cancer in which the prostate gland is exposed to freezing temperatures. Under ultrasound guidance metal rods are inserted through the skin of the perineum into the prostate. Highly purified argon gas is used to cool the rods, freezing the surrounding tissue at −186 °C (−302 °F). As the water within the prostate cells freezes, the cells die. The urethra is protected from freezing by a catheter filled with warm liquid. General anesthesia is less commonly used for cryosurgery meaning it can often be performed in an outpatient clinic setting.
It is not clear if cryosurgery improves the quality of life and mortality from prostate cancer compared to radiation therapy. Potential adverse effects associated with cryosurgery include urinary retention, incontinence, and pain in the perineal region, penis, or scrotum. Impotence occurs up to ninety percent of the time. The potential for severe adverse effects compared to radiation treatment is not clear.  Cryosurgery is less invasive than radical prostatectomy.


=== Photodynamic Therapy ===
Photodynamic therapy (PDT) is an emerging focal therapy for the treatment of prostate cancer, offering a minimally invasive alternative to traditional treatments. PDT involves the administration of a photosensitizing agent, which is activated by exposure to a specific type of light. When activated, this agent produces reactive oxygen species that selectively destroy cancer cells while minimizing damage to surrounding healthy tissue.
Clinical applications of PDT for prostate cancer have demonstrated potential benefits in terms of efficacy and safety, particularly for patients with localized, low to intermediate-risk tumors. PDT offers the advantage of targeting specific areas within the prostate, which can help preserve urinary and sexual functions that are often affected by more invasive procedures like surgery or radiation.
Despite its benefits, PDT for prostate cancer remains under clinical investigation, with ongoing studies aimed at improving the precision of the therapy, expanding its applications, and establishing long-term outcomes. Researchers continue to explore the integration of PDT with other treatments, such as chemotherapy and immunotherapy, to enhance overall treatment efficacy.
Overall, photodynamic therapy represents a promising advancement in the management of prostate cancer, providing a treatment option that balances efficacy with quality of life considerations.


=== Electrochemotherapy ===
 Electrochemotherapy (ECT) is a relatively novel approach in the treatment of cancer, combining the use of electrical pulses with chemotherapy to enhance drug uptake by cancer cells. While predominantly used for the treatment of skin cancers and accessible tumors, its application in prostate cancer remains experimental and is under clinical investigation. The technique involves the application of short, intense electric pulses that temporarily increase the permeability of the cell membrane, allowing for higher concentrations of chemotherapeutic drugs to enter the cells.
Currently, the use of ECT for prostate cancer is limited to clinical trials and is not yet established as a standard treatment option. Early studies suggest that ECT could potentially be effective for treating localized prostate cancer, offering a minimally invasive alternative to traditional treatments like surgery and radiation therapy, with fewer side effects. However, more research is needed to determine the optimal protocols and long-term efficacy of this approach.
As research continues, electrochemotherapy may offer new hope for prostate cancer patients, particularly those seeking less invasive treatment options or those for whom traditional therapies have failed. Clinical outcomes and further research will determine the future role of ECT in prostate cancer management.


== Life-style changes ==
Prostate enlargement can cause difficulties emptying the bladder completely. This situation, in which there is residual volume in the bladder is prone to complications such as cystitis and bladder stones, also commonly found in patients with benign prostate hyperplasia. It was often suggested to change the voiding position of symptomatic males, however study results showed heterogeneity. A meta-analysis of people with prostate enlargement and healthy males showed a significant reduction of residual volume, while a trend towards an improved urinary flow rate and decreased voiding time was found. The effect of changing ones position is thought to arise from relaxation of the pelvic musculature, which are contracted in the standing position thereby influencing urodynamics.
There is some evidence that exercise may be beneficial for people with prostate cancer, however the effects are not clear.


== Recurrent disease ==
After surgery or radiation therapy, PSA may start to rise again, which is called biochemical recurrence if a certain threshold is met in PSA levels (typically 0.1 or 0.2 ng/ml for surgery). At 10 years of follow-up after surgery, there is an overall risk of biochemical recurrence of 30–50%, depending on the initial risk state, and salvage radiation therapy (SRT) is the only curative treatment. SRT is often administered in combination with androgen deprivation therapy for up to two years. A retrospective study of patients treated with SRT between 1987 and 2013 found that 56% of 2460 patients were free from biochemical failure after 5 years follow-up. Among those with a PSA less than 0.2 before SRT, this was 71%.


== Extensive disease ==
Palliative care for advanced-stage prostate cancer focuses on extending life and relieving the symptoms of metastatic disease. As noted above, abiraterone is showing some promise in treating advanced-stage prostate cancer.  It causes a dramatic reduction in PSA levels and tumor sizes in aggressive advanced-stage prostate cancer for 70% of patients. Chemotherapy may be offered to slow disease progression and postpone symptoms. The most commonly used regimen combines the chemotherapeutic drug docetaxel with a corticosteroid such as prednisone. One study showed that treatment with docetaxel with prednisone prolonged life from 16.5 months for those taking mitoxantrone and prednisone to 18.9 months for those taking docetaxel + prednisone. Bisphosphonates such as zoledronic acid have been shown to delay skeletal complications such as fractures or the need for radiation therapy in patients with hormone-refractory metastatic prostate cancer. Xofigo is a new alpha-emitting pharmaceutical targeting bone metastasis. Phase II testing shows prolonged patient survival times, reduced pain, and improved quality of life.
Bone pain due to metastatic disease is treated with opioid pain relievers such as morphine and oxycodone. External beam radiation therapy directed at bone metastases may provide pain relief. Injections of certain radioisotopes, such as strontium-89, phosphorus-32, or samarium-153, also target bone metastases and may help relieve pain.
For men with prostate cancer and bone metastases zoledronic acid (a bisphosphonate) and denosumab (a RANK-ligand-inhibitor) appear to be the most effective in preventing skeletal complications. However these agents also seem to cause more frequent and severe adverse events, including kidney failure for treatment with zoledronic acid and osteonecrosis of the jaw for denosumab.


== Alternative therapies ==
As an alternative to active surveillance or definitive treatments, other therapies are also under investigation for the management of prostate cancer. PSA has been shown to be lowered in men with apparent localized prostate cancer using a vegan diet (fish allowed), regular exercise, and stress reduction. These results have so far proven durable after two-years' treatment.  However, this study did not compare the vegan diet to either active surveillance or definitive treatment, and thus cannot comment on the comparative efficacy of the vegan diet in treating prostate cancer.
Many other single agents have been shown to reduce PSA, slow PSA doubling times, or have similar effects on secondary markers in men with localized cancer in short term trials, such as pomegranate juice or genistein, an isoflavone found in various legumes.
The potential of using multiple such agents in concert, let alone combining them with lifestyle changes, has not yet been studied. A more thorough review of natural approaches to prostate cancer has been published.
Neutrons have been shown to be superior to X-rays in the treatment of prostatic cancer.  The rationale is that tumours containing hypoxic cells (cells with enough oxygen concentration to be viable, yet not enough to be X-ray-radiosensitive) and cells deficient in oxygen are resistant to killing by X-rays.  Thus, the lower Oxygen Enhancement Ratio (OER) of neutrons confers an advantage.  Also, neutrons have a higher relative biological effectiveness (RBE) for slow-growing tumours than X-rays, allowing for an advantage in tumour cell killing.


=== Prevention ===
Neither selenium nor vitamin E have been found to be effective in preventing prostate cancer.


== Trade-offs ==
The trade-off dilemma refers to the choice between the expected beneficial and harmful effects in terms of survival and quality of life for a particular treatment (Radical Prostatectomy vs Radiation Therapy). An example of such trade-off in prostate cancer treatment includes urinary and bowel symptoms and waning sexual function. How common these symptoms are and the distress they cause varies between types of treatment and individuals.
One option is to trade off an intact sexual function for the possibility of a prolonged life expectancy by not having curative treatment. The choice involves a trade-off so it is of central importance for the person and the physician to have access to information on established treatment benefits and side effects. A Swedish study found that the willingness to do this kind of trade-off varied considerably among men. While six out of ten were willing to consider a trade-off between life expectancy and intact sexual function, given the present knowledge of treatment benefits for clinically localized prostate cancer, four out of ten stated that they would under all circumstances choose treatment irrespective of the risk for waning sexual function. Access to valid empirical information is crucial for such decision making. Key factors here are an individual's feeling towards the illness, their emotional values and religious beliefs. A substantial proportion of people and physicians, experience stress in judging the trade-off between different treatment options and treatment side-effects which adds to the stress of cancer diagnosed, a situation made worse in that eight out of ten people with prostate cancer have no one to confide in except their spouse and one out of five live in total emotional isolation.
The American Urological Association (AUA), American Society for Radiation Oncology (ASTRO), and the Society of Urologic Oncology (SUO) have issued joint guidelines on shared decision making with patients who have localized prostate cancer to help patients navigate these decisions. A 2017 systematic review of the literature found that while most prostate cancer studies focus on treatment options oriented toward survival, there was little evidence patient-centered outcomes were assessed related to comparative effectiveness treatment.


== See also ==
Prostate cancer#Research


== References ==",https://en.wikipedia.org/wiki/Management_of_prostate_cancer
Stroke,Stroke,"A stroke is a medical condition in which blood flow to a part of the brain is reduced or blocked causing cell death. There are two main types of stroke: ischemic, due to lack of blood flow, and hemorrhagic, due to bleeding. Both cause parts of the brain to stop functioning properly.
Signs and symptoms of a stroke may include facial drooping, inability to walk, move or feel on one side of the body, problems understanding or speaking, dizziness, or loss of vision to one side. Signs and symptoms often appear soon after the stroke has occurred. If symptoms last less than 24 hours, the stroke is a transient ischemic attack (TIA), also called a mini-stroke. A hemorrhagic stroke may also be associated with a severe headache. The symptoms of a stroke can be permanent. Long-term complications may include pneumonia and loss of bladder control.
The biggest risk factor for a stroke is high blood pressure. Other risk factors include high blood cholesterol, tobacco smoking, obesity, diabetes mellitus, a previous TIA, end-stage kidney disease, and atrial fibrillation. An ischemic stroke is typically caused by blockage of a blood vessel, though there are also less common causes. A hemorrhagic stroke is caused by either bleeding directly into the brain or into the space between the brain's membranes. Bleeding may occur due to a ruptured brain aneurysm. Diagnosis is typically based on a physical exam and supported by medical imaging such as a CT scan or MRI scan. A CT scan can rule out bleeding, but may not necessarily rule out ischemia, which early on typically does not show up on a CT scan. Other tests such as an electrocardiogram (ECG) and blood tests are done to determine risk factors and possible causes. Low blood sugar may cause similar symptoms.
Prevention includes decreasing risk factors, surgery to open up the arteries to the brain in those with problematic carotid narrowing, and anticoagulant medication in people with atrial fibrillation. Aspirin or statins may be recommended by physicians for prevention. A stroke is a medical emergency. Ischemic strokes, if detected within three to four-and-a-half hours, may be treatable with medication that can break down the clot, while hemorrhagic strokes sometimes benefit from surgery. Treatment to attempt recovery of lost function is called stroke rehabilitation, and ideally takes place in a stroke unit; however, these are not available in much of the world.
In 2023, 15 million people worldwide had a stroke. In 2021, strokes were the third biggest cause of death, responsible for approximately 10% of total deaths. In 2015, there were about 42.4 million people who had previously had a stroke and were still alive. Between 1990 and 2010 the annual incidence of a stroke decreased by approximately 10% in the developed world, but increased by 10% in the developing world. In 2015, a stroke was the second most frequent cause of death after coronary artery disease, accounting for 6.3 million deaths (11% of the total). About 3.0 million deaths resulted from an ischemic stroke while 3.3 million deaths resulted from a hemorrhagic stroke. About half of people who have had a stroke live less than one year. Overall, two thirds of cases of a stroke occurred in those over 65 years old.","A stroke is a medical condition in which blood flow to a part of the brain is reduced or blocked causing cell death. There are two main types of stroke: ischemic, due to lack of blood flow, and hemorrhagic, due to bleeding. Both cause parts of the brain to stop functioning properly.
Signs and symptoms of a stroke may include facial drooping, inability to walk, move or feel on one side of the body, problems understanding or speaking, dizziness, or loss of vision to one side. Signs and symptoms often appear soon after the stroke has occurred. If symptoms last less than 24 hours, the stroke is a transient ischemic attack (TIA), also called a mini-stroke. A hemorrhagic stroke may also be associated with a severe headache. The symptoms of a stroke can be permanent. Long-term complications may include pneumonia and loss of bladder control.
The biggest risk factor for a stroke is high blood pressure. Other risk factors include high blood cholesterol, tobacco smoking, obesity, diabetes mellitus, a previous TIA, end-stage kidney disease, and atrial fibrillation. An ischemic stroke is typically caused by blockage of a blood vessel, though there are also less common causes. A hemorrhagic stroke is caused by either bleeding directly into the brain or into the space between the brain's membranes. Bleeding may occur due to a ruptured brain aneurysm. Diagnosis is typically based on a physical exam and supported by medical imaging such as a CT scan or MRI scan. A CT scan can rule out bleeding, but may not necessarily rule out ischemia, which early on typically does not show up on a CT scan. Other tests such as an electrocardiogram (ECG) and blood tests are done to determine risk factors and possible causes. Low blood sugar may cause similar symptoms.
Prevention includes decreasing risk factors, surgery to open up the arteries to the brain in those with problematic carotid narrowing, and anticoagulant medication in people with atrial fibrillation. Aspirin or statins may be recommended by physicians for prevention. A stroke is a medical emergency. Ischemic strokes, if detected within three to four-and-a-half hours, may be treatable with medication that can break down the clot, while hemorrhagic strokes sometimes benefit from surgery. Treatment to attempt recovery of lost function is called stroke rehabilitation, and ideally takes place in a stroke unit; however, these are not available in much of the world.
In 2023, 15 million people worldwide had a stroke. In 2021, strokes were the third biggest cause of death, responsible for approximately 10% of total deaths. In 2015, there were about 42.4 million people who had previously had a stroke and were still alive. Between 1990 and 2010 the annual incidence of a stroke decreased by approximately 10% in the developed world, but increased by 10% in the developing world. In 2015, a stroke was the second most frequent cause of death after coronary artery disease, accounting for 6.3 million deaths (11% of the total). About 3.0 million deaths resulted from an ischemic stroke while 3.3 million deaths resulted from a hemorrhagic stroke. About half of people who have had a stroke live less than one year. Overall, two thirds of cases of a stroke occurred in those over 65 years old.


== Classification ==

Stroke can be classified into two major categories: ischemic and hemorrhagic. An ischemic stroke is caused by interruption of the blood supply to the brain, while a  hemorrhagic stroke results from the rupture of a blood vessel or an abnormal vascular structure.
About 87% of strokes are ischemic, with the rest being hemorrhagic. Bleeding can develop inside areas of ischemia, a condition known as ""hemorrhagic transformation"". It is unknown how many cases of hemorrhagic stroke actually start as an ischemic stroke.


=== Definition ===
In the 1970s the World Health Organization defined a ""stroke"" as a ""neurological deficit of cerebrovascular cause that persists beyond 24 hours or is interrupted by death within 24 hours"", although the word ""stroke"" is centuries old. This definition was supposed to reflect the reversibility of tissue damage and was devised for the purpose, with the time frame of 24 hours being chosen arbitrarily. The 24-hour limit divides a stroke from a transient ischemic attack, which is a related syndrome of stroke symptoms that resolve completely within 24 hours. With the availability of treatments that can reduce the severity of a stroke when given early, many now prefer alternative terminology, such as ""brain attack"" and ""acute ischemic cerebrovascular syndrome"" (modeled after heart attack and acute coronary syndrome, respectively), to reflect the urgency of stroke symptoms and the need to act swiftly.


=== Ischemic ===

During an ischemic stroke, blood supply to part of the brain is decreased, leading to dysfunction of the brain tissue in that area. There are four reasons why this might happen:

Thrombosis (obstruction of a blood vessel by a blood clot forming locally)
Embolism (obstruction due to an embolus from elsewhere in the body),
Systemic hypoperfusion (general decrease in blood supply, e.g., in shock)
Cerebral venous sinus thrombosis.
A stroke without an obvious explanation is termed a cryptogenic stroke (idiopathic); this constitutes 30–40% of all cases of ischemic stroke.
There are classification systems for an acute ischemic stroke. The Oxford Community Stroke Project classification (OCSP, also known as the Bamford or Oxford classification) relies primarily on the initial symptoms; based on the extent of the symptoms, the stroke episode is classified as total anterior circulation infarct (TACI), partial anterior circulation infarct (PACI), lacunar infarct (LACI) or posterior circulation infarct (POCI). These four entities predict the extent of the stroke, the area of the brain that is affected, the underlying cause, and the prognosis.
The TOAST (Trial of Org 10172 in Acute Stroke Treatment) classification is based on clinical symptoms as well as results of further investigations; on this basis, a stroke is classified as being due to
(1) thrombosis or embolism due to atherosclerosis of a large artery,
(2) an embolism originating in the heart,
(3) complete blockage of a small blood vessel,
(4) other determined cause,
(5) undetermined cause (two possible causes, no cause identified, or incomplete investigation).
Users of stimulants such as cocaine and methamphetamine are at a high risk for an ischemic stroke.


=== Hemorrhagic ===

There are two main types of hemorrhagic stroke:

Intracerebral hemorrhage, which is bleeding within the brain itself (when an artery in the brain bursts, flooding the surrounding tissue with blood), due to either intraparenchymal hemorrhage (bleeding within the brain tissue) or intraventricular hemorrhage (bleeding within the brain's ventricular system).
Subarachnoid hemorrhage, which is bleeding that occurs outside of the brain tissue but still within the skull, and precisely between the arachnoid mater and pia mater (the delicate innermost layer of the three layers of the meninges that surround the brain).
The above two main types of hemorrhagic stroke are also two different forms of intracranial hemorrhage, which is the accumulation of blood anywhere within the cranial vault; but the other forms of intracranial hemorrhage, such as epidural hematoma (bleeding between the skull and the dura mater, which is the thick outermost layer of the meninges that surround the brain) and subdural hematoma (bleeding in the subdural space), are not considered as a ""hemorrhagic stroke"".
A hemorrhagic stroke may occur on the background of alterations to the blood vessels in the brain, such as cerebral amyloid angiopathy, cerebral arteriovenous malformation and an intracranial aneurysm, which can cause an intraparenchymal or subarachnoid hemorrhage.
In addition to neurological impairment, a hemorrhagic stroke usually causes specific symptoms (for instance, subarachnoid hemorrhage classically causes a severe headache known as a thunderclap headache) or reveal evidence of a previous head injury.


== Signs and symptoms ==


=== Early recognition ===

Systems have been proposed to increase recognition of a stroke. Sudden-onset face weakness, arm drift (i.e., if a person, when asked to raise both arms, involuntarily lets one arm drift downward) and abnormal speech are the findings most likely to lead to the correct identification of a stroke, increasing the likelihood by 5.5 when at least one of these is present. Similarly, when all three of these are absent, the likelihood of a stroke is decreased (– likelihood ratio of 0.39). While these findings are not perfect for diagnosing a stroke, the fact that they can be evaluated relatively rapidly and easily make them very valuable in the acute setting.
A mnemonic to remember the warning signs of stroke is FAST (facial droop, arm weakness, speech difficulty, and time to call emergency services), as advocated by the Department of Health (United Kingdom) and the Stroke Association, the American Stroke Association, and the National Stroke Association (US). FAST is less reliable in the recognition of a posterior circulation stroke. The revised mnemonic BE FAST, which adds balance (sudden trouble keeping balance while walking or standing) and eyesight (new onset of blurry or double vision or sudden, painless loss of sight)  to the assessment, has been proposed to address this shortcoming and improve the early detection of a stroke even further. Other scales for prehospital detection of stroke include the Los Angeles Prehospital Stroke Screen (LAPSS) and the Cincinnati Prehospital Stroke Scale (CPSS), on which the FAST method was based. Use of these scales is recommended by professional guidelines.
For people referred to the emergency room, early recognition of a stroke is important as this can expedite diagnostic tests and treatments. A scoring system called ROSIER (recognition of stroke in the emergency room) is recommended for this purpose; it is based on features from the medical history and physical examination.


=== Associated symptoms ===
Loss of consciousness, headache, and vomiting usually occur more often in a hemorrhagic stroke than in thrombosis because of the increased intracranial pressure from the leaking blood compressing the brain.
If symptoms are maximal at onset, the cause is more likely to be a subarachnoid hemorrhage or an embolic stroke.


=== Subtypes ===
If the area of the brain affected includes one of the three prominent central nervous system pathways—the spinothalamic tract, corticospinal tract, and the dorsal column–medial lemniscus pathway, symptoms may include:

hemiplegia and muscle weakness of the face
numbness
reduction in sensory or vibratory sensation
initial flaccidity (reduced muscle tone), replaced by spasticity (increased muscle tone), excessive reflexes, and obligatory synergies.
In most cases, the symptoms affect only one side of the body (unilateral). The defect in the brain is usually on the opposite side of the body. However, since these pathways also travel in the spinal cord and any lesion there can also produce these symptoms, the presence of any one of these symptoms does not necessarily indicate a stroke. In addition to the above central nervous system pathways, the brainstem gives rise to most of the twelve cranial nerves. A brainstem stroke affecting the brainstem and brain, therefore, can produce symptoms relating to deficits in these cranial nerves:

altered smell, taste, hearing, or vision (total or partial)
drooping of eyelid (ptosis) and weakness of ocular muscles
decreased reflexes: gag, swallow, pupil reactivity to light
decreased sensation and muscle weakness of the face
balance problems and nystagmus
altered breathing and heart rate
weakness in sternocleidomastoid muscle with inability to turn head to one side
weakness in tongue (inability to stick out the tongue or move it from side to side)
If the cerebral cortex is involved, the central nervous system pathways can again be affected, but can also produce the following symptoms:

aphasia (difficulty with verbal expression, auditory comprehension, reading and writing; Broca's or Wernicke's area typically involved)
dysarthria (motor speech disorder resulting from neurological injury)
apraxia (altered voluntary movements)
visual field defect
memory deficits (involvement of temporal lobe)
hemineglect (involvement of parietal lobe)
disorganized thinking, confusion, hypersexual gestures (with involvement of frontal lobe)
lack of insight of his or her, usually stroke-related, disability
If the cerebellum is involved, ataxia might be present and this includes:

altered walking gait
altered movement coordination
vertigo and or disequilibrium


=== Preceding signs and symptoms ===
In the days before a stroke (generally in the previous seven days, even the previous one), a considerable proportion of patients have a ""sentinel headache"": a severe and unusual headache that indicates a problem. Its appearance makes it advisable to seek medical review and to consider prevention against a stroke.


=== Silent stroke ===
A silent stroke is a stroke that does not have any outward symptoms, and people are typically unaware they had experienced a stroke. Despite not causing identifiable symptoms, a silent stroke still damages the brain and places the person at increased risk for both a transient ischemic attack and a major stroke in the future. Conversely, those who have had a major stroke are also at risk of having a silent stroke. In a broad study in 1998, more than 11 million people were estimated to have experienced a stroke in the United States. Approximately 770,000 of these were symptomatic and 11 million were first-ever silent MRI infarcts or hemorrhages. A silent stroke typically causes lesions which are detectable via the use of neuroimaging such as MRI. A silent stroke is estimated to occur at five times the rate of a symptomatic stroke. The risk of a  silent stroke increases with age, but may also affect younger adults and children, especially those with acute anemia.


== Causes ==


=== Thrombotic stroke ===

In a thrombotic stroke, a thrombus (blood clot) usually forms around atherosclerotic plaques. Since blockage of the artery is gradual, onset of a symptomatic thrombotic stroke is slower than that of a hemorrhagic stroke. A thrombus itself (even if it does not completely block the blood vessel) can lead to an embolic stroke (see below) if the thrombus breaks off and travels in the bloodstream, at which point it is called an embolus. Two types of thrombosis can cause stroke:

Large vessel disease involves the common and internal carotid arteries, the vertebral artery, and the Circle of Willis. Diseases that may form thrombi in the large vessels include (in descending incidence): atherosclerosis, vasoconstriction (tightening of the artery), aortic, carotid or vertebral artery dissection, inflammatory diseases of the blood vessel wall (Takayasu arteritis, giant cell arteritis, vasculitis), noninflammatory vasculopathy, Moyamoya disease and fibromuscular dysplasia. Strokes caused by artery dissections are in the strictest sense not always caused by a 'defined disease state', such events can occur in very young people and can be caused by physical injury such as hyperextension of the neck area or often by other forms of trauma.
Small vessel disease involves the smaller arteries inside the brain: branches of the circle of Willis, middle cerebral artery, stem, and arteries arising from the distal vertebral and basilar artery. Diseases that may form thrombi in the small vessels include (in descending incidence): lipohyalinosis (build-up of fatty hyaline matter in the blood vessel as a result of high blood pressure and aging) and fibrinoid degeneration (a stroke involving these vessels is known as a lacunar stroke) and microatheroma (small atherosclerotic plaques).
Anemia causes increased blood flow in the blood circulatory system. This causes the endothelial cells of the blood vessels to express adhesion factors which encourages the clotting of blood and formation of thrombus. Sickle-cell anemia, which can cause blood cells to clump up and block blood vessels, can also lead to a stroke. A stroke is the second leading cause of death in people under 20 with sickle-cell anemia.


=== Embolic stroke ===
An embolic stroke refers to an arterial embolism (a blockage of an artery) by an embolus, a traveling particle or debris in the arterial bloodstream originating from elsewhere. An embolus is most frequently a thrombus, but it can also be a number of other substances including fat (e.g., from bone marrow in a broken bone), air, cancer cells or clumps of bacteria (usually from infectious endocarditis).
Because an embolus arises from elsewhere, local therapy solves the problem only temporarily. Thus, the source of the embolus must be identified. Because the embolic blockage is sudden in onset, symptoms are usually maximal at the start. Also, symptoms may be transient as the embolus is partially resorbed and moves to a different location or dissipates altogether.
Emboli most commonly arise from the heart (especially in atrial fibrillation) but may originate from elsewhere in the arterial tree. In a paradoxical embolism, a deep vein thrombosis embolizes through an atrial or ventricular septal defect in the heart into the brain.
Causes of a stroke related to the heart can be distinguished between high- and low-risk:

High risk: atrial fibrillation and paroxysmal atrial fibrillation, rheumatic disease of the mitral or aortic valve disease, artificial heart valves, known cardiac thrombus of the atrium or ventricle, sick sinus syndrome, sustained atrial flutter, recent myocardial infarction, chronic myocardial infarction together with ejection fraction <28 percent, symptomatic congestive heart failure with ejection fraction <30 percent, dilated cardiomyopathy, Libman-Sacks endocarditis, Marantic endocarditis, infective endocarditis, papillary fibroelastoma, left atrial myxoma, and coronary artery bypass graft (CABG) surgery.
Low risk/potential: calcification of the annulus (ring) of the mitral valve, patent foramen ovale (PFO), atrial septal aneurysm, atrial septal aneurysm with patent foramen ovale, left ventricular aneurysm without thrombus, isolated left atrial ""smoke"" on echocardiography (no mitral stenosis or atrial fibrillation), and complex atheroma in the ascending aorta or proximal arch
Among those who have a complete blockage of one of the carotid arteries, the risk of a stroke on that side is about one percent per year.
A special form of embolic stroke is the embolic stroke of undetermined source (ESUS). This subset of cryptogenic stroke is defined as a non-lacunar brain infarct without proximal arterial stenosis or cardioembolic sources. About one out of six cases of ischemic strokes could be classified as ESUS.


=== Cerebral hypoperfusion ===
Cerebral hypoperfusion is the reduction of blood flow to all parts of the brain. The reduction could be to a particular part of the brain depending on the cause. It is most commonly due to heart failure from cardiac arrest or arrhythmias, or from reduced cardiac output as a result of myocardial infarction, pulmonary embolism, pericardial effusion, or bleeding. Hypoxemia (low blood oxygen content) may precipitate the hypoperfusion. Because the reduction in blood flow is global, all parts of the brain may be affected, especially vulnerable ""watershed"" areas—border zone regions supplied by the major cerebral arteries. A watershed stroke refers to the condition when the blood supply to these areas is compromised. Blood flow to these areas does not necessarily stop, but instead it may lessen to the point where brain damage can occur.


=== Venous thrombosis ===
Cerebral venous sinus thrombosis leads to a stroke due to locally increased venous pressure, which exceeds the pressure generated by the arteries. Infarcts are more likely to undergo hemorrhagic transformation (leaking of blood into the damaged area) than other types of ischemic stroke.


=== Intracerebral hemorrhage ===
It generally occurs in small arteries or arterioles and is commonly due to hypertension, intracranial vascular malformations (including cavernous angiomas or arteriovenous malformations), cerebral amyloid angiopathy, or infarcts into which secondary hemorrhage has occurred. Other potential causes are trauma, bleeding disorders, amyloid angiopathy, illicit drug use (e.g., amphetamines or cocaine). The hematoma enlarges until pressure from surrounding tissue limits its growth, or until it decompresses by emptying into the ventricular system, CSF or the pial surface. A third of intracerebral bleed is into the brain's ventricles. ICH has a mortality rate of 44 percent after 30 days, higher than an ischemic stroke or subarachnoid hemorrhage (which technically may also be classified as a type of stroke).


=== Other ===
Other causes may include the spasm of an artery. This may occur due to cocaine. Cancer is also another well recognized potential cause of a stroke. Although, malignancy in general can increase the risk of a stroke, certain types of cancer such as pancreatic, lung and gastric are typically associated with a higher thromboembolism risk. The mechanism with which cancer increases the stroke risk is thought to be secondary to an acquired hypercoagulability. Air pollution is responsible for around 27% of deaths from strokes worldwide, according to the Global Burden of Disease Study.


== Pathophysiology ==


=== Ischemic ===

An ischemic stroke occurs because of a loss of blood supply to part of the brain, initiating the ischemic cascade. Atherosclerosis may disrupt the blood supply by narrowing the lumen of blood vessels leading to a reduction of blood flow by causing the formation of blood clots within the vessel or by releasing showers of small emboli through the disintegration of atherosclerotic plaques. Embolic infarction occurs when emboli formed elsewhere in the circulatory system, typically in the heart as a consequence of atrial fibrillation, or in the carotid arteries, break off, enter the cerebral circulation, then lodge in and block brain blood vessels. Since blood vessels in the brain are now blocked, the brain becomes low in energy, and thus it resorts to using anaerobic metabolism within the region of brain tissue affected by ischemia. Anaerobic metabolism produces less adenosine triphosphate (ATP) but releases a by-product called lactic acid. Lactic acid is an irritant which could potentially destroy cells since it is an acid and disrupts the normal acid-base balance in the brain. The ischemia area is referred to as the ""ischemic penumbra"". After the initial ischemic event the penumbra transitions from a tissue remodeling characterized by damage to a remodeling characterized by repair.

As oxygen or glucose becomes depleted in ischemic brain tissue, the production of high energy phosphate compounds such as adenosine triphosphate (ATP) fails, leading to failure of energy-dependent processes (such as ion pumping) necessary for tissue cell survival. This sets off a series of interrelated events that result in cellular injury and death. A major cause of neuronal injury is the release of the excitatory neurotransmitter glutamate. The concentration of glutamate outside the cells of the nervous system is normally kept low by so-called uptake carriers, which are powered by the concentration gradients of ions (mainly Na+) across the cell membrane. However, stroke cuts off the supply of oxygen and glucose which powers the ion pumps maintaining these gradients. As a result, the transmembrane ion gradients run down, and glutamate transporters reverse their direction, releasing glutamate into the extracellular space. Glutamate acts on receptors in nerve cells (especially NMDA receptors), producing an influx of calcium which activates enzymes that digest the cells' proteins, lipids, and nuclear material. Calcium influx can also lead to the failure of mitochondria, which can lead further toward energy depletion and may trigger cell death due to programmed cell death.
Ischemia also induces production of oxygen free radicals and other reactive oxygen species. These react with and damage a number of cellular and extracellular elements. Damage to the blood vessel lining or endothelium may occur. These processes are the same for any type of ischemic tissue and are referred to collectively as the ischemic cascade. However, brain tissue is especially vulnerable to ischemia since it has little respiratory reserve and is completely dependent on aerobic metabolism, unlike most other organs.


==== Collateral flow ====

The brain can compensate inadequate blood flow in a single artery by the collateral system. This system relies on the efficient connection between the carotid and vertebral arteries through the circle of Willis and, to a lesser extent, the major arteries supplying the cerebral hemispheres. However, variations in the circle of Willis, caliber of collateral vessels, and acquired arterial lesions such as atherosclerosis can disrupt this compensatory mechanism, increasing the risk of brain ischemia resulting from artery blockage.
The extent of damage depends on the duration and severity of the ischemia. If ischemia persists for more than 5 minutes with perfusion below 5% of normal, some neurons will die. However, if ischemia is mild, the damage will occur slowly and may take up to 6 hours to completely destroy the brain tissue. In case of severe ischemia lasting more than 15 to 30 minutes, all of the affected tissue will die, leading to infarction. The rate of damage is affected by temperature, with hyperthermia accelerating damage and hypothermia slowing it down and  other factors. Prompt restoration of blood flow to ischemic tissues can reduce or reverse injury, especially if the tissues are not yet irreversibly damaged. This is particularly important for the moderately ischemic areas (penumbras) surrounding areas of severe ischemia, which may still be salvageable due to collateral flow.


=== Hemorrhagic ===
A hemorrhagic stroke is classified based on the underlying pathology. Some causes of hemorrhagic strokes are hypertensive hemorrhage, a ruptured aneurysm, ruptured AV fistula, transformation of prior ischemic infarction, and drug-induced bleeding. They result in tissue injury by causing compression of tissue from an expanding hematoma or hematomas. In addition, the pressure may lead to a loss of blood supply to affected tissue with resulting infarction, and the blood released by brain hemorrhage appears to have direct toxic effects on brain tissue and vasculature. Inflammation contributes to the secondary brain injury after hemorrhage.


== Diagnosis ==

A stroke is diagnosed through several techniques: a neurological examination (such as the NIHSS), CT scans (most often without contrast enhancements) or MRI scans, Doppler ultrasound, and arteriography. The diagnosis is clinical, with assistance from the imaging techniques. Imaging techniques also assist in determining the subtypes and cause of a stroke. There is yet no commonly used blood test for the stroke diagnosis itself, though blood tests may be of help in finding out the likely cause. After death, an autopsy may help to establish the time between the stroke onset and death.


=== Physical examination ===
A physical examination, including taking a medical history of the symptoms and a neurological status, helps to evaluate the location and severity of a stroke. It can give a standard score for example on the NIH stroke scale.


=== Imaging ===
For diagnosing an ischemic (blockage) stroke in the emergency setting:

CT scans (without contrast enhancements)
sensitivity= 16% (less than 10% within first 3 hours of symptom onset)
specificity= 96%
MRI scan
sensitivity= 83%
specificity= 98%
For diagnosing hemorrhagic stroke in the emergency setting:

CT scans (without contrast enhancements)
sensitivity= 89%
specificity= 100%
MRI scan
sensitivity= 81%
specificity= 100%
For detecting chronic hemorrhages, an MRI scan is more sensitive.
For the assessment of a stable stroke, nuclear medicine scans such as single-photon emission computed tomography (SPECT) and positron emission tomography–computed tomography (PET/CT) may be helpful. SPECT documents cerebral blood flow, whereas PET with an FDG isotope shows cerebral glucose metabolism.
CT scans may not detect an ischemic stroke, especially if it is small, of recent onset, or in the brainstem or cerebellum (posterior circulation infarct). MRI is better at detecting a posterior circulation infarct with diffusion-weighted imaging. A CT scan is used more to rule out certain stroke mimics and detect bleeding. The presence of leptomeningeal collateral circulation in the brain is associated with better clinical outcomes after recanalization treatment. Cerebrovascular reserve capacity is another factor that affects the outcome of a stroke – it is the amount of increase in cerebral blood flow after a purposeful stimulation of blood flow by the physician, such as by giving inhaled carbon dioxide or intravenous acetazolamide. The increase in blood flow can be measured by PET scan or transcranial doppler sonography. However, in people with obstruction of the internal carotid artery of one side, the presence of leptomeningeal collateral circulation is associated with reduced cerebral reserve capacity.


=== Underlying cause ===

When a stroke has been diagnosed, other studies may be performed to determine the underlying cause. With the treatment and diagnosis options available, it is of particular importance to determine whether there is a peripheral source of emboli. Test selection may vary since the cause of a stroke varies with age, comorbidity and the clinical presentation. The following are commonly used techniques:

an ultrasound/doppler study of the carotid arteries (to detect carotid stenosis) or dissection of the precerebral arteries;
an electrocardiogram (ECG) and echocardiogram (to identify arrhythmias and resultant clots in the heart which may spread to the brain vessels through the bloodstream);
a Holter monitor study to identify intermittent abnormal heart rhythms;
an angiogram of the cerebral vasculature (if a bleed is thought to have originated from an aneurysm or arteriovenous malformation);
blood tests to determine if blood cholesterol is high, if there is an abnormal tendency to bleed, and if some rarer processes such as homocystinuria might be involved.
For a hemorrhagic stroke, a CT or MRI scan with intravascular contrast may be able to identify abnormalities in the brain arteries (such as aneurysms) or other sources of bleeding, and structural MRI if this shows no cause. If this too does not identify an underlying reason for the bleeding, invasive cerebral angiography could be performed but this requires access to the bloodstream with an intravascular catheter and can cause a further stroke as well as complications at the insertion site and this investigation is therefore reserved for specific situations. If there are symptoms suggesting that the hemorrhage might have occurred as a result of venous thrombosis, CT or MRI venography can be used to examine the cerebral veins.


=== Misdiagnosis ===
Among people with an ischemic stroke, misdiagnosis occurs 2–26% of the time. A ""stroke chameleon"" (SC) is a stroke which is diagnosed as something else.
People not having a stroke may also be misdiagnosed with the condition. Giving thrombolytics (clot-busting) in such cases causes intracerebral bleeding 1-2% of the time, which is less than that of people with a stroke. This unnecessary treatment adds to health care costs. Even so, the AHA/ASA guidelines state that starting intravenous tPA in possible mimics is preferred to delaying treatment for additional testing.
Women, African-Americans, Hispanic-Americans, Asian and Pacific Islanders are more often misdiagnosed for a condition other than a stroke when in fact having a stroke. In addition, adults under 44 years of age are seven times more likely to have a missed stroke than are adults over 75 years of age. This is especially the case for younger people with posterior circulation infarcts. Some medical centers have used hyperacute MRI in experimental studies for people initially thought to have a low likelihood of a stroke, and in some of these people, a stroke has been found which was then treated with thrombolytic medication.


== Prevention ==
Given the disease burden of a stroke, prevention is an important public health concern. Primary prevention is less effective than secondary prevention (as judged by the number needed to treat to prevent one stroke per year). Recent guidelines detail the evidence for primary prevention in stroke. In healthy people aspirin does not appear beneficial and thus is not recommended as a preventive measure,  but in people with high cardiovascular risk, or those who have had a myocardial infarction, it provides some protection against a first stroke. In those who have previously had a stroke, treatment with medications such as aspirin, clopidogrel, and dipyridamole may be beneficial. The U.S. Preventive Services Task Force (USPSTF) recommends against screening for carotid artery stenosis in those without symptoms.


=== Risk factors ===
The most important modifiable risk factors for a stroke are chronic uncontrolled hypertension and atrial fibrillation, although the size of the effect is small; 833 people have to be treated for one year to prevent one stroke. Other modifiable risk factors include high blood cholesterol levels, diabetes mellitus, end-stage kidney disease, cigarette smoking (active and passive), heavy alcohol use, drug use, lack of physical activity, obesity, processed red meat consumption, and unhealthy diet. Smoking just one cigarette per day increases the risk more than 30%. Alcohol use could predispose to an ischemic stroke, as well as intracerebral and subarachnoid hemorrhage via multiple mechanisms (for example, via hypertension, atrial fibrillation, rebound thrombocytosis and platelet aggregation and clotting disturbances). Drug abuse, most commonly involving amphetamines and cocaine, can induce a stroke through damage to the blood vessels in the brain and acute hypertension. Migraine with aura doubles a person's risk for an ischemic stroke. Untreated, celiac disease regardless of the presence of symptoms can be an underlying cause of a stroke, both in children and adults. According to a 2021 WHO study, working 55+ hours a week raises the stroke risk by 35% and the risk of dying from heart conditions by 17%, when compared to a 35–40-hour week.
High levels of physical activity reduce stroke risk by about 26%. There is a lack of high quality studies looking at promotional efforts to improve lifestyle factors. Nonetheless, given the large body of circumstantial evidence, best medical management includes advice on diet, exercise, smoking and alcohol use. Medication is the most common method of stroke prevention; carotid endarterectomy can be a useful surgical method of stroke prevention.
A 2025 study reported that women under 50 with a history of pregnancy complications face a higher risk of an ischemic stroke. Conditions such as hypertensive disorders of pregnancy, gestational diabetes, preterm birth, small-for-gestational-age infants, stillbirth, and miscarriage were more common among stroke patients than those without. The risk was especially elevated for strokes linked to large artery disease in women with prior hypertensive disorders, preterm births or small-for-gestational-age deliveries.


==== Blood pressure ====
High blood pressure accounts for 35–50% of stroke risk. Blood pressure reduction of 10 mmHg systolic or 5 mmHg diastolic reduces the risk of stroke by ~40%. Lowering blood pressure has been conclusively shown to prevent both ischemic and hemorrhagic strokes. It is equally important in secondary prevention. Even people older than 80 years and those with isolated systolic hypertension benefit from antihypertensive therapy. The available evidence does not show large differences in stroke prevention between antihypertensive drugs—therefore, other factors such as protection against other forms of cardiovascular disease and cost should be considered. The routine use of beta-blockers following a stroke or TIA has not been shown to result in benefits.


==== Blood lipids ====
High cholesterol levels have been inconsistently associated with (ischemic) strokes. Statins have been shown to reduce the risk of a stroke by about 15%. Since earlier meta-analyses of other lipid-lowering drugs did not show a decreased risk, statins might exert their effect through mechanisms other than their lipid-lowering effects.


==== Diabetes mellitus ====
Diabetes mellitus increases the risk of a stroke by about two times, with a more pronounced effect on ischemic than hemorrhagic stroke. While intensive blood sugar control has been shown to reduce small blood vessel complications such as kidney damage and damage to the retina of the eye it has not been shown to reduce large blood vessel complications such as a stroke.


==== Anticoagulant drugs ====
Oral anticoagulants such as warfarin have been the mainstay of stroke prevention for over 50 years. However, several studies have shown that aspirin and other antiplatelets are highly effective in secondary prevention after a stroke or transient ischemic attack. Low doses of aspirin (for example 75–150 mg) are as effective as high doses but have fewer side effects; the lowest effective dose remains unknown. Thienopyridines (clopidogrel, ticlopidine) might be slightly more effective than aspirin and have a decreased risk of gastrointestinal bleeding but are more expensive. Both aspirin and clopidogrel may be useful in the first few weeks after a minor stroke or high-risk TIA. Clopidogrel has less side effects than ticlopidine. Dipyridamole can be added to aspirin therapy to provide a small additional benefit, even though headache is a common side effect. Low-dose aspirin is also effective for stroke prevention after having a myocardial infarction.
Those with atrial fibrillation have a 5% a year risk of having a stroke, and those with valvular atrial fibrillation have an even higher risk. Depending on the stroke risk, anticoagulation with medications such as warfarin or aspirin is useful for prevention with various levels of comparative effectiveness depending on the type of treatment used.
Oral anticoagulants, especially Xa (apixaban) and thrombin (dabigatran) inhibitors, have been shown to be superior to warfarin in stroke reduction and have a lower or similar bleeding risk in patients with atrial fibrillation. Except in people with atrial fibrillation, oral anticoagulants are not advised for stroke prevention—any benefit is offset by bleeding risk.
In primary prevention, however, antiplatelet drugs did not reduce the risk of an ischemic stroke but increased the risk of major bleeding. Further studies are needed to investigate a possible protective effect of aspirin against ischemic strokes in women.


==== Surgery ====
Carotid endarterectomy or carotid angioplasty can be used to remove atherosclerotic narrowing of the carotid artery. There is evidence supporting this procedure in selected cases. Endarterectomy for a significant stenosis has been shown to be useful in preventing further a stroke in those who have already had the condition. Carotid artery stenting has not been shown to be equally useful. People are selected for surgery based on age, gender, degree of stenosis, time since symptoms and the person's preferences. Surgery is most efficient when not delayed too long—the risk of recurrent stroke in a person who has a 50% or greater stenosis is up to 20% after 5 years, but endarterectomy reduces this risk to around 5%. The number of procedures needed to cure one person was 5 for early surgery (within two weeks after the initial stroke), but 125 if delayed longer than 12 weeks.
Screening for carotid artery narrowing has not been shown to be a useful test in the general population. Studies of surgical intervention for carotid artery stenosis without symptoms have shown only a small decrease in the risk of a stroke. To be beneficial, the complication rate of the surgery should be kept below 4%. Even then, for 100 surgeries, five people will benefit by avoiding stroke, three will develop a stroke despite surgery, three will develop a stroke or die due to the surgery itself, and 89 will remain stroke-free but would also have done so without intervention.


==== Diet ====
Nutrition, specifically the Mediterranean-style diet, has the potential to decrease the risk of having a stroke by more than half. It does not appear that lowering levels of homocysteine with folic acid affects the risk of a stroke.


=== Women ===
A number of specific recommendations have been made for women including taking aspirin after the 11th week of pregnancy if there is a history of previous chronic high blood pressure and taking blood pressure medications during pregnancy if the blood pressure is greater than 150 mmHg systolic or greater than 100 mmHg diastolic. In those who have previously had preeclampsia, other risk factors should be treated more aggressively.


=== Previous stroke or TIA ===
Keeping blood pressure below 140/90 mmHg is recommended. Anticoagulation can prevent a recurrent ischemic stroke. Among people with nonvalvular atrial fibrillation, anticoagulation can reduce a stroke by 60% while antiplatelets can reduce a stroke by 20%. However, a 2007 meta-analysis suggested harm from anticoagulation started early after an embolic stroke. Stroke prevention treatment for atrial fibrillation is determined according to the CHA2DS2–VASc score. The most widely used anticoagulant to prevent a thromboembolic stroke in people with nonvalvular atrial fibrillation is the oral agent warfarin while a number of newer agents including dabigatran are alternatives which do not require prothrombin time monitoring.
Anticoagulants, when used following stroke, should not be stopped for dental procedures.
If studies show carotid artery stenosis, and the person has a degree of residual function on the affected side, carotid endarterectomy (surgical removal of the stenosis) may decrease the risk of recurrence if performed rapidly after a stroke.


== Management ==
Stroke, whether ischemic or hemorrhagic, is an emergency that warrants immediate medical attention. The specific treatment will depend on the type of stroke, the time elapsed since the onset of symptoms, and the underlying cause or presence of comorbidities.


=== Ischemic stroke ===
Aspirin reduces the overall risk of recurrence by 13% with greater benefit early on. Definitive therapy within the first few hours is aimed at removing the blockage by breaking the clot down (thrombolysis), or by removing it mechanically (thrombectomy). The philosophical premise underlying the importance of rapid stroke intervention was summed up as Time is Brain! in the early 1990s. Years later, that same idea, that rapid cerebral blood flow restoration results in fewer brain cells dying, has been proved and quantified.
Tight blood sugar control in the first few hours does not improve outcomes and may cause harm. High blood pressure is also not typically lowered as this has not been found to be helpful. Cerebrolysin, a mixture of pig brain-derived neurotrophic factors used widely to treat acute ischemic stroke in China, Eastern Europe, Russia, post-Soviet countries, and other Asian countries, does not improve outcomes or prevent death and may increase the risk of severe adverse events. There is also no evidence that cerebrolysin‐like peptide mixtures which are extracted from cattle brain is helpful in treating acute ischemic stroke.


==== Thrombolysis ====

Thrombolysis, such as with recombinant tissue plasminogen activator (rtPA), in acute ischemic stroke, when given within three hours of symptom onset, results in an overall benefit of 10% with respect to living without disability. It does not, however, improve chances of survival. Benefit is greater the earlier it is used. Between three and four and a half hours the effects are less clear. The AHA/ASA recommend it for certain people in this time frame. A 2014 review found a 5% increase in the number of people living without disability at three to six months; however, there was a 2% increased risk of death in the short term. After four and a half hours thrombolysis worsens outcomes. These benefits or lack of benefits occurred regardless of the age of the person treated. There is no reliable way to determine who will have an intracranial bleed post-treatment versus who will not. In those with findings of savable tissue on medical imaging between 4.5 hours and 9 hours or who wake up with stroke, alteplase results in some benefit.
Its use is endorsed by the American Heart Association, the American College of Emergency Physicians and the American Academy of Neurology as the recommended treatment for acute stroke within three hours of onset of symptoms as long as there are no other contraindications (such as abnormal lab values, high blood pressure, or recent surgery). This position for tPA is based upon the findings of two studies by one group of investigators which showed that tPA improves the chances for a good neurological outcome. When administered within the first three hours thrombolysis improves functional outcome without affecting mortality. 6.4% of people with large stroke developed substantial brain bleeding as a complication from being given tPA thus part of the reason for increased short term mortality. The American Academy of Emergency Medicine had previously stated that objective evidence regarding the applicability of tPA for acute ischemic stroke was insufficient. In 2013 the American College of Emergency Medicine refuted this position, acknowledging the body of evidence for the use of tPA in ischemic stroke; but debate continues. Intra-arterial fibrinolysis, where a catheter is passed up an artery into the brain and the medication is injected at the site of thrombosis, has been found to improve outcomes in people with acute ischemic stroke.


==== Endovascular treatment ====
Mechanical removal of the blood clot causing the ischemic stroke, called mechanical thrombectomy, is a potential treatment for occlusion of a large artery, such as the middle cerebral artery. In 2015, one review demonstrated the safety and efficacy of this procedure if performed within 12 hours of the onset of symptoms. It did not change the risk of death but did reduce disability compared to the use of intravenous thrombolysis, which is generally used in people evaluated for mechanical thrombectomy. Certain cases may benefit from thrombectomy up to 24 hours after the onset of symptoms.


==== Craniectomy ====
Stroke affecting large portions of the brain can cause significant brain swelling with secondary brain injury in surrounding tissue. This phenomenon is mainly encountered in stroke affecting brain tissue dependent upon the middle cerebral artery for blood supply and is also called ""malignant cerebral infarction"" because it carries a dismal prognosis. Relief of the pressure may be attempted with medication, but some require hemicraniectomy, the temporary surgical removal of the skull on one side of the head. This decreases the risk of death, although some people – who would otherwise have died – survive with disability.


=== Hemorrhagic stroke ===
People with intracerebral hemorrhage require supportive care, including blood pressure control if required. People are monitored for changes in the level of consciousness, and their blood sugar and oxygenation are kept at optimum levels. Anticoagulants and antithrombotics can make bleeding worse and are generally discontinued (and reversed if possible). 
Bundled implementation of these supportive measures — including early blood pressure control, glucose and temperature management, and anticoagulation reversal — has been shown to improve functional outcomes in randomised trials and in population-based real-world data.
A proportion may benefit from neurosurgical intervention to remove the blood and treat the underlying cause, but this depends on the location and the size of the hemorrhage as well as patient-related factors, and ongoing research is being conducted into the question as to which people with intracerebral hemorrhage may benefit.
In subarachnoid hemorrhage, early treatment for underlying cerebral aneurysms may reduce the risk of further hemorrhages. Depending on the site of the aneurysm this may be by surgery that involves opening the skull or endovascularly (through the blood vessels).


=== Stroke unit ===
Ideally, people who have had stroke are admitted to a ""stroke unit"", a ward or dedicated area in a hospital staffed by nurses and therapists with experience in stroke treatment. It has been shown that people admitted to stroke units have a higher chance of surviving than those admitted elsewhere in hospital, even if they are being cared for by doctors without experience in stroke. Nursing care is fundamental in maintaining skin care, feeding, hydration, positioning, and monitoring vital signs such as temperature, pulse, and blood pressure.


== Rehabilitation ==
Stroke rehabilitation is the process by which those with disabling stroke undergo treatment to help them return to normal life as much as possible by regaining and relearning the skills of everyday living. It also aims to help the survivor understand and adapt to difficulties, prevent secondary complications, and educate family members to play a supporting role. Stroke rehabilitation should begin almost immediately with a multidisciplinary approach. The rehabilitation team may involve physicians trained in rehabilitation medicine, neurologists, clinical pharmacists, nursing staff, physiotherapists, occupational therapists, speech-language pathologists, and orthotists. Some teams may also include psychologists and social workers, since at least one-third of affected people manifests post-stroke depression. Validated instruments such as the Barthel scale may be used to assess the likelihood of a person who has had stroke being able to manage at home with or without support subsequent to discharge from a hospital.
Stroke rehabilitation should be started as quickly as possible and can last anywhere from a few days to over a year. Most return of function is seen in the first few months, and then improvement falls off with the ""window"" considered officially by U.S. state rehabilitation units and others to be closed after six months, with little chance of further improvement. However, some people have reported that they continue to improve for years, regaining and strengthening abilities like writing, walking, running, and talking. Daily rehabilitation exercises should continue to be part of the daily routine for people who have had stroke. Complete recovery is unusual but not impossible and most people will improve to some extent: proper diet and exercise are known to help the brain to recover.


=== Spatial neglect ===
The body of evidence is uncertain on the efficacy of cognitive rehabilitation for reducing the disabling effects of neglect and increasing independence remains unproven. However, there is limited evidence that cognitive rehabilitation may have an immediate beneficial effect on tests of neglect. Overall, no rehabilitation approach can be supported by evidence for spatial neglect.


=== Automobile driving ===
The body of evidence is uncertain whether the use of rehabilitation can improve on-road driving skills following stroke. There is limited evidence that training on a driving simulator will improve performance on recognizing road signs after training. The findings are based on low-quality evidence as further research is needed involving large numbers of participants.


=== Yoga ===
Based on low quality evidence, it is uncertain whether yoga has a significant benefit for stroke rehabilitation on measures of quality of life, balance, strength, endurance, pain, and disability scores. Yoga may reduce anxiety and could be included as part of patient-centred stroke rehabilitation. Further research is needed assessing the benefits and safety of yoga in stroke rehabilitation.


=== Action observation physical therapy for upper limbs ===
Low-quality evidence suggests that action observation (a type of physiotherapy that is meant to improve neural plasticity through the mirror-neuronal system) may be of some benefit and has no significant adverse effects, however this benefit may not be clinically significant and further research is suggested.


=== Cognitive rehabilitation for attention deficits ===
The body of scientific evidence is uncertain on the effectiveness of cognitive rehabilitation for attention deficits in patients following stroke. While there may be an immediate effect after treatment on attention, the findings are based on low to moderate quality and small number of studies. Further research is needed to assess whether the effect can be sustained in day-to-day tasks requiring attention.


=== Motor imagery for gait rehabilitation ===
The latest evidence supports the short-term benefits of motor imagery (MI) on walking speed in individuals who have had stroke, in comparison to other therapies. MI does not improve motor function after stroke and does not seem to cause significant adverse events. The findings are based on low-quality evidence as further research is needed to estimate the effect of MI on walking endurance and the dependence on personal assistance.


=== Physical and occupational therapy ===
Physical and occupational therapy have overlapping areas of expertise; however, physical therapy focuses on joint range of motion and strength by performing exercises and relearning functional tasks such as bed mobility, transferring, walking and other gross motor functions. Physiotherapists can also work with people who have had stroke to improve awareness and use of the hemiplegic side. Rehabilitation involves working on the ability to produce strong movements or the ability to perform tasks using normal patterns. Emphasis is often concentrated on functional tasks and people's goals. One example physiotherapists employ to promote motor learning involves constraint-induced movement therapy. Through continuous practice the person relearns to use and adapt the hemiplegic limb during functional activities to create lasting permanent changes. Physical therapy is effective for recovery of function and mobility after stroke. Occupational therapy is involved in training to help relearn everyday activities known as the activities of daily living (ADLs) such as eating, drinking, dressing, bathing, cooking, reading and writing, and toileting. Many times stroke survivors suffer from a motor decline on both arms, although one is usually more impaired. The question of whether to focus on the more impaired arm or instead strengthen the arm that is less impaired is being studied.
Approaches to helping people with urinary incontinence include physical therapy, cognitive therapy, and specialized interventions with experienced medical professionals, however, it is not clear how effective these approaches are at improving urinary incontinence following stroke.
Treatment of spasticity related to stroke often involves early mobilizations, commonly performed by a physiotherapist, combined with elongation of spastic muscles and sustained stretching through different positions. Gaining initial improvement in range of motion is often achieved through rhythmic rotational patterns associated with the affected limb. After full range has been achieved by the therapist, the limb should be positioned in the lengthened positions to prevent against further contractures, skin breakdown, and disuse of the limb with the use of splints or other tools to stabilize the joint. Cold ice wraps or ice packs may briefly relieve spasticity by temporarily reducing neural firing rates. Physical therapy is sometimes suggested for people who experience sexual dysfunction following stroke.
Electrical stimulation to the antagonist muscles or vibrations has also been used with some success. Evidence suggests that electrical stimulation can improve muscle strength after stroke. Cyclical electrical stimulation has shown moderate benefits for increasing strength compared with no treatment, while functional electrical stimulation may provide only small additional benefits when added to task practice.


==== Interventions for age-related visual problems in patients with stroke ====
With the prevalence of vision problems increasing with age in stroke patients, the overall effect of interventions for age-related visual problems is uncertain. It is also not sure whether people with stroke respond differently from the general population when treating eye problems. Further research in this area is needed as the body of evidence is very low quality.


=== Speech and language therapy ===
Speech and language therapy is appropriate for people with the speech production disorders: dysarthria and apraxia of speech, aphasia, cognitive-communication impairments, and problems with swallowing.
Speech and language therapy for aphasia following stroke improves functional communication, reading, writing and expressive language. Speech and language therapy that is higher intensity, higher dose or provided over a long duration of time leads to significantly better functional communication but people might be more likely to drop out of high intensity treatment (up to 15 hours per week). A total of 20–50 hours of speech and language therapy is necessary for the best recovery. The most improvement happens when 2–5 hours of therapy is provided each week over 4–5 days. Recovery is further improved when besides the therapy people practice tasks at home. Speech and language therapy is also effective if it is delivered online through video or by a family member who has been trained by a professional therapist.
Recovery with therapy for aphasia is also dependent on the recency of stroke and the age of the person. Receiving therapy within a month after the stroke leads to the greatest improvements. 3 or 6 months after the stroke more therapy will be needed but symptoms can still be improved. People with aphasia who are younger than 55 years are the most likely to improve but people older than 75 years can still get better with therapy.
People who have had stroke may have particular problems, such as dysphagia, which can cause swallowed material to pass into the lungs and cause aspiration pneumonia. The condition may improve with time, but in the interim, a nasogastric tube may be inserted, enabling liquid food to be given directly into the stomach. If swallowing is still deemed unsafe, then a percutaneous endoscopic gastrostomy (PEG) tube is passed and this can remain indefinitely. Swallowing therapy has mixed results as of 2018.


=== Devices ===
Often, assistive technology such as wheelchairs, walkers and canes may be beneficial. Many mobility problems can be improved by the use of ankle foot orthoses.


=== Physical fitness ===
Stroke can also reduce people's general fitness. Reduced fitness can reduce capacity for rehabilitation as well as general health. Physical exercises as part of a rehabilitation program following stroke appear safe. Cardiorespiratory fitness training that involves walking in rehabilitation can improve speed, tolerance and independence during walking, and may improve balance. There are inadequate long-term data about the effects of exercise and training on death, dependence and disability after stroke. The future areas of research may concentrate on the optimal exercise prescription and long-term health benefits of exercise. The effect of physical training on cognition also may be studied further.
The ability to walk independently in their community, indoors or outdoors, is important following stroke. Although no negative effects have been reported, it is unclear if outcomes can improve with these walking programs when compared to usual treatment.


=== Other therapy methods ===
Some current and future therapy methods include the use of virtual reality and video games for rehabilitation. These forms of rehabilitation offer potential for motivating people to perform specific therapy tasks that many other forms do not.  A 2025 systematic review update found moderate to low-certainty evidence supporting the benefits of  virtual reality and interactive video gaming on improving gait speed, balance, participation and quality of life. Many clinics and hospitals are adopting the use of these off-the-shelf devices for exercise, social interaction, and rehabilitation because they are affordable, accessible and can be used within the clinic and home.
Mirror therapy is associated with improved motor function of the upper extremity in people who have had stroke.
Other non-invasive rehabilitation methods used to augment physical therapy of motor function in people recovering from stroke include neurotherapy as transcranial magnetic stimulation and transcranial direct-current stimulation. and robotic therapies. Constraint‐induced movement therapy (CIMT), mental practice, mirror therapy, interventions for sensory impairment, virtual reality and a relatively high dose of repetitive task practice may be effective in improving upper limb function. However, further primary research, specifically of CIMT, mental practice, mirror therapy and virtual reality is needed.


=== Orthotics ===

Clinical studies confirm the importance of orthoses in stroke rehabilitation. The orthosis supports the therapeutic applications and also helps to mobilize the patient at an early stage. With the help of an orthosis, physiological standing and walking can be learned again, and late health consequences caused by a wrong gait pattern can be prevented. A treatment with an orthosis can therefore be used to support the therapy.


=== Self-management ===
Stroke can affect the ability to live independently and with quality. Self-management programs are a special training that educates stroke survivors about stroke and its consequences, helps them acquire skills to cope with their challenges, and helps them set and meet their own goals during their recovery process. These programs are tailored to the target audience, and led by someone trained and expert in stroke and its consequences (most commonly professionals, but also stroke survivors and peers). A 2016 review reported that these programs improve the quality of life after stroke, without negative effects. People with stroke felt more empowered, happy and satisfied with life after participating in this training.


== Prognosis ==
Disability affects 75% of stroke survivors enough to decrease their ability to work.
Stroke can affect people physically, mentally, emotionally, or a combination of the three. The results of stroke vary widely depending on size and location of the lesion.


=== Physical effects ===
Some of the physical disabilities that can result from stroke include muscle weakness, numbness, pressure sores, pneumonia, incontinence, apraxia (inability to perform learned movements), difficulties carrying out daily activities, appetite loss, speech loss, vision loss and pain. If the stroke is severe enough, or in a certain location such as parts of the brainstem, coma or death can result. Up to 10% of people following stroke develop seizures, most commonly in the week subsequent to the event; the severity of the stroke increases the likelihood of a seizure. An estimated 15% of people experience urinary incontinence for more than a year following stroke. 50% of people have a decline in sexual function (sexual dysfunction) following stroke.


=== Emotional and mental effects ===
Emotional and mental dysfunctions correspond to areas in the brain that have been damaged. Emotional problems following stroke can be due to direct damage to emotional centers in the brain or from frustration and difficulty adapting to new limitations. Post-stroke emotional difficulties include anxiety, panic attacks, flat affect (failure to express emotions), mania, apathy and psychosis. Other difficulties may include a decreased ability to communicate emotions through facial expression, body language and voice.
Disruption in self-identity, relationships with others, and emotional well-being can lead to social consequences after stroke due to the lack of ability to communicate. Many people who experience communication impairments after stroke find it more difficult to cope with the social issues rather than physical impairments. Broader aspects of care must address the emotional impact speech impairment has on those who experience difficulties with speech after stroke. Those who experience a stroke are at risk of paralysis, which could result in a self-disturbed body image, which may also lead to other social issues.
30-50% of stroke survivors develop post-stroke depression, which is characterized by lethargy, irritability, sleep disturbances, lowered self-esteem and withdrawal. It is most common in those with a stroke affecting the anterior parts of the brain or the basal ganglia, particularly on the left side. Depression can reduce motivation and worsen outcome, but can be treated with social and family support, psychotherapy and, in severe cases, antidepressants. Psychotherapy sessions may have a small effect on improving mood and preventing depression after stroke. Antidepressant medications may be useful for treating depression after stroke but are associated with central nervous system and gastrointestinal adverse events.
Emotional lability, another consequence of stroke, causes the person to switch quickly between emotional highs and lows and to express emotions inappropriately, for instance with an excess of laughing or crying with little or no provocation. While these expressions of emotion usually correspond to the person's actual emotions, a more severe form of emotional lability causes the affected person to laugh and cry pathologically, without regard to context or emotion. Some people show the opposite of what they feel, for example crying when they are happy. Emotional lability occurs in about 20% of those who have had stroke. Those with a right hemisphere stroke are more likely to have empathy problems which can make communication harder.
Cognitive deficits resulting from stroke include perceptual disorders, aphasia, dementia, and problems with attention and memory. Stroke survivors may be unaware of their own disabilities, a condition called anosognosia. In a condition called hemispatial neglect, the affected person is unable to attend to anything on the side of space opposite to the damaged hemisphere. Cognitive and psychological outcome after stroke can be affected by the age at which the stroke happened, pre-stroke baseline intellectual functioning, psychiatric history and whether there is pre-existing brain pathology.


== Epidemiology ==

Stroke was the second most frequent cause of death worldwide in 2011, accounting for 6.2 million deaths (~11% of the total). Approximately 17 million people had stroke in 2010 and 33 million people have previously had stroke and were still alive. Between 1990 and 2010 the incidence of stroke decreased by approximately 10% in the developed world and increased by 10% in the developing world. Overall, two-thirds of stroke occurred in those over 65 years old. South Asians are at particularly high risk of stroke, accounting for 40% of global stroke deaths. Incidence of ischemic stroke is ten times more frequent than haemorrhagic stroke.
It is ranked after heart disease and before cancer. In the United States stroke is a leading cause of disability, and recently declined from the third leading to the fourth leading cause of death. Geographic disparities in stroke incidence have been observed, including the existence of a ""stroke belt"" in the southeastern United States; the pattern has been linked to a higher regional prevalence of traditional risk factors, a larger proportion of Black residents, and lower socioeconomic status, though it is not yet fully explained.
The risk of stroke increases exponentially from 30 years of age, and the cause varies by age. Advanced age is one of the most significant stroke risk factors. 95% of stroke occurs in people age 45 and older, and two-thirds of stroke occurs in those over the age of 65.
A person's risk of dying with stroke also increases with age. However, stroke can occur at any age, including in childhood.
Family members may have a genetic tendency for stroke or share a lifestyle that contributes to stroke. Higher levels of Von Willebrand factor are more common amongst people who have had ischemic stroke for the first time. The results of this study found that the only significant genetic factor was the person's blood type. Having stroke in the past greatly increases one's risk of future stroke.
Men are 25% more likely to develop stroke than women, yet 60% of deaths from stroke occur in women. Since women live longer, they are older on average when they have stroke and thus more often killed. Some risk factors for stroke apply only to women. Primary among these are pregnancy, childbirth, menopause, and the treatment thereof (HRT).


== History ==

Episodes of stroke and familial stroke have been reported from the 2nd millennium BC onward in ancient Mesopotamia and Persia. Hippocrates (460 to 370 BC) was first to describe the phenomenon of sudden paralysis that is often associated with ischemia. Apoplexy, from the Greek word meaning ""struck down with violence"", first appeared in Hippocratic writings to describe this phenomenon.
The word stroke was used as a synonym for apoplectic seizure as early as 1599, and is a fairly literal translation of the Greek term. The term apoplectic stroke is an archaic, nonspecific term, for a cerebrovascular accident accompanied by haemorrhage or haemorrhagic stroke. Martin Luther was described as having an apoplectic stroke that deprived him of his speech shortly before his death in 1546.
In 1658, in his Apoplexia, Johann Jacob Wepfer (1620–1695) identified the cause of hemorrhagic stroke when he suggested that people who had died of apoplexy had bleeding in their brains.
Wepfer also identified the main arteries supplying the brain, the vertebral and carotid arteries, and identified the cause of a type of ischemic stroke known as a cerebral infarction when he suggested that apoplexy might be caused by a blockage to those vessels. Rudolf Virchow first described the mechanism of thromboembolism as a major factor.
The term cerebrovascular accident was introduced in 1927, reflecting a ""growing awareness and acceptance of vascular theories and (...) recognition of the consequences of a sudden disruption in the vascular supply of the brain"". Its use is now discouraged by a number of neurology textbooks, reasoning that the connotation of fortuitousness carried by the word accident insufficiently highlights the modifiability of the underlying risk factors. Cerebrovascular insult may be used interchangeably.
The term brain attack was introduced for use to underline the acute nature of stroke according to the American Stroke Association, which has used the term since 1990, and is used colloquially to refer to both ischemic as well as hemorrhagic stroke.


== Research ==
As of 2017, angioplasty and stents were under preliminary clinical research to determine the possible therapeutic advantages of these procedures in comparison to therapy with statins, antithrombotics, or antihypertensive drugs.
A 2014 Cochrane review found insufficient evidence to support the use of hyperbaric oxygen therapy in acute ischemic stroke, with no significant reduction in case fatality at six months.


== See also ==


== References ==


== Further reading ==


== External links ==

DRAGON Score for Post-Thrombolysis Archived 2020-10-27 at the Wayback Machine
THRIVE score for stroke outcome Archived 2016-09-13 at the Wayback Machine
National Institute of Neurological Disorders and Stroke",https://en.wikipedia.org/wiki/Stroke
Skin Cancer,Skin cancer,"Skin cancers are cancers that arise from the skin. They are due to the development of abnormal cells that have the ability to invade or spread to other parts of the body. It occurs when skin cells grow uncontrollably, forming malignant tumors. The primary cause of skin cancer is prolonged exposure to ultraviolet (UV) radiation from the sun or tanning devices. Skin cancer is the most commonly diagnosed form of cancer in humans. There are three main types of skin cancers: basal-cell skin cancer (BCC), squamous-cell skin cancer (SCC) and melanoma. The first two, along with a number of less common skin cancers, are known as nonmelanoma skin cancer (NMSC). Basal-cell cancer grows slowly and can damage the tissue around it but is unlikely to spread to distant areas or result in death. It often appears as a painless raised area of skin that may be shiny with small blood vessels running over it or may present as a raised area with an ulcer. Squamous-cell skin cancer is more likely to spread. It usually presents as a hard lump with a scaly top but may also form an ulcer. Melanomas are the most aggressive. Signs include a mole that has changed in size, shape, color, has irregular edges, has more than one color, is itchy or bleeds.
More than 90% of cases are caused by exposure to ultraviolet radiation from the Sun. This exposure increases the risk of all three main types of skin cancer. Such exposure has increased since the beginning of the industrial revolution, partly due to ozone depletion. Tanning beds are another common source of ultraviolet radiation. For melanomas and basal-cell cancers, exposure during childhood is particularly harmful. For squamous-cell skin cancers, total exposure, irrespective of when it occurs, is more important. Between 20% and 30% of melanomas develop from moles. People with lighter skin are at higher risk as are those with poor immune function such as from medications or HIV/AIDS. Diagnosis is by biopsy.
Decreasing exposure to ultraviolet radiation and the use of sunscreen appear to be effective methods of preventing melanoma and squamous-cell skin cancer. It is not clear if sunscreen affects the risk of basal-cell cancer. Nonmelanoma skin cancer is usually curable. Treatment is generally by surgical removal but may, less commonly, involve radiation therapy or topical medications such as fluorouracil. Treatment of melanoma may involve some combination of surgery, chemotherapy, radiation therapy and targeted therapy. In those people whose disease has spread to other areas of the body, palliative care may be used to improve quality of life. Melanoma has one of the higher survival rates among cancers, with over 86% of people in the UK and more than 90% in the United States surviving more than 5 years.
Skin cancer is the most common form of cancer, globally accounting for at least 40% of cancer cases. The most common type is nonmelanoma skin cancer, which occurs in at least 2–3 million people per year. This is a rough estimate; good statistics are not kept. Of nonmelanoma skin cancers, about 80% are basal-cell cancers and 20% squamous-cell skin cancers. Basal-cell and squamous-cell skin cancers rarely result in death. In the United States, they were the cause of less than 0.1% of all cancer deaths. Globally in 2012, melanoma occurred in 232,000 people and resulted in 55,000 deaths. White people in Australia, New Zealand and South Africa have the highest rates of melanoma in the world. The three main types of skin cancer have become more common since late 20th century, especially in regions where the population is predominantly white.","Skin cancers are cancers that arise from the skin. They are due to the development of abnormal cells that have the ability to invade or spread to other parts of the body. It occurs when skin cells grow uncontrollably, forming malignant tumors. The primary cause of skin cancer is prolonged exposure to ultraviolet (UV) radiation from the sun or tanning devices. Skin cancer is the most commonly diagnosed form of cancer in humans. There are three main types of skin cancers: basal-cell skin cancer (BCC), squamous-cell skin cancer (SCC) and melanoma. The first two, along with a number of less common skin cancers, are known as nonmelanoma skin cancer (NMSC). Basal-cell cancer grows slowly and can damage the tissue around it but is unlikely to spread to distant areas or result in death. It often appears as a painless raised area of skin that may be shiny with small blood vessels running over it or may present as a raised area with an ulcer. Squamous-cell skin cancer is more likely to spread. It usually presents as a hard lump with a scaly top but may also form an ulcer. Melanomas are the most aggressive. Signs include a mole that has changed in size, shape, color, has irregular edges, has more than one color, is itchy or bleeds.
More than 90% of cases are caused by exposure to ultraviolet radiation from the Sun. This exposure increases the risk of all three main types of skin cancer. Such exposure has increased since the beginning of the industrial revolution, partly due to ozone depletion. Tanning beds are another common source of ultraviolet radiation. For melanomas and basal-cell cancers, exposure during childhood is particularly harmful. For squamous-cell skin cancers, total exposure, irrespective of when it occurs, is more important. Between 20% and 30% of melanomas develop from moles. People with lighter skin are at higher risk as are those with poor immune function such as from medications or HIV/AIDS. Diagnosis is by biopsy.
Decreasing exposure to ultraviolet radiation and the use of sunscreen appear to be effective methods of preventing melanoma and squamous-cell skin cancer. It is not clear if sunscreen affects the risk of basal-cell cancer. Nonmelanoma skin cancer is usually curable. Treatment is generally by surgical removal but may, less commonly, involve radiation therapy or topical medications such as fluorouracil. Treatment of melanoma may involve some combination of surgery, chemotherapy, radiation therapy and targeted therapy. In those people whose disease has spread to other areas of the body, palliative care may be used to improve quality of life. Melanoma has one of the higher survival rates among cancers, with over 86% of people in the UK and more than 90% in the United States surviving more than 5 years.
Skin cancer is the most common form of cancer, globally accounting for at least 40% of cancer cases. The most common type is nonmelanoma skin cancer, which occurs in at least 2–3 million people per year. This is a rough estimate; good statistics are not kept. Of nonmelanoma skin cancers, about 80% are basal-cell cancers and 20% squamous-cell skin cancers. Basal-cell and squamous-cell skin cancers rarely result in death. In the United States, they were the cause of less than 0.1% of all cancer deaths. Globally in 2012, melanoma occurred in 232,000 people and resulted in 55,000 deaths. White people in Australia, New Zealand and South Africa have the highest rates of melanoma in the world. The three main types of skin cancer have become more common since late 20th century, especially in regions where the population is predominantly white.


== Classification ==
There are three main types of skin cancer: basal-cell skin cancer (basal-cell carcinoma) (BCC), squamous-cell skin cancer (squamous-cell carcinoma) (SCC) and melanoma.

Basal-cell carcinomas are most commonly present on sun-exposed areas of the skin, especially the face. They rarely metastasize and rarely cause death. They are easily treated with surgery or radiation. Squamous-cell skin cancers are also common, but much less common than basal-cell cancers. They metastasize more frequently than BCCs. Even then, the metastasis rate is quite low, with the exception of SCC of the lip or ear, and in people who are immunosuppressed. Melanoma are the least frequent of the three common skin cancers. They frequently metastasize, and can cause death once they spread.
Less common skin cancers include: Merkel cell carcinoma, Paget's disease of the breast, atypical fibroxanthoma, porocarcinoma, spindle cell tumors, sebaceous carcinomas, microcystic adnexal carcinoma, keratoacanthoma, and  skin sarcomas, such as angiosarcoma, dermatofibrosarcoma protuberans, Kaposi's sarcoma,  leiomyosarcoma.
BCC and SCC often carry a UV-signature mutation indicating that these cancers are caused by UVB radiation via direct DNA damage. However, melanoma is predominantly caused by UVA radiation via indirect DNA damage. The indirect DNA damage is caused by free radicals and reactive oxygen species. Research indicates that the absorption of three sunscreen ingredients into the skin, combined with a 60-minute exposure to UV, leads to an increase of free radicals in the skin, if applied in too little quantity and too infrequently. However, the researchers add that newer creams often do not contain these specific compounds, and that the combination of other ingredients tends to retain the compounds on the surface of the skin. They also add that frequent re-application reduces the risk of radical formation.


== Signs and symptoms ==
There are a variety of different skin cancer symptoms. These include changes in the skin that do not heal, ulcering in the skin, discolored skin, and changes in existing moles, such as jagged edges to the mole, enlargement of the mole, changes in color, the way it feels or if it bleeds. Other common signs of skin cancer can be painful lesion that itches or burns and large brownish spot with darker speckles.


=== Basal-cell skin cancer ===
Basal-cell skin cancer (BCC) usually presents as a raised, smooth, pearly bump on the sun-exposed skin of the head, neck, torso or shoulders. Sometimes small blood vessels (called telangiectasia) can be seen within the tumor. Crusting and bleeding in the center of the tumor frequently develops. It is often mistaken for a sore that does not heal. This form of skin cancer is the least deadly, and with proper treatment can be eliminated, often without significant scarring.


=== Squamous-cell skin cancer ===
Squamous-cell skin cancer (SCC) is commonly a red, scaling, thickened patch on sun-exposed skin. Some are firm hard nodules and dome shaped like keratoacanthomas. Ulceration and bleeding may occur. When SCC is not treated, it may develop into a large mass. Squamous-cell is the second most common skin cancer. It is dangerous, but not nearly as dangerous as a melanoma.


=== Melanoma ===
Most melanoma consist of various colours from shades of brown to black. A small number of melanoma are pink, red or fleshy in colour; these are called amelanotic melanoma and tend to be more aggressive. Warning signs of melanoma include change in the size, shape, color or elevation of a mole. Other signs are the appearance of a new mole during adulthood or pain, itching, ulceration, redness around the site, or bleeding at the site. An often-used mnemonic is ""ABCDE"", where A is for ""asymmetrical"", B for ""borders"" (irregular: ""Coast of Maine sign""), C for ""color"" (variegated), D for ""diameter"" (larger than 6 mm – the size of a pencil eraser) and E for ""evolving.""


=== Other ===
Merkel cell carcinomas are most often rapidly growing, non-tender red, purple or skin colored bumps that are not painful or itchy. They may be mistaken for a cyst or another type of cancer.


== Causes ==
Ultraviolet radiation from sun exposure is the primary environmental cause of skin cancer. This can occur in professions such as farming. Other risk factors that play a role include:

Light skin color
Age
Smoking tobacco
HPV infections increase the risk of squamous-cell skin cancer.
Some genetic syndromes including congenital melanocytic nevi syndrome which is characterized by the presence of nevi (birthmarks or moles) of varying size which are either present at birth, or appear within 6 months of birth. Nevi larger than 20 mm (3⁄4 in) in size are at higher risk for becoming cancerous.
Chronic non-healing wounds. These are called Marjolin's ulcers based on their appearance, and can develop into squamous-cell skin cancer.
Ionizing radiation such as X-rays, environmental carcinogens, and artificial UV radiation (e.g. tanning beds). It is believed that tanning beds are the cause of hundreds of thousands of basal and squamous-cell skin cancer. The World Health Organization now places people who use artificial tanning beds in its highest risk category for skin cancer.
Alcohol consumption, specifically excessive drinking increase the risk of sunburns.
The use of many immunosuppressive medications increases the risk of skin cancer. Cyclosporin A, a calcineurin inhibitor for example increases the risk approximately 200 times, and azathioprine about 60 times.
Deliberate exposure of sensitive skin not normally exposed to sunlight during alternative wellness behaviors such as perineum sunning.


=== UV-induced DNA damage ===
UV-irradiation of skin cells causes damage to DNA through photochemical reactions. Cyclobutane pyrimidine dimers formed by adjacent thymine bases, or by adjacent cytosine bases, are frequent types of DNA damage induced by UV. Human skin cells are capable of repairing most UV-induced damage by nucleotide excision repair, a process that protects against skin cancer, but may be inadequate at high levels of exposure.


== Pathophysiology ==

A malignant epithelial tumor that primarily originates in the epidermis, in squamous mucosa or in areas of squamous metaplasia is referred to as a squamous-cell carcinoma.
Macroscopically, the tumor is often elevated, fungating, or may be ulcerated with irregular borders. Microscopically, tumor cells destroy the basement membrane and form sheets or compact masses which invade the subjacent connective tissue (dermis). In well differentiated carcinomas, tumor cells are pleomorphic/atypical, but resembling normal keratinocytes from prickle layer (large, polygonal, with abundant eosinophilic (pink) cytoplasm and central nucleus).
Their disposal tends to be similar to that of normal epidermis: immature/basal cells at the periphery, becoming more mature to the centre of the tumor masses. Tumor cells transform into keratinized squamous cells and form round nodules with concentric, laminated layers, called ""cell nests"" or ""epithelial/keratinous pearls"". The surrounding stroma is reduced and contains inflammatory infiltrate (lymphocytes). Poorly differentiated squamous carcinomas contain more pleomorphic cells and no keratinization.
A molecular factor involved in the disease process is mutation in gene PTCH1 that plays an important role in the Sonic hedgehog signaling pathway.


== Diagnosis ==
Diagnosis is by biopsy and histopathological examination.
Non-invasive skin cancer detection methods include photography, dermatoscopy, sonography, confocal microscopy, Raman spectroscopy, fluorescence spectroscopy, terahertz spectroscopy, optical coherence tomography, the multispectral imaging technique, thermography, electrical bio-impedance, tape stripping and computer-aided analysis.
Dermatoscopy may be useful in diagnosing basal cell carcinoma in addition to skin inspection.
There is insufficient evidence that optical coherence tomography (OCT) is useful in diagnosing melanoma or squamous cell carcinoma. OCT may have a role in diagnosing basal cell carcinoma but more data is needed to support this.
Computer-assisted diagnosis devices have been developed that analyze images from a dermatoscope or spectroscopy and can be used by a diagnostician to aid in the detection of skin cancer. CAD systems have been found to be highly sensitive in the detection of melanoma, but have a high false-positive rate. There is not yet enough evidence to recommend CAD as compared to traditional diagnostic methods.
High-frequency ultrasound (HFUS) is of unclear usefulness in the diagnosis of skin cancer. There is insufficient evidence for reflectance confocal microscopy to diagnose basal cell or squamous cell carcinoma or any other skin cancers.


== Prevention ==
Sunscreen is effective and thus recommended to prevent melanoma and squamous-cell carcinoma. There is little evidence that it is effective in preventing basal-cell carcinoma. Other advice to reduce rates of skin cancer includes avoiding sunburn, wearing protective clothing, sunglasses and hats, and attempting to avoid sun exposure or periods of peak exposure. The U.S. Preventive Services Task Force recommends that people between 9 and 25 years of age be advised to avoid ultraviolet light.
The risk of developing skin cancer can be reduced through a number of measures including decreasing indoor tanning and mid-day sun exposure, increasing the use of sunscreen, and avoiding the use of tobacco products.
It is important to limit sun exposure and to avoid tanning beds, because they both involve UV light. UV light is known to damage skin cells by mutating their DNA. The mutated DNA can cause tumors and other growths to form on the skin. Further, there are other risk factors beside just UV exposure. Fair skin, prolonged history of sunburns, moles, and family history of skin cancer are just a few.
There is insufficient evidence either for or against screening for skin cancers. Vitamin supplements and antioxidant supplements have not been found to have an effect in prevention. Evidence for reducing melanoma risk from dietary measures is tentative, with some supportive epidemiological evidence, but no clinical trials.
Zinc oxide and titanium oxide are often used in sunscreen to provide broad protection from UVA and UVB ranges.
Eating certain foods may decrease the risk of sunburns but this is much less than the protection provided by sunscreen.
A meta-analysis of skin cancer prevention in high risk individuals found evidence that topical application of T4N5 liposome lotion reduced the rate of appearance of basal cell carcinomas in people with xeroderma pigmentosum, and that acitretin taken by mouth may have a skin protective benefit in people following kidney transplant.
A paper published in January 2022 showed that a vaccine that stimulates the production of a protein critical to the skin's antioxidant network could reinforce people's defenses against skin cancer.


== Treatment ==
Treatment is dependent on the specific type of cancer, location of the cancer, age of the person, and whether the cancer is primary or a recurrence. For a small basal-cell cancer in a young person, the treatment with the best cure rate (Mohs surgery or CCPDMA) might be indicated. In the case of an elderly frail man with multiple complicating medical problems, a difficult to excise basal-cell cancer of the nose might warrant radiation therapy (slightly lower cure rate) or no treatment at all. Topical chemotherapy might be indicated for large superficial basal-cell carcinoma for good cosmetic outcome, whereas it might be inadequate for invasive nodular basal-cell carcinoma or invasive squamous-cell carcinoma. In general, melanoma is poorly responsive to radiation or chemotherapy.
For low-risk disease, radiation therapy (external beam radiotherapy or brachytherapy), topical chemotherapy (imiquimod or 5-fluorouracil) and cryotherapy (freezing the cancer off) can provide adequate control of the disease; all of them, however, may have lower overall cure rates than certain type of surgery. Other modalities of treatment such as photodynamic therapy, epidermal radioisotope therapy, topical chemotherapy, electrodesiccation and curettage can be found in the discussions of basal-cell carcinoma and squamous-cell carcinoma.
Mohs' micrographic surgery (Mohs surgery) is a technique used to remove the cancer with the least amount of surrounding tissue and the edges are checked immediately to see if tumor is found. This provides the opportunity to remove the least amount of tissue and provide the best cosmetically favorable results. This is especially important for areas where excess skin is limited, such as the face. Cure rates are equivalent to wide excision. Special training is required to perform this technique. An alternative method is CCPDMA and can be performed by a pathologist not familiar with Mohs surgery.
In the case of disease that has spread (metastasized), further surgical procedures or chemotherapy may be required.
Treatments for metastatic melanoma include biologic immunotherapy agents ipilimumab, pembrolizumab, nivolumab, cemiplimab; BRAF inhibitors, such as vemurafenib and dabrafenib; and a MEK inhibitor trametinib.
In February 2024, the Food and Drug Administration approved the first cancer treatment that uses tumor-infiltrating lymphocytes, also called TIL therapy, specifically for melanomas that have not improved with other treatments. Additionally, scientists are testing a vaccine designed to match the unique genetic details of a patient's cancer in an advanced clinical trial.


=== Reconstruction ===
Currently, surgical excision is the most common form of treatment for skin cancers. The goal of reconstructive surgery is the restoration of normal appearance and function. The choice of technique in reconstruction is dictated by the size and location of the defect. Excision and reconstruction of facial skin cancers are generally more challenging due to the presence of highly visible and functional anatomic structures in the face.
When skin defects are small in size, most can be repaired with simple repair where skin edges are approximated and closed with sutures. This will result in a linear scar. If the repair is made along a natural skin fold or wrinkle line, the scar will be hardly visible. Larger defects may require repair with a skin graft, local skin flap, pedicled skin flap, or a microvascular free flap. Skin grafts and local skin flaps are by far more common than the other listed choices.
Skin grafting is patching of a defect with skin that is removed from another site in the body. The skin graft is sutured to the edges of the defect, and a bolster dressing is placed atop the graft for seven to ten days, to immobilize the graft as it heals in place. There are two forms of skin grafting: split thickness and full thickness. In a split thickness skin graft, a shaver is used to shave a layer of skin from the abdomen or thigh. The donor site regenerates skin and heals over a period of two weeks. In a full thickness skin graft, a segment of skin is totally removed and the donor site needs to be sutured closed.
Split thickness grafts can be used to repair larger defects, but the grafts are inferior in their cosmetic appearance. Full thickness skin grafts are more acceptable cosmetically. However, full thickness grafts can only be used for small or moderate sized defects.
Local skin flaps are a method of closing defects with tissue that closely matches the defect in color and quality. Skin from the periphery of the defect site is mobilized and repositioned to fill the deficit. Various forms of local flaps can be designed to minimize disruption to surrounding tissues and maximize cosmetic outcome of the reconstruction. Pedicled skin flaps are a method of transferring skin with an intact blood supply from a nearby region of the body. An example of such reconstruction is a pedicled forehead flap for the repair of a large nasal skin defect. Once the flap develops a source of blood supply form its new bed, the vascular pedicle can be detached.


== Prognosis ==
The mortality rate of basal-cell and squamous-cell carcinoma is around 0.3%, causing 2000 deaths per year in the US. In comparison, the mortality rate of melanoma is 15–20% and it causes 6500 deaths per year. Even though it is much less common, melanoma is responsible for 75% of all skin cancer-related deaths.
The survival rate for people with melanoma depends upon when they start treatment. The cure rate is very high when melanoma is detected in early stages, when it can easily be removed surgically. The prognosis is less favorable if the melanoma has spread to other parts of the body. As of 2003 the overall five-year cure rate with Mohs' micrographic surgery was around 95 percent for recurrent basal cell carcinoma.
Australia and New Zealand exhibit one of the highest rates of skin cancer incidence in the world, almost four times the rates registered in the United States, the UK and Canada. Around 434,000 people receive treatment for non-melanoma skin cancers and 10,300 are treated for melanoma. Melanoma is the most common type of cancer in people between 15 and 44 years in both countries. The incidence of skin cancer has been increasing. The incidence of melanoma among Auckland residents of European descent in 1995 was 77.7 cases per 100,000 people per year, and was predicted to increase in the 21st century because of ""the effect of local stratospheric ozone depletion and the time lag from sun exposure to melanoma development.""


== Epidemiology ==

Skin cancers result in 80,000 deaths a year as of 2010, 49,000 of which are due to melanoma and 31,000 of which are due to non-melanoma skin cancers. This is up from 51,000 in 1990.
More than 3.5 million cases of skin cancer are diagnosed annually in the United States, which makes it the most common form of cancer in that country. One in five Americans will develop skin cancer at some point of their lives. The most common form of skin cancer is basal-cell carcinoma, followed by squamous cell carcinoma. Unlike for other cancers, there exists no basal and squamous cell skin cancers registry in the United States.


=== Melanoma ===
In the US in 2008, 59,695 people were diagnosed with melanoma, and 8,623 people died from it. In Australia, more than 12,500 new cases of melanoma are reported each year, out of which more than 1,500 die from the disease. Australia has the highest per capita incidence of melanoma in the world.
Although the rates of many cancers in the United States is falling, the incidence of melanoma keeps growing, with approximately 68,729 melanomas diagnosed in 2004 according to reports of the National Cancer Institute.
Melanoma is the fifth most common cancer in the UK (around 13,300 people were diagnosed with melanoma in 2011), and the disease accounts for 1% all cancer deaths (around 2,100 people died in 2012).


=== Non-melanoma ===
Approximately 2,000 people die from basal or squamous cell skin cancers (non-melanoma skin cancers) in the United States each year. The rate has dropped in recent years. Most of the deaths happen to people who are elderly and might not have seen a doctor until the cancer had spread; and people with immune system disorders.


== Veterinary medicine ==


== Risk factors ==
White people and people with light skin are prone to skin cancer. People who work outdoors and athletes in outdoor sports are at increased risk.


== References ==


== External links ==

Skin cancer procedures: text, images and videos Archived 7 December 2013 at the Wayback Machine",https://en.wikipedia.org/wiki/Skin_cancer
Skin Cancer,Melanoma,"Melanoma is a type of cancer, typically skin cancer; it develops from the  melanin-producing cells known as melanocytes. It typically occurs in the skin, but may rarely occur in the mouth, intestines, or eye (uveal melanoma). In very rare cases melanoma can also happen in the lung, which is known as primary pulmonary melanoma and only happens in 0.01% of primary lung tumors.
In females, melanomas most commonly occur on the legs; while in males, on the back. Melanoma is frequently referred to as malignant melanoma. However, the medical community stresses that there is no such thing as a 'benign melanoma' and recommends that the term 'malignant melanoma' should be avoided as it is redundant.
About 30% of melanomas develop from moles. Changes in a mole that can indicate melanoma include increase—especially rapid increase—in size, irregular edges, change in color, itchiness, or skin breakdown.
The primary cause of melanoma is ultraviolet light (UV) exposure in those with low levels of the skin pigment melanin. The UV light may be from the sun or other sources, such as tanning devices. Those with many moles, a history of affected family members, and poor immune function are at greater risk. A number of rare genetic conditions, such as xeroderma pigmentosum, also increase the risk. Diagnosis is by biopsy and analysis of any skin lesion that has signs of being potentially cancerous.
Avoiding UV light and using sunscreen in UV-bright sun conditions may prevent melanoma. Treatment typically is removal by surgery of the melanoma and the potentially affected adjacent tissue bordering the melanoma. In those with slightly larger cancers, nearby lymph nodes may be tested for spread (metastasis). Most people are cured if metastasis has not occurred. For those in whom melanoma has spread, immunotherapy, biologic therapy, radiation therapy, or chemotherapy may improve survival. With treatment, the five-year survival rates in the United States are 100% among those with localized disease, 76% when the disease has spread to lymph nodes, and 35% among those with distant spread. The likelihood that melanoma will reoccur or spread depends on its thickness, how fast the cells are dividing, and whether or not the overlying skin has broken down.
Melanoma is the most dangerous type of skin cancer. In 2015, 3.1 million people had active disease, which resulted in 59,800 deaths. The incidence of melanoma is expected to increase from 331,722 worldwide cases in 2022 to 510,000 cases in 2040. However mortality is decreasing as newer treatments become available. About 80% of all global cases occur in adults 50 years or older. Australia and New Zealand have the highest rates of melanoma in the world. High rates also occur in Northern Europe and North America, while it is less common in Asia, Africa, and Latin America. In the United States, melanoma occurs about 1.6 times more often in men than women. Melanoma has become more common since the 1960s in areas mostly populated by people of European descent.","Melanoma is a type of cancer, typically skin cancer; it develops from the  melanin-producing cells known as melanocytes. It typically occurs in the skin, but may rarely occur in the mouth, intestines, or eye (uveal melanoma). In very rare cases melanoma can also happen in the lung, which is known as primary pulmonary melanoma and only happens in 0.01% of primary lung tumors.
In females, melanomas most commonly occur on the legs; while in males, on the back. Melanoma is frequently referred to as malignant melanoma. However, the medical community stresses that there is no such thing as a 'benign melanoma' and recommends that the term 'malignant melanoma' should be avoided as it is redundant.
About 30% of melanomas develop from moles. Changes in a mole that can indicate melanoma include increase—especially rapid increase—in size, irregular edges, change in color, itchiness, or skin breakdown.
The primary cause of melanoma is ultraviolet light (UV) exposure in those with low levels of the skin pigment melanin. The UV light may be from the sun or other sources, such as tanning devices. Those with many moles, a history of affected family members, and poor immune function are at greater risk. A number of rare genetic conditions, such as xeroderma pigmentosum, also increase the risk. Diagnosis is by biopsy and analysis of any skin lesion that has signs of being potentially cancerous.
Avoiding UV light and using sunscreen in UV-bright sun conditions may prevent melanoma. Treatment typically is removal by surgery of the melanoma and the potentially affected adjacent tissue bordering the melanoma. In those with slightly larger cancers, nearby lymph nodes may be tested for spread (metastasis). Most people are cured if metastasis has not occurred. For those in whom melanoma has spread, immunotherapy, biologic therapy, radiation therapy, or chemotherapy may improve survival. With treatment, the five-year survival rates in the United States are 100% among those with localized disease, 76% when the disease has spread to lymph nodes, and 35% among those with distant spread. The likelihood that melanoma will reoccur or spread depends on its thickness, how fast the cells are dividing, and whether or not the overlying skin has broken down.
Melanoma is the most dangerous type of skin cancer. In 2015, 3.1 million people had active disease, which resulted in 59,800 deaths. The incidence of melanoma is expected to increase from 331,722 worldwide cases in 2022 to 510,000 cases in 2040. However mortality is decreasing as newer treatments become available. About 80% of all global cases occur in adults 50 years or older. Australia and New Zealand have the highest rates of melanoma in the world. High rates also occur in Northern Europe and North America, while it is less common in Asia, Africa, and Latin America. In the United States, melanoma occurs about 1.6 times more often in men than women. Melanoma has become more common since the 1960s in areas mostly populated by people of European descent.


== Signs and symptoms ==
Early signs of melanoma are changes to the shape or color of existing moles or, in the case of nodular melanoma, the appearance of a new lump anywhere on the skin. At later stages, the mole may itch, ulcerate, or bleed. Early signs of melanoma are summarized by the mnemonic ""ABCDEEFG"":

Asymmetry
Borders (irregular with edges and corners)
Colour (variegated)
Diameter (greater than 6 mm (0.24 in), about the size of a pencil eraser)
Evolving over time
This classification does not apply to nodular melanoma, which has its own classifications:

Elevated above the skin surface
Firm to the touch
Growing
Metastatic melanoma may cause nonspecific paraneoplastic symptoms, including loss of appetite, nausea, vomiting, and fatigue. Brain metastases are particularly common in patients with metastatic melanoma.  Other common sites of metastasis of melanoma include liver, intestines, bone, lungs and distant lymph nodes.


== Cause ==
Melanomas are typically caused by DNA damage resulting from exposure to UV light from the sun. Genetics also play a role. Melanoma can also occur in skin areas with little sun exposure (i.e., mouth, soles of feet, palms of hands, genital areas). People with dysplastic nevus syndrome, also known as familial atypical multiple mole melanoma, are at increased risk for the development of melanoma.
Having more than 50 moles indicates an increased risk of melanoma. A weakened immune system makes cancer development easier due to the body's weakened ability to fight cancer cells.


=== UV radiation ===
The main risk factor for melanoma formation is exposure to UV radiation, either from sunlight or indoor tanning. UV radiation exposure from tanning beds increases the risk of melanoma. The International Agency for Research on Cancer finds that tanning beds are ""carcinogenic to humans"" and that people who begin using tanning devices before the age of thirty years are 75% more likely to develop melanoma.
Those who work in airplanes also appear to have an increased risk, believed to be due to greater exposure to UV.
UVB light, emanating from the sun at wavelengths between 315 and 280 nm, is absorbed directly by DNA in skin cells, which results in a type of direct DNA damage called cyclobutane pyrimidine dimers. Thymine, cytosine, or cytosine-thymine dimers are formed by the joining of two adjacent pyrimidine bases within a strand of DNA. UVA light presents at wavelengths longer than UVB (between 400 and 315 nm); and it can also be absorbed directly by DNA in skin cells, but at lower efficiencies—about 1/100 to 1/1000 of UVB.
Radiation exposure (UVA and UVB) is a major contributor to the development of melanoma. Occasional extreme sun exposure that results in ""sunburn"" on areas of the human body is causally related to melanoma. The risk appears to be strongly influenced by socioeconomic conditions rather than indoor versus outdoor occupations; it is more common in professional and administrative workers than in unskilled workers. Other factors are mutations in (or total loss of) tumor suppressor genes.
Possible significant elements in determining risk include the intensity and duration of sun exposure, the age at which sun exposure occurs, and the degree of skin pigmentation. Melanoma rates tend to be highest in countries settled by migrants from Europe, which have a large amount of direct, intense sunlight to which the skin of the settlers is not adapted, most notably Australia. Exposure during childhood is a more important risk factor than exposure in adulthood. This is seen in migration studies in Australia.
Incurring multiple severe sunburns increases the likelihood that future sunburns develop into melanoma due to cumulative damage. Living close to the equator increases exposure to UV radiation.


=== Genetics ===
It is believed that 5-12% of melanoma is hereditary. Having a family history of melanoma increases one's risk, with having a first-degree relative increasing one's risk of developing melanoma by 1.74 times. Having a personal history of melanoma increases the risk of developing another melanoma in the future, by some estimates an 8.40 times increased risk. Familial melanoma is more likely to present at an earlier age and more likely to present as multiple skin lesions than non-familial melanoma. Familial melanoma is also more likely to present as thinner lesions (less depth of skin invasion.
A number of rare mutations, which often run in families, greatly increase melanoma susceptibility. Several genes increase risks. Some rare genes have a relatively high risk of causing melanoma; some more common genes, such as a gene called MC1R that causes red hair, have an elevated risk. Genetic testing can be used to search for the mutations. Melanoma with genetic mutations in the BRAF genes V600E or V600K (proteins involved in cell growth) are more responsive to therapy with the BRAF inhibitor dabrafenib plus trametinib.
One class of mutations affects the gene CDKN2A. An alternative reading frame mutation in this gene leads to the destabilization of p53, a transcription factor involved in apoptosis and in 50% of human cancers. Another mutation in the same gene results in a nonfunctional inhibitor of CDK4, a cyclin-dependent kinase that promotes cell division. Mutations that cause the skin condition xeroderma pigmentosum (XP) also increase melanoma susceptibility. Scattered throughout the genome, XP mutations reduce a cell's ability to repair DNA. Both CDKN2A and XP mutations are highly penetrant (the chances of a carrier expressing the phenotype are high).
Familial melanoma is genetically heterogeneous, and loci for familial melanoma appear on the chromosome arms 1p, 9p and 12q. Multiple genetic events have been related to melanoma's pathogenesis (disease development). The multiple tumor suppressor 1 (CDKN2A/MTS1) gene encodes p16INK4a – a low-molecular weight protein inhibitor of cyclin-dependent protein kinases (CDKs) – which has been localised to the p21 region of human chromosome 9.
Dysplastic nevus syndrome also known as FAMMM (familial atypical multiple mole-melanoma) is typically characterized by having 50 or more combined moles in addition to a family history of melanoma. It is transmitted autosomal dominantly and mostly associated with the CDKN2A mutations. People who have a CDKN2A mutation associated with FAMMM have a 38-fold increased risk of pancreatic cancer. People with FAMMM also have a 30% lifetime risk of developing melanoma.
People with mutations in the MC1R gene are two to 2.7-3.6 times more likely to develop melanoma than those with two wild-type (typical unaffected type) copies. Some MC1R gene variants are more common in those with red hair. Mutation of the MDM2 SNP309 gene is associated with increased risks for younger women.
Fair and red-haired people, persons with multiple atypical nevi or dysplastic nevi, and persons born with giant congenital melanocytic nevi are at increased risk. Fair skin is the result of having less melanin in the skin, which means less protection from UV radiation exists.


== Pathophysiology ==

The earliest stage of melanoma starts when melanocytes begin out-of-control growth. Melanocytes are found between the outer layer of the skin (the epidermis) and the next layer (the dermis). This early stage of the disease is called the radial growth phase, when the tumor is less than 1 mm thick, and spreads at the level of the basal epidermis. Because the cancer cells have not yet reached the blood vessels deeper in the skin, it is very unlikely that this early-stage melanoma will spread to other parts of the body. If the melanoma is detected at this stage, then it can usually be completely removed with surgery.
When the tumor cells start to move in a different direction – vertically up into the epidermis and into the papillary dermis – cell behaviour changes dramatically.
The next step in the evolution is the radial growth phase, in which the tumor expands laterally.  The Breslow's depth of the lesion is usually less than 1 mm (0.04 in), while the Clark level is usually 2.
The vertical growth phase (VGP) following invasive melanoma. The tumor becomes able to metastasize, or grow into the surrounding tissue, and can spread around the body through blood or lymph vessels. The tumor thickness is usually more than 1 mm (0.04 in), and the tumor involves the deeper parts of the dermis.
The host elicits an immunological reaction against the tumor during the VGP, which is judged by the presence and activity of the tumor infiltrating lymphocytes (TILs). These cells sometimes completely destroy the primary tumor; this is called regression, which is the latest stage of development. In certain cases, the primary tumor is completely destroyed and only the metastatic tumor is discovered. About 40% of human melanomas contain activating mutations affecting the structure of the B-Raf protein, resulting in constitutive signaling through the Raf to MAP kinase pathway.
A cause common to most cancers is damage to DNA.  UVA light mainly causes thymine dimers. UVA also produces reactive oxygen species and these inflict other DNA damage, primarily single-strand breaks, oxidized pyrimidines and the oxidized purine 8-oxoguanine (a mutagenic DNA change) at 1/10, 1/10, and 1/3rd the frequencies of UVA-induced thymine dimers, respectively.
If unrepaired, cyclobutane pyrimidine dimer (CPD) photoproducts can lead to mutations by inaccurate translesion synthesis during DNA replication or repair. The most frequent mutations due to inaccurate synthesis past CPDs are cytosine to thymine (C>T) or CC>TT transition mutations. These are commonly referred to as UV fingerprint mutations, as they are the most specific mutation caused by UV, being frequently found in sun-exposed skin, but rarely found in internal organs. Errors in DNA repair of UV photoproducts, or inaccurate synthesis past these photoproducts, can also lead to deletions, insertions, and chromosomal translocations.
The entire genomes of 25 melanomas were sequenced. On average, about 80,000 mutated bases (mostly C>T transitions) and about 100 structural rearrangements were found per melanoma genome. This is much higher than the roughly 70 mutations across generations (parent to child). Among the 25 melanomas, about 6,000 protein-coding genes had missense, nonsense, or splice site mutations. The transcriptomes of over 100 melanomas has also been sequenced and analyzed. Almost 70% of all human protein-coding genes are expressed in melanoma. Most of these genes are also expressed in other normal and cancer tissues, with some 200 genes showing a more specific expression pattern in melanoma compared to other forms of cancer. Examples of melanoma specific genes are tyrosinase, MLANA, and PMEL.
UV radiation causes damage to the DNA of cells, typically thymine dimerization, which, when unrepaired, can create mutations in the cell's genes. This strong mutagenic factor makes cutaneous melanoma the tumor type with the highest number of mutations. When the cell divides, these mutations are propagated to new generations of cells. If the mutations occur in protooncogenes or tumor suppressor genes, the rate of mitosis in the mutation-bearing cells can become uncontrolled, leading to the formation of a tumor. Data from patients suggest that aberrant levels of activating transcription factor in the nucleus of melanoma cells are associated with increased metastatic activity of melanoma cells; studies from mice on skin cancer tend to confirm a role for activating transcription factor-2 in cancer progression.
Cancer stem cells may also be involved.


=== Gene mutations ===
Large-scale studies, such as The Cancer Genome Atlas, have characterized recurrent somatic alterations likely driving initiation and development of cutaneous melanoma. The Cancer Genome Atlas study has established four subtypes: BRAF mutant, RAS mutant, NF1 mutant, and triple wild-type.
The most frequent mutation occurs in the 600th codon of BRAF (50% of cases). BRAF is normally involved in cell growth, and this specific mutation renders the protein constitutively active and independent of normal physiological regulation, thus fostering tumor growth. RAS genes (NRAS, HRAS and KRAS) are also recurrently mutated (30% of TCGA cases) and mutations in the 61st or 12th codons trigger oncogenic activity. Loss-of-function mutations often affect tumor suppressor genes such as NF1, TP53 and CDKN2A. Other oncogenic alterations include fusions involving various kinases such as BRAF, RAF1, ALK, RET, ROS1, NTRK1., NTRK3 and MET BRAF, RAS, and NF1 mutations and kinase fusions are remarkably mutually exclusive, as they occur in different subsets of patients. Assessment of mutation status can, therefore, improve patient stratification and inform targeted therapy with specific inhibitors.
In some cases (3–7%), mutated versions of BRAF and NRAS undergo copy-number amplification.


=== Metastasis ===
The research done by Sarna's team proved that heavily pigmented melanoma cells have Young's modulus about 4.93, while in non-pigmented ones it was only 0.98. In another experiment they found that elasticity of melanoma cells is important for its metastasis and growth: non-pigmented tumors were bigger than pigmented and it was much easier for them to spread. They showed that there are both pigmented and non-pigmented cells in melanoma tumors, so that they can both be drug-resistant and metastatic.


== Diagnosis ==

Visually inspecting the skin lesion in question is the first step in diagnosing a suspected a melanoma. Moles that are irregular in color or shape are suspicious for melanoma. To detect melanomas, it is recommended to learn to recognize them (see ""ABCDE"" mnemonic), to regularly examine moles for changes (shape, size, color, itching or bleeding) and to consult a qualified physician when a suspicious skin lesion appears. In-person inspection of suspicious skin lesions is more accurate than visual inspection of images.
When used by trained specialists, dermoscopy is more helpful to identify malignant lesions than use of the naked eye alone. Reflectance confocal microscopy may have better sensitivity and specificity than dermoscopy in diagnosing cutaneous melanoma but more studies are needed to confirm this result.
Many melanomas present as lesions smaller than 6 mm in diameter. Physicians typically examine all moles, including those less than 6 mm in diameter. Seborrheic keratosis may meet some or all of the ABCD criteria and may be sometimes mistaken for melanoma. Doctors can generally distinguish seborrheic keratosis from melanoma upon examination or with dermatoscopy.
Total body photography, which involves photographic documentation of as much body surface as possible, is sometimes used to objectively observe the evolution of body moles over time, to potentially find moles that become suspicious. It is often used during follow-up for high-risk patients. The technique has been reported to enable early detection and provide a cost-effective approach, but its efficacy has been questioned due to its inability to detect microscopic changes.


=== Ugly duckling ===
One method of finding lesions that are suspected melanomas is the ""ugly duckling sign"". People's moles tend to look like one another, but when there is a mole that looks different from someone's other moles, it is more likely to be a melanoma. The ""Little Red Riding Hood"" sign suggests that individuals with fair skin and light-colored hair might have difficult-to-diagnose amelanotic melanomas. Extra care is required when examining such individuals, as they might have multiple melanomas and severely dysplastic nevi.
Amelanotic melanomas (a rare subtype) have very little to no pigmentation and are therefore more difficult to detect. The acral subtype of melanoma presents in areas that do not usually get sun exposure and are difficult to see by a person (the soles of the feet, and palms of hand) making detection difficult. Thirty to 40% of acral melanomas are amelanotic (producing little to no pigment), also making the diagnosis challenging.


=== Biopsy ===
Following a visual examination and a dermatoscopic exam, or other specialized tests such as confocal microscopy, a skin biopsy is done for lesions suspicious of being melanoma. A skin biopsy is required for definitive diagnosis of melanoma and staging the cancer. Elliptical excisional biopsies may remove the tumor, followed by histological analysis and Breslow scoring. Incisional biopsies such as punch biopsies are usually contraindicated in suspected melanomas, because of the possibility of sampling error or local implantation causing misestimation of tumour thickness. However, fears that such biopsies may increase the risk of metastatic disease seem unfounded.


=== Histopathologic types ===
Melanoma is a type of neuroectodermal neoplasm. There are four main types of melanoma:

Other histopathologic types are:

Mucosal melanoma; When melanoma occurs on mucous membranes.
Desmoplastic melanoma
Melanoma with small nevus-like cells
Melanoma with features of a Spitz nevus
Uveal melanoma
Vaginal melanoma
Polypoid melanoma, a subclass of nodular melanoma.


=== In situ or invasive ===
A melanoma in situ has not invaded beyond the basement membrane, whereas an invasive melanoma has spread beyond it.
Some histopathological types of melanoma are inherently invasive, including nodular melanoma and lentigo maligna melanoma, where the in situ counterpart to lentigo maligna melanoma is lentigo maligna. Lentigo maligna is sometimes classified as a very early melanoma, and sometimes a precursor to melanoma.
Superficial spreading melanomas and acral lentiginous melanomas can be either in situ or invasive, but acral lentiginous melanomas are almost always invasive.


=== Staging ===
Further context on cancer staging is available at TNM.

Melanomas are staged based on the depth of invasion in various layers of the skin, the presence of ulceration, spread to local lymph nodes or spread to distant lymph nodes and organs (metastasis).
Metastatic melanomas can be detected by CT scans, MRIs, and PET/CTs, or ultrasound. PET/CT to assess for metastasis is generally recommended for people with stage IIB or greater melanoma. If a person has an ulcerated lesion, or if the depth of tumor invasion is greater than 0.8 mm, then a sentinel lymph node biopsy is recommended. LDH levels may sometimes be elevated in metastatic melanoma, but this is not required for the diagnosis nor staging.
Melanoma stages according to AJCC, 8th edition:

TX: Primary tumor thickness cannot be assessed (such as a diagnosis by curettage)
T0: No evidence of primary tumor (such as unknown primary or completely regressed melanoma)

Stage 1 and 2 require an N (lymph node) class of:

N0 – No regional metastases.

Stage 1, 2 and 3 require an M (metastasis status) of:

M0: No evidence of distant metastasis

Older systems include ""Clark level"" and ""Breslow's depth"", quantifying microscopic depth of tumor invasion.


=== Laboratory ===
It is common for patients diagnosed with melanoma to have chest X-rays, and in some cases CT, MRI, and/or PET scans. Although controversial, sentinel lymph node biopsies and examination of the lymph nodes are also performed in patients to assess spread to the lymph nodes; this test is very sensitive, with a high negative predictive value, meaning that if no metastatic disease is detected then patients can be assured that the chance of spread is very low. A diagnosis of melanoma is supported by the presence of the S-100 protein marker.
HMB-45 is a monoclonal antibody that reacts against an antigen present in melanocytic tumors such as melanomas. It is used in anatomic pathology as a marker for such tumors. The antibody was generated against an extract of melanoma. It reacts positively against melanocytic tumors but not other tumors, thus demonstrating specificity and sensitivity. The antibody also reacts positively against junctional nevus cells but not intradermal nevi, and against fetal melanocytes but not normal adult melanocytes.
HMB-45 is nonreactive with almost all non-melanoma human malignancies, except rare tumors showing evidence of melanogenesis (e.g., pigmented schwannoma, clear cell sarcoma) or tumors associated with tuberous sclerosis complex (angiomyolipoma and lymphangiomyoma).


== Prevention ==
There is no evidence to support or refute adult population screening for melanoma.


=== Ultraviolet radiation ===
Minimizing exposure to sources of ultraviolet radiation (the sun and sunbeds) and other sun protection measures such as wearing sun protective clothing (long-sleeved shirts, long trousers, and broad-brimmed hats) can offer protection. Using artificial light for tanning was once believed to help prevent skin cancers, but it can lead to an increased incidence of melanomas.
UV nail lamps, which are used in nail salons to dry nail polish, are another widespread source of UV radiation that could be avoided. Although the risk of developing skin cancer through UV nail lamp use is low, it is still recommended to wear fingerless gloves and/or apply SPF 30 or greater sunscreen to the hands before using a UV nail lamp.
The body uses UV light to generate vitamin D so there is a need to balance getting enough sunlight to maintain healthy vitamin D levels and reducing the risk of melanoma; it takes around a half-hour of sunlight for the body to generate its vitamin D for the day and this is about the same amount of time it takes for fair-skinned people to get a sunburn. Exposure to sunlight can be intermittent instead of all at one time.


=== Sunscreen ===
Sunscreen appears to be effective in preventing melanoma. In the past, use of sunscreens with a sun protection factor (SPF) rating of 50 or higher on exposed areas were recommended; as older sunscreens more effectively blocked UVA with higher SPF. Currently, newer sunscreen ingredients (avobenzone, zinc oxide, and titanium dioxide) effectively block both UVA and UVB even at lower SPFs. Sunscreen also protects against squamous cell carcinoma, another skin cancer.
Concerns have been raised that sunscreen might create a false sense of security against sun damage.


=== Medications ===
A 2005 review found tentative evidence that statin and fibrate medication may decrease the risk of melanoma. A 2006 review however did not support any benefit.


== Treatment ==

Confirmation of the clinical diagnosis is done with a skin biopsy. This is usually followed up with a wider excision of the scar or tumor. Depending on the stage, a sentinel lymph node biopsy may be performed. Controversy exists around benefit for sentinel lymph node biopsy; with unclear evidence of benefit as of 2015.


=== Surgery ===
Excisional biopsies may remove the tumor, but further surgery is often necessary to make sure all of the tumor is removed and reduce the risk of recurrence. Complete surgical excision with adequate surgical margins is standard. Often this is done by a wide local excision (WLE) with 5 mm to 2 cm margins. Melanoma-in-situ and lentigo malignas are treated with narrower surgical margins, usually 0.2 to 5 mm. A wide-local excision usually removes 5 mm to 2 cm around the tumor, with the margins determined by the Breslow Depth (2 cm margins are removed for a Breslow tumor Depth greater than 2 mm). Mohs surgery, or the double-bladed technique with margin control is sometimes used. The sample is inspected histologically to make sure no tumor cells involve the cut margins, indicating an inadequate tumor of removal. The wide excision aims to reduce the rate of tumor recurrence at the site of the original lesion. A 2009 meta-analysis of randomized controlled trials found a small difference in survival rates favoring wide excision of primary cutaneous melanomas, but these results were not statistically significant.
Mohs surgery has been reported with cure rate as low as 77% and as high as 98.0% for melanoma-in-situ. CCPDMA and the ""double scalpel"" peripheral margin controlled surgery is equivalent to Mohs surgery in removal of melanoma in-situ.
Melanomas that spread usually do so to the lymph nodes in the area of the tumor before spreading elsewhere. Attempts to improve survival by removing lymph nodes surgically (lymph node dissection) were associated with many complications, but no overall survival benefit.
Sentinel lymph node biopsy may indicate if cancer has spread to local lymph nodes and guide treatment decisions.
Neither sentinel lymph node biopsy nor other diagnostic tests should be performed to evaluate early, thin melanoma, including melanoma in situ, T1a melanoma, or T1b melanoma ≤ 0.5mm. People with these conditions are unlikely to have the cancer spread to their lymph nodes or anywhere else and have a 5-year survival rate of 97%.
Sentinel lymph node biopsy is indicated for ulcerated melanomas or melanomas of greater than 0.8 mm thickness. A process called lymphoscintigraphy is performed in which a radioactive tracer is injected at the tumor site to localize the sentinel node. Further precision is provided using a blue tracer dye, and surgery is performed to biopsy the node. Routine hematoxylin and eosin and immunoperoxidase staining will be adequate to rule out node involvement.
If a lymph node is positive, depending on the extent of lymph node spread, a radical lymph node dissection may be performed in which affected lymph nodes are surgically removed. Lymph node dissection is not associated with a survival benefit in those with melanoma and is no longer recommended.


=== Add on treatment ===
Adjuvant treatment after surgery may reduce the risk of recurrence, especially in high-risk melanomas. The most common adjuvant treatment is immune checkpoint inhibitor treatment for up to a year post-surgery.
In the early 2000s, a relatively common strategy was to treat patients with a high risk of recurrence with up to a year of high-dose interferon treatment. A 2013 meta-analysis suggested that the addition of interferon alpha increased disease-free and overall survival for people with AJCC TNM stage II-III cutaneous melanoma. A 2011 meta-analysis showed that interferon could lengthen the time before a melanoma comes back but increased survival by only 3% at 5 years. The unpleasant side effects also greatly decrease the quality of life. Interferon is no longer routinely used in the treatment of melanoma outside of clinical trials.


=== Chemotherapy ===
Chemotherapy drugs such as dacarbazine have been commonly used for metastatic melanoma since the 1970s; however, their efficacy in terms of survival has never been proven in an RCT. Since the approval of immune checkpoint inhibitors, dacarbazine and its oral counterpart, temozolomide, constitute potential treatment options in later lines of therapy.
Multiple drugs are available to patients to decrease the size of the tumor. By lessening the size of the tumor, some symptoms can be relieved; however, this does not necessarily lead to remission. Some of these drugs are dacarbazine, temozolomide, and fotemustine. Combinations of drugs are also used and, in some cases, present higher remission rates. Although combinations of drugs increase remission rates, the survival rate does not show an increase.
In people with locally advanced cutaneous malignancies and sarcoma, isolated limb infusion (ILI) has been found to be a minimally invasive and well-tolerated procedure for delivering regional chemotherapy.


=== Targeted therapy ===
Melanoma cells have mutations that allow them to survive and grow indefinitely in the body. Small-molecule targeted therapies work by blocking the genes involved in pathways for tumor proliferation and survival. The main treatments are BRAF, C-Kit and NRAS inhibitors. These inhibitors work to inhibit the downstream pathways involved in cell proliferation and tumour development due to specific gene mutations. People can be treated with small-molecule targeted inhibitors if they are positive for the specific mutation. BRAF inhibitors, such as vemurafenib and dabrafenib and a MEK inhibitor trametinib are the most effective, approved treatments for BRAF positive melanoma. Melanoma tumors can develop resistance during therapy which can make therapy no longer effective, but combining the use of BRAF and MEK inhibitors may create a fast and lasting melanoma therapy response.
Several treatments improve survival over traditional chemotherapy. Biochemotherapy (chemotherapy with cytokines IL-2 and IFN-α) combined with BRAF inhibitors improved survival for people with BRAF-positive melanoma. Biochemotherapy alone did not improve overall survival and had higher toxicity than chemotherapy. Combining multiple chemotherapy agents (polychemotherapy) did not improve survival over monochemotherapy. Targeted therapies result in relatively short progression-free survival (PFS) times. The therapy combination of dabrafenib and trametinib has a 3-year PFS of 23% and a 5-year PFS of 13%.
Lifileucel (Amtagvi) is a tumor-derived autologous T-cell immunotherapy that was approved for medical use in the United States in February 2024.


=== Immunotherapy ===
Immunotherapy is aimed at stimulating the person's immune system against the tumor to enhance the body's ability to recognize and kill cancer cells. The current approach to treating melanoma with immunotherapy includes three broad categories of treatments, including cytokines, immune checkpoint inhibitors, and adoptive cell transfer. These treatment options are most often used in people with metastatic melanoma and significantly improve overall survival.
Cytokine therapies used for melanoma include IFN-a and IL-2. IL-2 (Proleukin) was the first new therapy approved (1990 EU, 1992 US) for the treatment of metastatic melanoma in 20 years. IL-2 may offer the possibility of a complete and long-lasting remission in this disease in a small percentage of people with melanoma. Intralesional IL-2 for in-transit metastases has a high complete response rate ranging from 40 to 100%. Similarly, IFN-α has shown only modest survival benefits and high toxicity, limiting its use as a stand-alone therapy.
Immune check point inhibitors include anti-CTLA-4 monoclonal antibodies (ipilimumab and tremelimumab), toll-like receptor (TLR) agonists, CD40 agonists, anti-PD-1 (pembrolizumab, pidilizumab, and nivolumab) and PD-L1 antibodies. Evidence suggests that anti-PD-1 antibodies are more effective than anti-CTLA4 antibodies with less systemic toxicity. The five-year progression-free survival for immunotherapy with pembrolizumab is 21%. Nivolumab or pembrolizumab was associated with increased recurrence free survival at 12 months of treatment. These medications block PD-1 to inhibit T-cell inactivation, this leads to more T-cell proliferation and activity against melanoma cells. Either medication is indicated in Stage IIB-C disease (or observation after resection without using medication is also a treatment option).
For stage IIIA-D disease, resection of tumor may be followed by 12 months of treatment with nivolumab or pembrolizumab or dabrafenib (BRAF inhibitor) plus trametinib (MEK inhibitor)in BRAF gene positive disease. Observation after resection (without using immunotherapy) is also an option, but immunotherapy after resection is associated with an improved cancer-free survival rate at 5 years.
In those with stage III or IV disease that cannot be surgically removed, dual checkpoint blockade by combining nivolumab and ipilimumab (anti-CTLA4 inhibitor) followed by maintenance nivolumab is associated with increased survival and has a lower mortality than using either agent alone.
A therapeutic approach that includes the combination of different therapies improves overall survival and progression-free survival compared to treatment with the separate immunotherapy drugs alone. However, combination therapy also has a higher risk of immune-related adverse reactions (due to hyperactivity of the immune system).
Ongoing research is looking at treatment by adoptive cell transfer. Adoptive cell transfer refers to the application of pre-stimulated, modified T cells or dendritic cells and is presently used to minimize complications from graft-versus-host disease.
The combination nivolumab/relatlimab (Opdualag) was approved for medical use in the United States in March 2022.


=== Lentigo maligna ===
Standard excision is still being done by most surgeons. Unfortunately, the recurrence rate is exceedingly high (up to 50%). This is due to the ill-defined visible surgical margin and the facial location of the lesions (often forcing the surgeon to use a narrow surgical margin). The narrow surgical margin used, combined with the limitation of the standard ""bread-loafing"" technique of fixed tissue histology, results in a high ""false negative"" error rate and frequent recurrences. Margin control (peripheral margins) is necessary to eliminate the false-negative errors. If bread loafing is used, distances from sections should approach 0.1 mm to assure that the method approaches complete margin control. A meta-analysis of the literature in 2014 found no randomized controlled trials of surgical interventions to treat lentigo maligna or melanoma in situ, even though surgery is the most widely used treatment.
Mohs surgery has been done with cure rate reported to be as low as 77%, and as high as 95% by another author. The ""double scalpel"" peripheral margin controlled excision method approximates the Mohs method in margin control, but requires a pathologist intimately familiar with the complexity of managing the vertical margin on the thin peripheral sections and staining methods.
Some melanocytic nevi, and melanoma-in-situ (lentigo maligna) have resolved with an experimental treatment, imiquimod (Aldara) topical cream, an immune enhancing agent. Some derma-surgeons are combining the two methods: surgically excising the cancer and then treating the area with Aldara cream postoperatively for three months. While some studies have suggested the adjuvant use of topical tazarotene, the current evidence is insufficient to recommend it and suggests that it increases topical inflammation, leading to lower patient compliance.


=== Radiation ===
Radiation therapy is often used after surgical resection for patients with locally or regionally advanced melanoma or for patients with unresectable distant metastases. Kilovoltage x-ray beams are often used for these treatments and have the property that the maximum radiation dose occurs close to the skin surface. It may reduce the rate of local recurrence but does not prolong survival. Radioimmunotherapy of metastatic melanoma is currently under investigation.
Radiotherapy has a role in the palliation of metastatic melanoma.


== Prognosis ==

Factors that affect prognosis include:

tumor thickness in millimeters (Breslow's depth),
depth related to skin structures (Clark level),
type of melanoma,
presence of ulceration,
presence of lymphatic/perineural invasion,
presence of tumor-infiltrating lymphocytes (if present, prognosis is better),
location of lesion,
presence of satellite lesions, and
presence of regional or distant metastasis.
Certain types of melanoma have worse prognoses, but this is explained by their thickness. Less invasive melanomas, even with lymph node metastases, carry a better prognosis than deep melanomas without regional metastasis at the time of staging. Local recurrences tend to behave similarly to a primary unless they are at the site of a wide local excision (as opposed to a staged excision or punch/shave excision) since these recurrences tend to indicate lymphatic invasion.
When melanomas have spread to the lymph nodes, one of the most important factors is the number of nodes with malignancy. The extent of malignancy within a node is also important; micrometastases, in which malignancy is only microscopic, have a more favorable prognosis than macrometastases. In some cases, micrometastases may only be detected by special staining, and if malignancy is only detectable by polymerase chain reaction (PCR), the prognosis is better. Macro-metastases in which malignancy is clinically apparent (in some cases, cancer completely replaces a node) have a far worse prognosis, and if nodes are matted or if there is extracapsular extension, the prognosis is worse still. In addition to these variables, expression levels and copy number variations of several relevant genes may be used to support assessment of melanoma prognosis.
Stage IV melanoma, in which it has metastasized, is the most deadly skin malignancy: five-year survival in the United States was 34.6% for people diagnosed between 2015 and 2021. Metastases to the skin and lungs have a better prognosis. Metastases to the brain, bone, and liver are associated with a worse prognosis. Survival is better with metastasis in which the location of the primary tumor is unknown. Survival rates have rapidly increased in the decade leading up to 2025.
There is not enough definitive evidence to adequately stage, and thus give a prognosis for, ocular melanoma and melanoma of soft parts, or mucosal melanoma (e.g., rectal melanoma), although these tend to metastasize more easily. Even though regression may increase survival, when a melanoma has regressed, it is impossible to know its original size, and thus the original tumor is often worse than a pathology report might indicate.
About 200 genes are prognostic in melanoma, with both unfavorable genes where high expression is correlated to poor survival and favorable genes where high expression is associated with longer survival times. Examples of unfavorable genes are MCM6 and TIMELESS; an example of a favorable gene is WIPI1.
An increased neutrophil-to-lymphocyte ratio is associated with worse outcomes.


== Epidemiology ==

Globally, in 2012, melanoma occurred in 232,000 people and resulted in 55,000 deaths. Australia and New Zealand have the highest rates of melanoma in the world. It has become more common in the last 20 years in areas that are mostly Caucasian.


=== Australia ===
Australia has a very high and increasing rate of melanoma. In 2012, deaths from melanoma occurred in 7.3–9.8 per 100,000 population. In Australia, melanoma is the third most common cancer in both sexes; indeed, its incidence is higher than for lung cancer, although the latter accounts for more deaths. It is estimated that in 2012, more than 12,000 Australians were diagnosed with melanoma: given Australia's modest population, this is better expressed as 59.6 new cases per 100,000 population per year; >1 in 10 of all new cancer cases were melanomas. Melanoma incidence in Australia is a matter of significance, for the following reasons:

Australian melanoma incidence has increased by more than 30 per cent between 1991 and 2009.
Australian melanoma age-standardized incidence rates were, as of 2008, at least 12 times higher than the world average.
Australian melanoma incidence is, by some margin, the highest in the world.
Overall age-standardized cancer incidence in Australia is the highest in the world, and this is attributable to melanoma alone. Age-standardized overall cancer incidence is similar to New Zealand, but there is a statistically significant difference between Australia and all other parts of the developed world, including North America, Western Europe, and the Mediterranean.


=== United States ===
In the United States, about 8-9,000 people die from melanoma a year, and the death rate from melanoma is 1.40 deaths per 100,000 people.
The incidence of melanoma in the United States increased from 8.8 cases per 100,000 people in 1975 to 27.7 cases per 100,000 people in 2021. The annual mortality from melanoma decreased 6.1% annually from 2013 to 2017 and 1.4% annually from 2017 to 2022. Advances in treatment are believed to have caused the rapid decline in mortality over the last decade. In 2024, in the United States, there were 100,640 cases of melanoma and 8290 deaths. There were also 107,240 cases of melanoma in situ, in which melanoma is confined to the epidermis.
Melanoma is more than 20 times more common in whites than in African Americans. Overall, the lifetime risk of getting melanoma is about 2.5% (1 in 40) for whites, 0.1% (1 in 1,000) for African Americans, and 0.5% (1 in 200) for Mexicans.
The risk of melanoma increases as people age. The average age of people when the disease is diagnosed is 63. 80% of all cases of melanoma (globally) are diagnosed in people older than 50 years.


== History ==
Although melanoma is not a new disease, evidence for its occurrence in antiquity is rather scarce. However, one example lies in a 1960s examination of nine Peruvian mummies, radiocarbon dated to be approximately 2400 years old, which showed apparent signs of melanoma: melanotic masses in the skin and diffuse metastases to the bones.
John Hunter is reported to be the first to operate on metastatic melanoma in 1787. Although not knowing precisely what it was, he described it as a ""cancerous fungous excrescence"". The excised tumor was preserved in the Hunterian Museum of the Royal College of Surgeons of England. It was not until 1968 that microscopic examination of the specimen revealed it to be an example of metastatic melanoma.
The French physician René Laennec was the first to describe melanoma as a disease entity. His report was initially presented during a lecture for the Faculté de Médecine de Paris in 1804 and then published as a bulletin in 1806.
The first English-language report of melanoma was presented by an English general practitioner from Stourbridge, William Norris, in 1820. In his later work in 1857 he remarked that there is a familial predisposition for development of melanoma (Eight Cases of Melanosis with Pathological and Therapeutical Remarks on That Disease). Norris was also a pioneer in suggesting a link between nevi and melanoma and the possibility of a relationship between melanoma and environmental exposures, by observing that most of his patients had pale complexions. He also described that melanomas could be amelanotic and later showed the metastatic nature of melanoma by observing that they can disseminate to other visceral organs.
The first formal acknowledgment of advanced melanoma as untreatable came from Samuel Cooper in 1840. He stated that the only chance for a cure depends upon the early removal of the disease (i.e., early excision of the malignant mole) ...'
More than one and a half centuries later, this situation remains largely unchanged.


=== Terminology ===
The word melanoma came to English from 19th-century Neo-Latin and uses combining forms derived from ancient Greek roots: melano- (denoting melanin) + -oma (denoting a tissue mass and especially a neoplasm), in turn from Greek μέλας melas, ""dark"", and -ωμα oma, ""process"". The word melanoma has a long history of being used in a broader sense to refer to any melanocytic tumor, typically, but not always malignant, but today the narrower sense referring only to malignant types has become so dominant that benign tumors are usually not called melanomas anymore and the word melanoma is now usually taken to mean malignant melanoma unless otherwise specified. Terms such as ""benign melanocytic tumor"" unequivocally label the benign types, and modern histopathologic tumor classifications used in medicine do not use the word for benign tumors.


== Research ==
Pharmacotherapy research for un-resectable or metastatic melanoma is ongoing.


=== Targeted therapies ===
In clinical research, adoptive cell therapy and gene therapy, are being tested.
Two kinds of experimental treatments developed at the National Cancer Institute (NCI) have been used in metastatic melanoma with tentative success.
The first treatment involves adoptive cell therapy (ACT) using TILs, immune cells (tumor-infiltrating lymphocytes) isolated from a person's own melanoma tumor. These cells are grown in large numbers in a laboratory and returned to the patient after a treatment that temporarily reduces normal T cells in the patient's body. TIL therapy following lymphodepletion can result in durable complete response in a variety of setups.
The second treatment, adoptive transfer of genetically altered autologous lymphocytes, depends on delivering genes that encode so-called T cell receptors (TCRs) into the patient's lymphocytes. After that manipulation, lymphocytes recognize and bind to certain molecules found on the surface of melanoma cells and kill them.
A cancer vaccine showed modest benefit in late-stage testing in 2009 against melanoma.


=== BRAF inhibitors ===
About 60% of melanomas contain a mutation in the B-Raf gene. Early clinical trials suggested that B-Raf inhibitors including Plexxicon's vemurafenib could lead to substantial tumor regression in a majority of patients if their tumor contain the B-Raf mutation. In June 2011, a large clinical trial confirmed the positive findings from those earlier trials.
In August 2011, Vemurafenib received FDA approval for the treatment of late-stage melanoma. In May 2013, the US FDA approved dabrafenib as a single-agent treatment for patients with BRAF V600E mutation-positive advanced melanoma.
Some researchers believe that combination therapies that simultaneously block multiple pathways may improve efficacy by making it more difficult for the tumor cells to mutate before being destroyed. In October 2012, a study reported that combining Dabrafenib with a MEK inhibitor trametinib led to even better outcomes. Compared to Dabrafenib alone, progression-free survival was increased to 41% from 9%, and the median progression-free survival increased to 9.4 months versus 5.8 months. Some side effects were, however, increased in the combined study.
In January 2014, the FDA approved the combination of dabrafenib and trametinib for the treatment of people with BRAF V600E/K-mutant metastatic melanoma. In June 2018, the FDA approved the combination of a BRAF inhibitor encorafenib and a MEK inhibitor binimetinib for the treatment of un-resectable or metastatic melanoma with a BRAF V600E or V600K mutation.
Eventual resistance to BRAF and MEK inhibitors may be due to a cell surface protein known as EphA2 which is now being investigated.


=== Ipilimumab ===
At the American Society of Clinical Oncology Conference in June 2010, the Bristol Myers Squibb pharmaceutical company reported the clinical findings of their drug ipilimumab. The study found an increase in median survival from 6.4 to 10 months in patients with advanced melanomas treated with the monoclonal ipilimumab, versus an experimental vaccine. It also found a one-year survival rate of 25% in the control group using the vaccine, 44% in the vaccine and ipilimumab group, and 46% in the group treated with ipilimumab alone. However, some have raised concerns about this study for its use of the unconventional control arm, rather than comparing the drug against a placebo or standard treatment. The criticism was that although Ipilimumab performed better than the vaccine, the vaccine has not been tested before and may be causing toxicity, making the drug appear better by comparison.
Ipilimumab was approved by the FDA in March 2011 to treat patients with late-stage melanoma that has spread or cannot be removed by surgery.
In June 2011, a clinical trial of ipilimumab plus dacarbazine combined this immune system booster with the standard chemotherapy drug that targets cell division. It showed an increase in median survival for these late-stage patients to 11 months instead of the 9 months normally seen. Researchers were also hopeful of improving the five-year survival rate, though serious adverse side effects were seen in some patients. A course of treatment costs $120,000. The drug's brandname is Yervoy.


=== Surveillance methods ===
Advances in high-resolution ultrasound scanning have enabled surveillance of metastatic burden to the sentinel lymph nodes. The Screening and Surveillance of Ultrasound in Melanoma trial (SUNMEL) is evaluating ultrasound as an alternative to invasive surgical methods.


=== Oncolytic virotherapy ===
In some countries, oncolytic virotherapy methods are studied and used to treat melanoma. Oncolytic virotherapy is a promising branch of virotherapy, where oncolytic viruses are used to treat diseases; viruses can increase metabolism, reduce anti-tumor immunity, and disorganize vasculature. Talimogene laherparepvec (T-VEC) (which is a herpes simplex virus type 1–derived oncolytic immunotherapy), was shown to be useful against metastatic melanoma in 2015 with an increased survival of 4.4 months.


=== Antivirals ===
Antiretrovirals have been tested in vitro against melanoma. The rationale behind this lies in their potential to inhibit human endogenous retroviruses, whose activity has been associated with the development of melanoma. 
Evidence from studies on melanoma cell lines indicates that antiretroviral drugs, including lamivudine, doravirine, and cabotegravir, can effectively downregulate the expression of human endogenous retroviruses (HERV-K). These drugs not only reduce cell growth and invasiveness but also enhance the potential of immune checkpoint therapies. Furthermore, they have shown promise in addressing resistance mechanisms that emerge following prolonged treatment with BRAF inhibitors like dabrafenib and AZ628. By restoring apoptosis, decreasing cell viability, and influencing tumor suppressor proteins, these antiretrovirals offer a compelling strategy to tackle therapeutic resistance in melanoma. Further developments are awaited through animal model testing.


=== MicroRNAs ===
Recent research has identified miR-139-5p, a small noncoding RNA, as a potential tumor suppressor in melanoma. Overexpression of miR-139-5p has been shown to inhibit cell proliferation, migration, and invasion while inducing apoptosis in melanoma cells. These effects are associated with the downregulation of IGF1R, a receptor that activates the PI3K/AKT signaling pathway. By suppressing IGF1R-mediated signaling, miR-139-5p reduces melanoma cell aggressiveness. These findings highlight miR-139-5p as a potential therapeutic agent and emphasize the significance of miRNA regulation in melanoma development and treatment.


== Notes ==


== References ==


== External links ==",https://en.wikipedia.org/wiki/Melanoma
Alzheimer's Disease,Alzheimer's disease,"Alzheimer's disease (AD) is a neurodegenerative disease and is the most common cause of dementia, accounting for around 60–70% of cases. The most common early symptom is difficulty in remembering recent events. As the disease advances, symptoms can include problems with language, disorientation (including easily getting lost), mood swings, loss of motivation, self-neglect, and behavioral issues. As a person's condition declines, they often withdraw from family and society. Gradually, bodily functions are lost, ultimately leading to death. The median life expectancy following diagnosis of dementia is three to twelve years. Co-occurring movement disorder, also known as extrapyramidal signs, multiplies risk of death by 1.6.
The causes of Alzheimer's disease remain poorly understood. There are many environmental and genetic risk factors associated with its development. The strongest genetic risk factor is from an allele of apolipoprotein E, a protein involved in the metabolism of fats in mammals. Other risk factors include a history of head injury, clinical depression, and high blood pressure. The progression of the disease is largely characterised by the accumulation of malformed protein deposits in the cerebral cortex, called amyloid plaques and neurofibrillary tangles. These misfolded protein aggregates interfere with normal cell function, and over time lead to irreversible degeneration of neurons and loss of synaptic connections in the brain. A probable diagnosis is based on the history of the illness and cognitive testing, with medical imaging and blood tests to rule out other possible causes. Initial symptoms are often mistaken for normal brain aging. Examination of brain tissue post mortem is the only way to definitively diagnose Alzheimer's, but neuroimaging techniques and fluid biomarkers have made it possible to diagnose probable Alzheimer's disease in vivo.
No known treatments can stop or reverse its progression, though some may temporarily improve symptoms. A healthy diet, physical activity, and social engagement are generally beneficial in aging, and may help in reducing the risk of cognitive decline and Alzheimer's. Affected people become increasingly reliant on others for assistance, often placing a burden on caregivers. The pressures can include social, psychological, physical, and economic elements. Exercise programs may be beneficial with respect to activities of daily living and can potentially improve outcomes. Behavioral problems or psychosis due to dementia are sometimes treated with antipsychotics, but this has an increased risk of early death.
As of 2020, there were approximately 50 million people worldwide with Alzheimer's disease. It most often begins in people over 65 years of age, although up to 10% of cases are early-onset impacting those in their 30s to mid-60s. It affects about 6% of people 65 years and older, and women more often than men. The disease is named after German psychiatrist and pathologist Alois Alzheimer, who first described it in 1906. Alzheimer's financial burden on society is large, with an estimated global annual cost of US$1 trillion. Alzheimer's and related dementias are ranked as the seventh leading cause of death worldwide. 
Given the widespread impacts of Alzheimer's disease, both basic-science and health funders in many countries support Alzheimer's research at large scales. For example, the US National Institutes of Health program for Alzheimer's research, the National Plan to Address Alzheimer's Disease, has a budget of US$3.98 billion for fiscal year 2026. In the European Union, the 2020 Horizon Europe research programme awarded over €570 million for dementia-related projects.","Alzheimer's disease (AD) is a neurodegenerative disease and is the most common cause of dementia, accounting for around 60–70% of cases. The most common early symptom is difficulty in remembering recent events. As the disease advances, symptoms can include problems with language, disorientation (including easily getting lost), mood swings, loss of motivation, self-neglect, and behavioral issues. As a person's condition declines, they often withdraw from family and society. Gradually, bodily functions are lost, ultimately leading to death. The median life expectancy following diagnosis of dementia is three to twelve years. Co-occurring movement disorder, also known as extrapyramidal signs, multiplies risk of death by 1.6.
The causes of Alzheimer's disease remain poorly understood. There are many environmental and genetic risk factors associated with its development. The strongest genetic risk factor is from an allele of apolipoprotein E, a protein involved in the metabolism of fats in mammals. Other risk factors include a history of head injury, clinical depression, and high blood pressure. The progression of the disease is largely characterised by the accumulation of malformed protein deposits in the cerebral cortex, called amyloid plaques and neurofibrillary tangles. These misfolded protein aggregates interfere with normal cell function, and over time lead to irreversible degeneration of neurons and loss of synaptic connections in the brain. A probable diagnosis is based on the history of the illness and cognitive testing, with medical imaging and blood tests to rule out other possible causes. Initial symptoms are often mistaken for normal brain aging. Examination of brain tissue post mortem is the only way to definitively diagnose Alzheimer's, but neuroimaging techniques and fluid biomarkers have made it possible to diagnose probable Alzheimer's disease in vivo.
No known treatments can stop or reverse its progression, though some may temporarily improve symptoms. A healthy diet, physical activity, and social engagement are generally beneficial in aging, and may help in reducing the risk of cognitive decline and Alzheimer's. Affected people become increasingly reliant on others for assistance, often placing a burden on caregivers. The pressures can include social, psychological, physical, and economic elements. Exercise programs may be beneficial with respect to activities of daily living and can potentially improve outcomes. Behavioral problems or psychosis due to dementia are sometimes treated with antipsychotics, but this has an increased risk of early death.
As of 2020, there were approximately 50 million people worldwide with Alzheimer's disease. It most often begins in people over 65 years of age, although up to 10% of cases are early-onset impacting those in their 30s to mid-60s. It affects about 6% of people 65 years and older, and women more often than men. The disease is named after German psychiatrist and pathologist Alois Alzheimer, who first described it in 1906. Alzheimer's financial burden on society is large, with an estimated global annual cost of US$1 trillion. Alzheimer's and related dementias are ranked as the seventh leading cause of death worldwide. 
Given the widespread impacts of Alzheimer's disease, both basic-science and health funders in many countries support Alzheimer's research at large scales. For example, the US National Institutes of Health program for Alzheimer's research, the National Plan to Address Alzheimer's Disease, has a budget of US$3.98 billion for fiscal year 2026. In the European Union, the 2020 Horizon Europe research programme awarded over €570 million for dementia-related projects.


== Signs and symptoms ==
The course of Alzheimer's is generally described in three stages, with a progressive pattern of cognitive and functional impairment. The three stages are described as early or mild, middle or moderate, and late or severe. The disease is known to target the hippocampus, which is associated with memory, and this is likely to be responsible for the first symptoms of memory impairment. As the disease progresses, so does the degree of memory impairment.


=== First symptoms ===

The first symptoms are often mistakenly attributed to aging or stress. Detailed neuropsychological testing can reveal mild cognitive difficulties up to eight years before a person fulfills the clinical criteria for diagnosis of Alzheimer's disease. These early symptoms can affect the most complex activities of daily living. The most noticeable deficit is short term memory loss, which shows up as difficulty in remembering recently learned facts and inability to acquire new information.
Subtle problems with the executive functions of attentiveness, planning, flexibility, and abstract thinking, or impairments in semantic memory (memory of meanings and concept relationships) can also be symptomatic of the early stages of Alzheimer's disease. Apathy and depression can be seen at this stage, with apathy remaining as the most persistent symptom throughout the course of the disease. People with objective signs of cognitive impairment, but not more severe symptoms, may be diagnosed with mild cognitive impairment (MCI). If memory loss is the predominant symptom of MCI, it is termed amnestic MCI and is frequently seen as a prodromal or early stage of Alzheimer's disease. Amnestic MCI has a greater than 90% likelihood of being associated with Alzheimer's.


=== Early stage ===
In people with early stage Alzheimer's disease, there is increasing impairment of learning and memory. In a small percentage, difficulties with language, executive functions, perception (agnosia), or execution of movements (apraxia) are more prominent than memory problems. Alzheimer's disease does not affect all memory capacities equally. Older memories of the person's life (episodic memory), facts learned (semantic memory), and implicit memory (the memory of the body on how to do things, such as using a fork to eat or how to drink from a glass) are affected to a lesser degree than new facts or memories.
Language problems are mainly characterised by a shrinking vocabulary and decreased word fluency, leading to a general impoverishment of oral and written language. In this stage, the person with Alzheimer's is usually capable of communicating basic ideas adequately. While performing fine motor tasks such as writing, drawing, or dressing, certain movement coordination and planning difficulties (apraxia) may be present; however, they are commonly unnoticed. As the disease progresses, people with Alzheimer's disease can often continue to perform many tasks independently; however, they may need assistance or supervision with the most cognitively demanding activities.


=== Middle stage ===
Progressive deterioration eventually hinders independence, with subjects being unable to perform the most common activities of daily living. Speech difficulties become evident due to an inability to recall vocabulary, which leads to frequent incorrect word substitutions (paraphasias). Reading and writing skills are also progressively lost. Complex motor sequences become less coordinated as time passes and Alzheimer's disease progresses, so the risk of falling increases. During this phase, memory problems worsen, and the person may fail to recognise close relatives. Long-term memory, which was previously intact, becomes impaired.
Behavioral and neuropsychiatric changes become more prevalent. Common manifestations are wandering, irritability and emotional lability, leading to crying, outbursts of unpremeditated aggression, or resistance to caregiving. Sundowning can also appear. Approximately 30% of people with Alzheimer's disease develop illusionary misidentifications and other delusional symptoms. Subjects also lose insight of their disease process and limitations (anosognosia). Urinary incontinence can develop. These symptoms create stress for relatives and caregivers, which can be reduced by moving the person from home care to other long-term care facilities.


=== Late stage ===
During the final stage, known as the late-stage or severe stage, there is complete dependence on caregivers. Language is reduced to simple phrases or even single words, eventually leading to complete loss of speech. Despite the loss of verbal language abilities, people can often understand and return emotional signals. Although aggressiveness can still be present, extreme apathy and exhaustion are much more common symptoms. People with Alzheimer's disease will ultimately not be able to perform even the simplest tasks independently; muscle mass and mobility deteriorate to the point where they are bedridden and unable to feed themselves. The cause of death is usually an external factor, such as infection of pressure ulcers or pneumonia, not the disease itself. In some cases, there is a paradoxical lucidity immediately before death, where there is an unexpected recovery of mental clarity.


== Causes ==

Alzheimer's disease is believed to occur when abnormal amounts of amyloid beta (Aβ), accumulating extracellularly as amyloid plaques, or tau proteins, accumulating intracellularly as neurofibrillary tangles, form in the brain, affecting neuronal functioning and connectivity, resulting in a progressive loss of brain function. This altered protein clearance ability is age-related, regulated by brain cholesterol, and associated with other neurodegenerative diseases.
Deterministic causes for most Alzheimer's cases are still mostly unknown, except for 1–2% of cases where deterministic genetic differences have been identified. Predisposing causes (also known as ""risk factors"") such as hearing impairment and smoking are increasingly documented. Several unifying hypotheses attempt to explain underlying causes; the most predominant are the amyloid beta (Aβ) hypothesis, and the tau hypothesis.


=== Genetic ===


==== Late onset ====
Late-onset Alzheimer's is about 70% heritable. Most cases of Alzheimer's are not familial, and so they are termed sporadic Alzheimer's disease. Of the cases of sporadic Alzheimer's disease, most are classified as late onset where they are developed after the age of 65 years.
The strongest genetic risk factor for sporadic Alzheimer's disease is APOEε4. APOEε4 is one of the three major alleles of apolipoprotein E (APOE). APOE plays a major role in lipid-binding proteins in lipoprotein particles and the ε4 allele disrupts this function. Between 40% and 80% of people with Alzheimer's disease possess at least one APOEε4 allele. The APOEε4 allele increases the risk of the disease by three times in heterozygotes and by 15 times in homozygotes. Like many human diseases, environmental effects and genetic modifiers result in incomplete penetrance. For example, Nigerian Yoruba people do not show the relationship between the dose of APOEε4 and incidence or age-of-onset for Alzheimer's disease seen in other human populations.


==== Early onset ====

Only 1–2% of Alzheimer's cases are inherited due to autosomal dominant mutations, as Alzheimer's disease is substantially polygenic. When autosomal dominant variants cause the disease, it is known as early-onset familial Alzheimer's disease, which is rarer and tends to progress more rapidly. Less than 5% of sporadic Alzheimer's disease have an earlier onset, and early-onset Alzheimer's is about 90% heritable. Familial Alzheimer's disease usually implies two or more persons affected in one or more generations.
Early onset familial Alzheimer's disease can be attributed to mutations in one of three genes: those encoding amyloid-beta precursor protein (APP) and presenilins PSEN1 and PSEN2. Most mutations in the APP and presenilin genes increase the production of a small protein called amyloid beta (Aβ)42, which is the main component of amyloid plaques. Some of the mutations merely alter the ratio between Aβ42 and the other major forms—particularly Aβ40—without increasing total Aβ levels in the brain. Two other genes associated with autosomal dominant Alzheimer's disease are ABCA7 and SORL1.
Alleles in the TREM2 gene have been associated with a three to five times higher risk of developing Alzheimer's disease.
A Japanese pedigree of familial Alzheimer's disease was found to be associated with a deletion mutation of codon 693 of APP. This mutation and its association with Alzheimer's disease was first reported in 2008, and is known as the Osaka mutation. Only homozygotes with this mutation have an increased risk of developing Alzheimer's disease. This mutation accelerates Aβ oligomerization, but the proteins do not form the amyloid fibrils that aggregate into amyloid plaques, suggesting that Aβ oligomerization rather than the fibrils may be the cause of this disease. Mice expressing this mutation have all the usual pathologies of Alzheimer's disease.


=== Hypotheses ===


==== Misfolded protein ====

Two abnormal proteins define the pathology of Alzheimer's disease: amyloid beta protein (Aβ) in amyloid plaques and tau protein in neurofibrillary tangles. These proteins share two features that promote their ability to cause disease: They both become abnormal by misfolding, that is, by assuming a shape that is rich in beta sheets; and they proliferate in the brain by the prion-like mechanism of seeded protein aggregation. The presence of these abnormal proteins in Alzheimer's disease has spawned two hypotheses of the proteopathic origin of the disease: The amyloid (or Aβ) hypothesis, and the tau hypothesis.
The amyloid hypothesis, also known as the ""amyloid cascade hypothesis"" or ""Aβ cascade hypothesis"", holds that the accumulation of misfolded Aβ in the brain is the fundamental cause of Alzheimer's disease. In the amyloid cascade, the buildup of abnormal Aβ leads to tauopathy and eventually the complex degenerative changes of advanced Alzheimer's disease. Abnormal Aβ is thought to damage the brain by directly interacting with cells, as well as indirectly, for example by causing oxidative stress and neuroinflammation.
The amyloid hypothesis is supported by evidence from genetics and biomarkers. All autosomal dominant genetic causes of Alzheimer's disease affect either the amyloid precursor protein (APP) on chromosome 21 or the enzymes that generate Aβ, known as presenilin 1 and presenilin 2. In addition, people with trisomy 21 (Down syndrome), most of whom have an extra copy of the gene for APP, almost universally develop the symptoms and neuropathology of Alzheimer's disease by 40 years of age. Conversely, people with a rare mutation in the APP gene that reduces the production of Aβ and its tendency to aggregate are protected against Alzheimer's disease. Additionally, a major genetic risk factor for Alzheimer's disease is a specific isoform of apolipoprotein E, APOE4. Of the three major isoforms (APOE2, APOE3 and APOE4), APOE4 is linked to the least efficient removal of Aβ by astrocytes, which promotes the buildup of Aβ in the brain. The most efficient clearance of Aβ is achieved by cells bearing the APOE2 isoform, which protects against Alzheimer's disease. Evidence from biomarkers such as imaging of protein deposits in the brain and measurement of brain-derived substances in cerebrospinal fluid and blood implicates abnormalities of Aβ as the earliest and most robust disease-specific change in Alzheimer's disease.
The tau hypothesis proposes that abnormalities of the tau protein initiate the disease cascade, at least in cases of idiopathic Alzheimer's disease. The tau hypothesis is supported by the histopathological findings of Heiko Braak and colleagues that tauopathy can be detected in certain neurons before Aβ plaques are evident. Specifically, Alzheimer's starts with the hyperphosphorylation of tau in specific vulnerable neuronal populations such as the locus coeruleus and projection neurons of the association cortex. There is agreement in the research community that tau contributes strongly to dementia in Alzheimer's disease. Tauopathy occurs in over 30 diseases in addition to Alzheimer's disease. In addition, mutations of the gene for tau (MAPT) cause neurodegenerative disorders known as primary tauopathies, but these diseases occur in the absence of Aβ proteopathy. Current evidence thus favors abnormal Aβ as the prime mover of Alzheimer's disease. However, the Aβ hypothesis and tau hypothesis are not mutually exclusive, in that abnormalities of Aβ initiate the disease and tauopathy is required for its complete expression.


=== Hormonal ===
Because women have a higher incidence of AD than men, it has been thought that estrogen deficiency during menopause is a risk factor.
In a 2025 analysis of the Canadian Longitudinal Study on Aging, earlier age at menopause was linked with lower cognitive performance.


==== Infection ====
The possibility that infectious agents cause Alzheimer's disease has been considered since the early 20th century, when Oskar Fischer likened amyloid plaques to small masses (called 'Drusen') of a microbe called actinomyces. Since then, at least 15 different agents, including bacteria, viruses, fungi and protozoa, have been proposed to cause Alzheimer's disease. No definitive evidence has been presented that a specific infectious agent is necessary and sufficient to cause Alzheimer's disease. However, it is possible that microbial infections might act as risk factors for the disease. For example, human herpes viruses such as HSV-1, HHV-6, and HHV-7 have been linked to the risk of Alzheimer's disease. In addition, some pathogens have been reported to seed Aβ deposition in the brain, and aggregated Aβ has antimicrobial properties, suggesting that Aβ plaques might form when brain cells generate Aβ to fight infection. Researchers caution that brain infections can cause dementia by mechanisms unrelated to Alzheimer's disease.


==== DNA damage ====
DNA damage accumulates in affected brains; reactive oxygen species may be the major source of this DNA damage.


==== Cholinergic ====
The cholinergic hypothesis proposes that the loss of neurons in the basal forebrain, which produce the neurotransmitter acetylcholine, is a key event in the pathogenesis of Alzheimer's disease. These cells supply acetylcholine to synapses in the limbic system and cerebral cortex. The cholinergic hypothesis led to the development of drugs that increase acetylcholine in the brains of Alzheimer patients. The efficacy of these agents is limited, probably because many other neurotransmitter systems degenerate in Alzheimer's disease.


==== Sleep ====
Sleep disturbances are seen as a possible risk factor for inflammation in Alzheimer's disease. Sleep disruption was previously only seen as a consequence of Alzheimer's disease, but as of 2020, accumulating evidence suggests that this relationship may be bidirectional.


==== Neuroinflammation, metal toxicity, smoking, and air pollution ====
Systemic markers of the innate immune system are risk factors for late-onset Alzheimer's disease, and misfolded Aβ and tau proteins both are associated with oxidative stress and neuroinflammation. Chronic inflammation also is a feature of other neurodegenerative diseases, including Parkinson's disease, and ALS. The cellular homeostasis of biometals such as ionic copper, iron, and zinc is disrupted in Alzheimer's disease, though it remains unclear whether this is produced by or causes the changes in proteins. Smoking is a significant Alzheimer's disease risk factor. Exposure to air pollution may be a contributing factor to the development of Alzheimer's disease.


==== Age-related myelin decline ====
Retrogenesis is a medical hypothesis that just as the fetus goes through a process of neurodevelopment beginning with neurulation and ending with myelination, the brains of people with Alzheimer's disease go through a reverse neurodegeneration process starting with demyelination and death of axons (white matter) and ending with the death of grey matter. Likewise the hypothesis is, that as infants go through states of cognitive development, people with Alzheimer's disease go through the reverse process of progressive cognitive impairment.
According to one theory, dysfunction of oligodendrocytes and their associated myelin during aging contributes to axon damage, which in turn generates amyloid production and tau hyperphosphorylation. Comorbidities between the demyelinating disease, multiple sclerosis, and Alzheimer's disease have been reported.


==== Other hypotheses ====

The association with celiac disease is unclear, with a 2019 study finding no increase in dementia overall in those with celiac disease, while a 2018 review found an association with several types of dementia, including Alzheimer's disease.
Some studies have reported a potential link between infection with certain viruses and developing Alzheimer's disease later in life, such as COVID-19 or Herpes simplex virus 1 (HSV-1).
Some researchers have proposed that Alzheimer's disease is type 3 diabetes because of a number of correspondences with both type 1 and type 2 diabetes.


== Pathophysiology ==


=== Neuropathology ===

The gross (macroscopic) appearance of the brain in Alzheimer's disease is variable. In many cases the cortical sulci are widened and the gyri are shrunken, but the degree of cortical atrophy varies. It can sometimes be difficult to discern, particularly in the very elderly. The areas most affected by atrophy are the medial temporal lobe including the hippocampal formation, the amygdala, the frontal lobe and the parietal lobe; the occipital lobe is relatively unaffected by atrophy. The volume of the ventricles increases in parallel with cortical shrinkage. Studies using MRI and PET have documented reductions in the size of specific brain regions in people with Alzheimer's disease as they progress from mild cognitive impairment to Alzheimer's disease, and in comparison with similar images from healthy older adults. These macroscopic changes in the brain are not specific to Alzheimer's and can occur in other disorders and to some extent in normal aging.
At the microscopic level, the defining histopathologic characteristics of Alzheimer's disease are abundant amyloid plaques and neurofibrillary tangles in certain brain regions. Both of these abnormalities are clearly visible by microscopy, and amyloid imaging. In the early stages of disease, tangles are present mainly in the medial temporal lobe and plaques are present mainly in the neocortex, but as the disease progresses the lesions proliferate throughout much of the brain. Although it was once thought that Alzheimer's disease can occur without neurofibrillary tangles in the neocortex, newer methods have shown that dementia in these cases can be linked to a comorbid condition, often Lewy body disease.
Aβ plaques are dense, mostly insoluble deposits of amyloid beta peptide and cellular material outside and around neurons. Neurofibrillary tangles are aggregates of the microtubule-associated protein tau which has become hyperphosphorylated and accumulates inside neurons. Although many older individuals develop some plaques and tangles as a consequence of aging, the brains of people with Alzheimer's disease have a greater number of them in specific brain regions.

In addition to plaques and tangles, other neuropathological changes contribute to the clinicopathological features of advanced Alzheimer's disease. These include cerebral Aβ-amyloid angiopathy (CAA), inflammation, and the loss of neurons and synapses. The disappearance of neurons and their synapses is a particularly prominent correlate of dementia, although not all cells are affected equally. Selective vulnerability - that is, why certain neurons and synapses are affected, and others spared - is an important unanswered question.
In more than half of the cases examined neuropathologically, and especially in very old people, the pathology of Alzheimer's disease is accompanied by lesions that are characteristic of other brain disorders. The most common of these comorbid conditions are vascular disease, Lewy body disease, and TDP-43 proteinopathy. This mixed pathology can complicate both diagnosis and the evaluation of clinical trials, which often target only one of several potential contributors to dementia.


=== Biochemistry ===


==== Amyloid beta (Aβ) ====
Alzheimer's disease has been identified as a protein misfolding disease, a proteopathy, caused by the accumulation of abnormally folded Aβ protein into amyloid plaques, and tau protein into neurofibrillary tangles in the brain. Plaques are made up of small peptides, 39–43 amino acids in length, called Aβ. Aβ is a fragment derived from the larger Aβ precursor protein (APP), a transmembrane protein that penetrates the cell's membrane. APP is critical to neuronal growth, survival, and post-injury repair. In Alzheimer's disease, the enzymes gamma secretase and beta secretase act together in a proteolytic process that divides APP into smaller fragments. One of these fragments is Aβ, which misfolds and self-assembles into fibrils; these fibrils form clumps that deposit outside neurons in dense formations known as Aβ plaques. Excitatory neurons are known to be major producers of Aβ that contribute to extracellular plaque deposition.


==== Phosphorylated tau ====
Alzheimer's disease is also considered a tauopathy due to the abnormal aggregation of the tau protein within cells. Every neuron has a cytoskeleton, an internal support structure partly made up of organelles called microtubules. These microtubules act like tracks, guiding nutrients and molecules from the body of the cell to the ends of the axon and back. The tau protein stabilises the microtubules when phosphorylated, and it is therefore called a microtubule-associated protein. In Alzheimer's disease, tau undergoes chemical changes, becoming hyperphosphorylated; it then begins to pair with other threads, creating neurofibrillary tangles and disintegrating the neuron's transport system. Pathogenic tau can also cause neuronal death through transposable element dysregulation. Necroptosis has also been reported as a mechanism of cell death in brain cells affected with tau tangles.


=== Disease mechanism ===
Exactly how disturbances of production and aggregation of the Aβ peptide give rise to the pathology of Alzheimer's disease is not known. The amyloid hypothesis (also known as the 'amyloid cascade hypothesis') posits that the accumulation of abnormally shaped Aβ peptides is the central event triggering the sequence of changes that eventually lead to neurodegeneration and dementia. Misfolded Aβ accumulates in the brain because it causes normal Aβ molecules to similarly misfold by a prion-like 'seeding' mechanism. The aggregated Aβ takes the form of small oligomers (which are particularly toxic to neurons) and amyloid fibrils, the long polymers that are the main components of Aβ plaques. Some researchers have argued that the amyloid fibrils bind up smaller oligomers and thus protect brain cells from the injurious effects of the oligomers. However, the plaques are not benign inasmuch as they are associated with abnormal neuronal processes and local inflammation. Whatever the relative influence of Aβ oligomers and fibrils, the presence of aggregated Aβ is associated with the disruption of neuronal metabolism and various other changes such as inflammation. Aβ also selectively builds up in mitochondria in the cells of Alzheimer's-affected brains, and it inhibits certain enzyme functions and the utilisation of glucose by neurons.
Evidence supports Aβ as playing a central role in the pathogenesis of Alzheimer's disease. As the disease progresses, the brain undergoes a complex assortment of cellular and molecular changes, including (in addition to tauopathy) inflammation, oxidative/nitrative stress, DNA damage, epigenetic changes, excitotoxicity, endosomal/lysosomal failure, dysproteostasis, autophagy failure, lipid dysmetabolism, calcium ion (Ca2+) dyshomeostasis, post-translational protein modifications, neuronal cell cycle re-entry, mitochondrial failure, cytoskeletal disruption, glucose dysmetabolism, vascular or lymphatic impairments, and biometal dyshomeostasis. Iron dyshomeostasis is linked to disease progression in which an iron-dependent form of regulated cell death called ferroptosis could be involved. Products of lipid peroxidation are also elevated in the Alzheimer's brain compared with controls.
Various inflammatory processes and cytokines also play a role in the pathology of Alzheimer's disease. Inflammation is a general marker of tissue damage in any disease, and may be either secondary to tissue damage in Alzheimer's disease or a marker of an immunological response. Cells that mediate neuroinflammation in Alzheimer's include microglia, astrocytes, oligodendrocytes, lymphocytes and myeloid cells. There is increasing evidence of a strong interaction between neurons and the immunological mechanisms in the brain. Obesity and systemic inflammation may interfere with immunological processes which promote disease progression. Microglia are especially important actors in the Alzheimer's-related inflammation. Microglia are the principal immunological cells of the central nervous system, serving as the tissue-resident macrophages of the brain; they are capable of recognizing and taking up Aβ through multiple pattern recognition receptors, making them central to amyloid clearance within the brain. However, microglia can also be a major source of pro-inflammatory mediators which can be deleterious to neurological function. Microglia are topographically associated with aberrant deposits of tau and Aβ within the brain, even when each pathologic component occurs in distinct brain regions. Microglial activation has been documented in people with mild cognitive impairment, despite a lack of detectable binding of a PET tracer for Aβ in the brain, suggesting that microglial dysfunction may precede plaque deposition as an inciting event in AD.
Alterations in the distribution of different neurotrophic factors and in the expression of their receptors, such as the brain-derived neurotrophic factor (BDNF), have been described in Alzheimer's disease.
By the time the symptoms of Alzheimer's first appear, the complex degenerative mechanisms in the brain have been active for many years. The absent or minor effect on cognitive function of monoclonal antibodies that promote Aβ clearance suggests reconsideration of the amyloid cascade hypothesis.


== Diagnosis ==

Alzheimer's disease (AD) can be definitively diagnosed only with histopathological findings; in the absence of autopsy, clinical diagnoses of AD are ""possible"" or ""probable"", based on other findings. Up to 23% of those clinically diagnosed with AD may be misdiagnosed and may have pathology suggestive of another condition with symptoms that mimic those of AD.
AD is usually clinically diagnosed based on a person's medical history, observations from friends or relatives, and behavioral changes. The presence of characteristic neuropsychological changes with impairments in at least two cognitive domains that are severe enough to affect a person's functional abilities is required for the diagnosis. Domains that may be impaired include memory (most commonly impaired), language, executive function, visuospatial functioning, or other areas of cognition. The neurocognitive changes must be a decline from a prior level of function, and the diagnosis requires ruling out other common causes of neurocognitive decline. Advanced medical imaging with computed tomography (CT) or magnetic resonance imaging (MRI), and with single-photon emission computed tomography (SPECT) or positron emission tomography (PET), can be used to help exclude other cerebral pathology or subtypes of dementia. On MRI or CT, Alzheimer's disease usually shows a generalised or focal cortical atrophy, which may be asymmetric. Atrophy of the hippocampus is also commonly seen. Brain imaging commonly also shows cerebrovascular disease, most commonly previous strokes (small or large territory strokes), and this is thought to be a contributing cause of many cases of dementia (up to 46% cases of dementia also have cerebrovascular disease on imaging). FDG-PET scan is not required for the diagnosis but it is sometimes used when standard testing is unclear. FDG-PET shows a bilateral, asymmetric, temporal and parietal reduced activity. Advanced imaging may predict conversion from prodromal stages (mild cognitive impairment) to Alzheimer's disease. FDA-approved radiopharmaceutical diagnostic agents used in PET for Alzheimer's disease are florbetapir (2012), flutemetamol (2013), florbetaben (2014), and flortaucipir (2020). Because many insurance companies in the United States do not cover this procedure, its use in clinical practice is largely limited to clinical trials as of 2018.
Assessment of intellectual functioning, including memory testing, can further characterise the disease state. Medical organizations have created diagnostic criteria to ease and standardise the diagnostic process for practising physicians. Definitive diagnosis can only be confirmed with post-mortem evaluations when brain material is available and can be examined histologically for senile plaques and neurofibrillary tangles.


=== Criteria ===
There are three sets of criteria for the clinical diagnoses of the spectrum of Alzheimer's disease: the 2013 fifth edition of the Diagnostic and Statistical Manual of Mental Disorders (DSM-5); the National Institute on Aging-Alzheimer's Association (NIA-AA) definition as revised in 2011; and the International Working Group criteria as revised in 2010.
Eight intellectual domains are most commonly impaired in AD—memory, language, perceptual skills, attention, motor skills, orientation, problem solving and executive functional abilities, as listed in the fourth text revision of the DSM (DSM-IV-TR).
The DSM-5 defines criteria for probable or possible AD for both major and mild neurocognitive disorders. Major or mild neurocognitive disorder must be present along with at least one cognitive deficit for a diagnosis of either probable or possible AD. For major neurocognitive disorder due to AD, probable Alzheimer's disease can be diagnosed if the individual has genetic evidence of AD or if two or more acquired cognitive deficits, and a functional disability that is not from another disorder, are present. Otherwise, possible AD can be diagnosed as the diagnosis follows an atypical route. For mild neurocognitive disorder due to AD, probable Alzheimer's disease can be diagnosed if there is genetic evidence, whereas possible AD can be met if all of the following are present: no genetic evidence, decline in both learning and memory, two or more cognitive deficits, and a functional disability not from another disorder.
The NIA-AA criteria are used mainly in research rather than in clinical assessments. They define AD through three major stages: preclinical, mild cognitive impairment (MCI), and Alzheimer's dementia. Diagnosis in the preclinical stage is complex and focuses on asymptomatic individuals; the latter two stages describe individuals experiencing symptoms, along with biomarkers, predominantly those for neuronal injury (mainly tau-related) and amyloid beta deposition. The core clinical criteria itself rests on the presence of cognitive impairment without the presence of comorbidities. The third stage is divided into probable and possible AD dementia. In probable AD dementia there is steady impairment of cognition over time and a memory-related or non-memory-related cognitive dysfunction. In possible AD dementia, another causal disease such as cerebrovascular disease is present.


=== Techniques ===

Neuropsychological tests including cognitive tests such as the mini–mental state examination (MMSE), the Montreal Cognitive Assessment (MoCA) and the Mini-Cog are widely used to aid in diagnosis of the cognitive impairments in AD. These tests may not always be accurate, as they lack sensitivity to mild cognitive impairment, and can be biased by language or attention problems; more comprehensive test arrays are necessary for high reliability of results, particularly in the earliest stages of the disease.
Further neurological examinations are crucial in the differential diagnosis of Alzheimer's disease and other diseases. Interviews with family members are used in assessment, and caregivers can supply important information on daily living abilities and on the decrease in the person's mental function. A caregiver's viewpoint is particularly important, since a person with Alzheimer's disease is commonly unaware of their deficits. Many times, families have difficulties in the detection of initial dementia symptoms and may not communicate accurate information to a physician.
Supplemental testing can rule out other potentially treatable diagnoses and help avoid misdiagnoses. Common supplemental tests include blood tests, thyroid function tests, as well as tests to assess vitamin B12 levels, rule out neurosyphilis and rule out metabolic problems (including tests for kidney function, electrolyte levels and for diabetes). MRI or CT scans might also be used to rule out other potential causes of the symptoms – including tumors or strokes. Delirium and depression can be common among individuals and are important to rule out.
Psychological tests for depression are used, since depression can either be concurrent with AD (see Depression of Alzheimer disease), an early sign of cognitive impairment, or even the cause.
Due to low accuracy, the C-PIB-PET scan is not recommended as an early diagnostic tool or for predicting the development of AD when people show signs of mild cognitive impairment (MCI). The use of 18F-FDG PET scans, as a single test, to identify people who may develop Alzheimer's disease is not supported by evidence.
In 2025, the US FDA approved a blood test by Fujirebio Diagnostics' Lumipulse G pTau217/ß-Amyloid 1-42 Plasma Ratio diagnostic device for the early detection of amyloid plaques associated with AD in adults aged 55 years and older who are exhibiting signs and symptoms of the disease.


=== Electrophysiology ===
Electroencephalography (EEG) is not routinely used as a primary biomarker for Alzheimer's disease but may assist in the differential diagnosis of cognitive impairment by helping exclude metabolic encephalopathies, Creutzfeldt–Jakob disease, epileptic disorders, and some atypical dementias. EFNS Quantitative EEG studies consistently demonstrate slowing of the dominant posterior rhythm, increased theta and delta activity, reduced alpha power, and disrupted functional connectivity, changes that correlate with disease severity and cognitive decline. Expert consensus considers resting-state EEG a promising non-invasive biomarker for research, patient stratification, and monitoring in clinical trials, although it is not recommended as a substitute for established imaging or fluid biomarkers.
Event-related potentials (ERPs), particularly the P300 component, have also been extensively investigated. Meta-analyses show significantly reduced P300 amplitude in patients with Alzheimer's disease, while prolonged latency has been reported in many studies, reflecting impaired cognitive processing. Despite these findings, variability between recording protocols has limited the routine clinical use of ERP measures, and they remain primarily research tools.


== Prevention ==

There is no disease-modifying treatments proven to cure Alzheimer's disease, and because of this, AD research has focused on interventions to prevent the onset and progression. There is no evidence that supports any particular measure in preventing AD, and studies of measures to prevent the onset or progression have produced inconsistent results. Epidemiological studies have proposed relationships between an individual's likelihood of developing AD and modifiable factors, such as medications, lifestyle, and diet. There are some challenges in determining whether interventions for AD act as a primary prevention method, preventing the disease itself, or a secondary prevention method, identifying the early stages of the disease. These challenges include duration of intervention, different stages of disease at which intervention begins, and lack of standardization of inclusion criteria regarding biomarkers specific for AD. Further research is needed to determine factors that can help prevent AD.


=== Medication ===
Cardiovascular risk factors, such as hypercholesterolaemia, hypertension, diabetes, and smoking, are associated with a higher risk of onset and worsened course of AD. The use of statins to lower cholesterol may be of benefit in AD. Antihypertensive and antidiabetic medications in individuals without overt cognitive impairment may decrease the risk of dementia by influencing cerebrovascular pathology.
Depression is associated with an increased risk for AD; management with antidepressant medications may provide a preventative measure.
Historically, long-term usage of non-steroidal anti-inflammatory drugs (NSAIDs) was thought to be associated with a reduced likelihood of developing AD, as it reduces inflammation. NSAIDs do not appear to be useful as a treatment. Additionally, because women have a higher incidence of AD than men, it was once thought that estrogen deficiency during menopause was a risk factor. There is a lack of evidence to show that hormone replacement therapy (HRT) in menopause decreases the risk of cognitive decline.


=== Lifestyle ===

Certain lifestyle activities, such as physical and cognitive exercises, higher education and occupational attainment, cigarette smoking, stress, sleep, and the management of other comorbidities, including diabetes and hypertension, may affect the risk of developing AD.
Physical exercise is associated with a decreased rate of dementia, and is effective in reducing symptom severity in those with AD. Memory and cognitive functions can be improved with aerobic exercises including brisk walking three times weekly for forty minutes. It may also induce neuroplasticity of the brain. Participating in mental exercises, such as reading, crossword puzzles, and chess have reported potential to be preventive. Meeting the WHO recommendations for physical activity is associated with a lower risk of AD.
Higher education and occupational attainment, and participation in leisure activities, contribute to a reduced risk of developing AD, or of delaying the onset of symptoms. This is compatible with the cognitive reserve theory, which states that some life experiences result in more efficient neural functioning, providing the individual with a cognitive reserve that delays the onset of dementia. Education delays the onset of Alzheimer's disease syndrome without changing the duration of the disease.
Cessation in smoking may reduce the risk of developing AD, specifically in those who carry the APOE ɛ4 allele. The increased oxidative stress caused by smoking results in downstream inflammatory or neurodegenerative processes that may increase risk of developing AD. Avoidance of smoking, counseling and pharmacotherapies to quit smoking are used, and avoidance of environmental tobacco smoke is recommended.
Alzheimer's disease is associated with sleep disorders but the precise relationship is unclear. It was once thought that as people get older, the risk of developing sleep disorders and AD independently increase, but research suggests sleep disorders may be a risk factor for AD. One theory is that the mechanisms to increase clearance of toxic substances, including Aβ, are active during sleep. With decreased sleep, a person is increasing Aβ production and decreasing Aβ clearance, resulting in Aβ accumulation. Receiving adequate sleep (approximately 7–8 hours) every night has become a potential lifestyle intervention to prevent the development of AD.
Stress is a risk factor for the development of AD. The mechanism by which stress predisposes someone to the development of AD is unclear, but it is suggested that lifetime stressors may affect a person's epigenome, leading to an overexpression or underexpression of specific genes. Although the relationship of stress and AD is unclear, strategies to reduce stress and relax the mind may be helpful strategies in preventing the progression or Alzheimer's disease. Meditation, for instance, is a helpful lifestyle change to support cognition and well-being, though further research is needed to assess long-term effects.


== Management ==
There is no cure for Alzheimer's disease; available treatments offer relatively small symptomatic benefits but remain palliative in nature. Treatments can be divided into pharmaceutical, psychosocial, and caregiving.


=== Pharmaceutical ===


==== Symptomatic treatment ====
Medications used to treat the cognitive symptoms of AD rather than the underlying cause include: four acetylcholinesterase inhibitors (tacrine, rivastigmine, galantamine, and donepezil) and memantine, an NMDA receptor antagonist. The acetylcholinesterase inhibitors are intended for those with mild to severe AD, whereas memantine is intended for those with moderate or severe Alzheimer's disease. The benefit from their use is small.
Reduction in the activity of the cholinergic neurons is a well-known feature of AD. Acetylcholinesterase inhibitors are employed to reduce the rate at which the body breaks down acetylcholine (ACh), thereby increasing the concentration of ACh in the brain and combating the loss of ACh caused by the death of cholinergic neurons. Evidence supports medical efficacy in mild to moderate AD, and somewhat in the advanced stage. This does not extend to delaying symptom onset.
Memantine is a noncompetitive NMDA receptor antagonist first used as an anti-influenza agent. It acts on the glutamatergic system by blocking NMDA receptors and inhibiting their overstimulation by glutamate. Memantine has been reported to have a small benefit in the treatment of moderate to severe AD. The combination of memantine and donepezil has been reported to be ""of statistically significant but clinically marginal effectiveness"".
An extract of Ginkgo biloba known as EGb 761 has been used for treating AD and other neuropsychiatric disorders. Its use is approved throughout Europe. An umbrella review and a continuing education article differ as to whether it is effective in the treatment of AD.
Atypical antipsychotics are modestly useful in reducing aggression and psychosis in people with AD, but their advantages are offset by serious adverse effects, such as stroke, movement difficulties, or cognitive decline. They are recommended in dementia only after first-line therapies such as behavior modification have failed, and due to the risk of adverse effects, they should be used for the shortest amount of time possible. Stopping antipsychotic use in this group of people appears to be safe.


==== Side effects ====
The most common side effects are nausea and vomiting, both of which are linked to cholinergic excess. These side effects arise in approximately 10–20% of users, are mild to moderate in severity, and can be managed by slowly adjusting medication doses. Less common secondary effects include muscle cramps, decreased heart rate (bradycardia), decreased appetite and weight, and increased gastric acid production. Reported adverse events with memantine are infrequent and mild, including hallucinations, confusion, dizziness, headache, and fatigue.


==== Antibodies ====
Two monoclonal antibodies have been approved to target amyloid beta – donanemab and lecanemab – but as of 2025, their role in treatment is uncertain because of side effects, questions about efficacy, and cost. Lecanemab is approved in the US, including a boxed warning about amyloid-related imaging abnormalities.
A 2026 meta-analysis found that anti-amyloid antibodies have no effect in the treatment of Alzheimer's disease. A 2026 Cochrane review found no effect or at best small effect.
Anti-amyloid antibodies may cause harmful adverse effects and have been shown to slow disease progression only in individuals with ""early and mild AD, and cognitive benefits were often marginal.""


=== Psychosocial ===
Psychosocial interventions are used as an adjunct to pharmaceutical treatment and can be classified within behavior-, emotion-, cognition- or stimulation-oriented approaches.
Behavioral interventions attempt to identify and reduce the antecedents and consequences of problem behaviors. This approach has not reported success in improving overall functioning, but can help to reduce some specific problem behaviors, such as incontinence. There is a lack of high quality data on the effectiveness of these techniques in other behavior problems such as wandering. Music therapy is effective in reducing behavioral and psychological symptoms.
Emotion-oriented interventions include reminiscence therapy, validation therapy, supportive psychotherapy, sensory integration, also called snoezelen, and simulated presence therapy. A Cochrane review has found no evidence that this is effective. Reminiscence therapy (RT) involves the discussion of past experiences, individually or in groups, many times with the aid of photographs, household items, music and sound recordings, or other familiar items from the past. A 2018 review of the effectiveness of RT found that effects were inconsistent, small in size, and of doubtful clinical significance, and varied by setting. Simulated presence therapy (SPT) is based on attachment theories and involves playing a recording with the voices of the closest relatives of the person with AD. There is partial evidence indicating that SPT may reduce challenging behaviors.
The aim of cognition-oriented treatments, which include reality orientation and cognitive retraining, is the reduction of cognitive deficits. Reality orientation consists of the presentation of information about time, place, or person to ease the understanding of the person about his or her surroundings and his or her place in them. On the other hand, cognitive retraining tries to improve impaired capacities by exercising mental abilities. Both have reported some efficacy in improving cognitive capacities.
Stimulation-oriented treatments include art, music, and pet therapies, exercise, and any other kind of recreational activities. Stimulation has modest support for improving behavior, mood, and, to a lesser extent, function. Nevertheless, as important as these effects are, the main support for the use of stimulation therapies is the change in the person's routine.


=== Caregiving ===

Caregiving is the ongoing physical, social, emotional support provided to people living with dementia, helping them carry out everyday activities. Since AD has no cure and it gradually renders people incapable of tending to their own needs, caregiving is essentially the treatment and must be carefully managed over the course of the disease.
During the early and moderate stages, modifications to the living environment and lifestyle can increase safety and reduce caretaker burden. Examples of such modifications are the adherence to simplified routines, the placing of safety locks, the labeling of household items to cue the person with the disease or the use of modified daily life objects. Per the American Academy of Family Physicians, the use of physical restraints is discouraged. Use of the ""VIPS"" framework ""(Valuing people, Individualised care, Personal perspectives, Social environment)"" has been shown to reduce hours per day of restraint. If eating becomes problematic, food will need to be prepared in smaller pieces or even puréed. When swallowing difficulties arise, the use of feeding tubes may be required. In such cases, the medical efficacy and ethics of continuing feeding is an important consideration of the caregivers and family members.
During the final stages of the disease, treatment is centred on relieving discomfort until death, often with the help of hospice.
The wellbeing of caregivers themselves is an important aspect of AD caregiving. Long-term informal caregiving is associated with wide-ranging impacts on physical and mental health and on financial circumstances, collectively described as caregiver burden. A range of interventions can help alleviate burden and improve caregiver wellbeing. Effective measures include complementary formal services, training and psychoeducation, psychological therapies such as cognitive behavioural therapy, and support groups.


=== Diet ===
Diet may be a modifiable risk factor for the development of Alzheimer's disease, but more research needs to be conducted. The Mediterranean diet, and the DASH diet are both associated with less cognitive decline. A different approach has been to incorporate elements of both of these diets into one known as the MIND diet. 
Results from large-scale epidemiological studies and clinical trials have not demonstrated an independent role for most individual dietary components.


== Prognosis ==
The early stages of AD are difficult to diagnose. A definitive diagnosis is usually made once cognitive impairment compromises daily living activities, although the person may still be living independently. The symptoms will progress from mild cognitive problems, such as memory loss, through increasing stages of cognitive and non-cognitive disturbances, eliminating any possibility of independent living, especially in the late stages of the disease.
Life expectancy of people with AD is reduced. The normal life expectancy for 60 to 70-year-olds is 23 to 15 years; for 90-year-olds, it is 4.5 years. Following AD diagnosis it ranges from 7 to 10 years for those in their 60s and early 70s (a loss of 13 to 8 years), to only about 3 years or less (a loss of 1.5 years) for those in their 90s.
As of 1995, fewer than 3% of people lived more than fourteen years after diagnosis. Disease features significantly associated with reduced survival are increased severity of cognitive impairment, decreased functional level, disturbances in the neurological examination, history of falls, malnutrition, dehydration and weight loss. Other coincident diseases such as heart problems, diabetes, or history of alcohol abuse are also related with shortened survival. While the earlier the age at onset the higher the total survival years, life expectancy is particularly reduced when compared to the healthy population among those who are younger.
Men have a less favorable survival prognosis than women, even after controlling for age and some medical conditions. As of 2025, the reasons for the higher mortality in men are unknown. It has been speculated that men have different dementia risk factors than women, like traumatic brain injury.
Aspiration pneumonia is the most frequent immediate cause of death brought by AD. While the reasons behind the lower prevalence of cancer in AD patients remain unclear, some researchers hypothesize that biological mechanisms shared by both diseases might play a role. However, this requires further investigation.


== Epidemiology ==

In 2020, there were approximately 50 million people worldwide with Alzheimer's disease. The prevalence of AD in populations is dependent upon factors including incidence and survival. Since the incidence of AD increases with age, prevalence depends on the mean age of the population for which prevalence is given. Prevalence rates in less developed regions around the globe are lower. Both the prevalence and incidence rates of AD are steadily increasing, and the prevalence rate is estimated to triple by 2050 reaching 152 million, compared to the 50 million people with AD globally in 2020.
Regarding incidence, where a disease-free population is followed over the years have shown rates between 10 and 15 per thousand person-years for all dementias and 5–8 for AD in Spain and Italy, which means that half of new dementia cases each year are Alzheimer's disease. Advancing age is a primary risk factor for the disease, and incidence rates are not equal for all ages: every 5 years after the age of 65, the risk of acquiring the disease approximately doubles, increasing from 3 to as much as 69 per thousand person-years.


=== Sex difference ===
Women with AD are more common than men. This difference has been thought to be due to women's longer life spans. According to one study, when adjusted for age, both sexes were affected by Alzheimer's at equal rates. However, many studies have found even higher age-adjusted numbers for women, including the Framingham study which found women to have almost twice the lifetime risk of men.
As of 2025, it is unknown why women are more commonly affected by AD, although many theories exist, as mentioned in the section on causes above.
There are also observable differences in the disease course, as tau protein accumulates faster in women than in men. Also, presence of APOE4 increases AD risk more in women than in men. Even if the same amount of AD pathology observed in a woman compared to a man, there is greater cognitive decline in a woman.
This is relevant for therapy, like the timing of anti-tau treatments or menopausal hormone therapy: In the Canadian Longitudinal Study of Aging, women on MHT had higher memory scores than those who were not on MHT.


=== Ethnicity ===
In the United States, the risk of dying from AD in 2010 was 26% higher among the non-Hispanic white population than among the non-Hispanic black population, and the Hispanic population had a 30% lower risk than the non-Hispanic white population. However, much AD research remains to be done in minority groups, such as the African American, East Asian, and Hispanic/Latino populations. Studies have reported that these groups are underrepresented in clinical trials and do not have the same risk of developing AD when carrying certain genetic risk factors (i.e. APOE4), compared to their caucasian counterparts.


=== By country ===


==== United States ====
In the United States in 2020, AD dementia prevalence was estimated to be 5.3% for those in the 60–74 age group, with the rate increasing to 13.8% in the 74–84 group and to 34.6% in those greater than 85.


==== United Kingdom ====
Estimates show that in 2024 there were nearly a million people living with AD and other dementias in the UK, with more than 800 000 in England. This is expected to rise to 1.4 million by 2040, with numbers doubling in England.
In 2022 and 2023, dementia was the leading cause of death in England and Wales.


== History ==

The ancient Greek and Roman philosophers and physicians associated old age with increasing dementia. It was not until 1901 that German psychiatrist Alois Alzheimer identified the first case of what became known as Alzheimer's disease, named after him, in a fifty-year-old woman he called Auguste D. He followed her case until she died in 1906, when he first reported publicly on it. During the next five years, eleven similar cases were reported in the medical literature, some of them already using the term Alzheimer's disease. The disease was first described as a distinctive disease by Emil Kraepelin after suppressing some of the clinical (delusions and hallucinations) and pathological features (arteriosclerotic changes) contained in the original report of Auguste D. He included Alzheimer's disease, also named presenile dementia by Kraepelin, as a subtype of senile dementia in the eighth edition of his Textbook of Psychiatry, published on 15 July 1910.
For most of the 20th century, the diagnosis of Alzheimer's disease was reserved for individuals between the ages of 45 and 65 who developed symptoms of dementia. The terminology changed after 1977 when a conference on Alzheimer's disease concluded that the clinical and pathological manifestations of presenile and senile dementia were almost identical, although the authors also added that this did not rule out the possibility that they had different causes. This eventually led to the diagnosis of Alzheimer's disease independent of age. The term senile dementia of the Alzheimer type (SDAT) was used for a time to describe the condition in those over 65, with classical Alzheimer's disease being used to describe those who were younger. Eventually, the term Alzheimer's disease was formally adopted in medical nomenclature to describe individuals of all ages with a characteristic common symptom pattern, disease course, and neuropathology.
The National Institute of Neurological and Communicative Disorders and Stroke (NINCDS) and the Alzheimer's Disease and Related Disorders Association (ADRDA, now known as the Alzheimer's Association) established the most commonly used NINCDS-ADRDA Alzheimer's Criteria for diagnosis in 1984, extensively updated in 2007. These criteria require that the presence of cognitive impairment, and a suspected dementia syndrome, be confirmed by neuropsychological testing for a clinical diagnosis of possible or probable Alzheimer's disease. A histopathologic confirmation including a microscopic examination of brain tissue is required for a definitive diagnosis. Good statistical reliability and validity have been reported between the diagnostic criteria and definitive histopathological confirmation.


== Society and culture ==


=== Inequalities ===
People living with AD and other forms of dementia and their unpaid carers might face inequalities in access to and the quality of care and support services. These inequalities can depend on various factors, including socio-economic background, housing situation, education level, gender, and race.
People might have differences in how easily they can access AD services based on where they live. On a global level, people in low-and middle-income countries have fewer available facilities and services, and have greater difficulties accessing these than people living in high-income countries. As a result of AD and other forms of dementia being less recognised and treated in the healthcare systems of these countries, the level of awareness of AD as something caused by disease is relatively lower. At the same time, the local socio-cultural understandings of aging, senility, and eldercare may have larger effects on care provision and the reception of medical services.
On a national level, people with AD might have unequal access to care based on where they live. This can manifest on a regional level, with people in rural areas facing more difficulties than those in urban areas. Inequalities can also affect smaller local units as well, for example people living in the same city might receive different or less frequent care based on their postcodes or the street they live in.
Inequalities also affect people with AD from ethnic minority groups. Those coming from a minority background often receive lower quality care, they are less likely to get anti-AD medications compared to their White counterparts. Furthermore, when they are prescribed medication, they are less likely to adhere to the treatment due to various factors and barriers such as the quality of interaction with healthcare providers, distrust in doctors, worries about retaining personal autonomy, stigmas and different beliefs.


=== Social costs ===
Dementia, and specifically Alzheimer's disease, may be among the most costly diseases for societies worldwide. As populations age, these costs will probably increase and become an important social problem and economic burden. Costs associated with AD include direct and indirect medical costs, which vary between countries depending on social care for a person with AD. Direct costs include doctor visits, hospital care, medical treatments, nursing home care, specialised equipment, and household expenses. Indirect costs include the cost of informal care and the loss in productivity of informal caregivers.
In the United States as of 2019, informal (family) care is estimated to constitute nearly three-fourths of caregiving for people with AD at a cost of US$234 billion per year and approximately 18.5 billion hours of care. The cost to society worldwide to care for individuals with AD is projected to increase nearly ten-fold, and reach about US$9.1 trillion by 2050.
Costs for those with more severe dementia or behavioral disturbances are higher and are related to the additional caregiving time to provide physical care.


=== Media ===

Alzheimer's disease has been portrayed in films such as: Iris (2001), based on John Bayley's memoir of his wife Iris Murdoch; The Notebook (2004), based on Nicholas Sparks's 1996 novel of the same name; A Moment to Remember (2004); Thanmathra (2005); Memories of Tomorrow (Ashita no Kioku) (2006), based on Hiroshi Ogiwara's novel of the same name; Away from Her (2006), based on Alice Munro's short story The Bear Came over the Mountain; Still Alice (2014), about a Columbia University professor who has early onset Alzheimer's disease, based on Lisa Genova's 2007 novel of the same name and featuring Julianne Moore in the title role. Documentaries on Alzheimer's disease include Malcolm and Barbara: A Love Story (1999) and Malcolm and Barbara: Love's Farewell (2007), both featuring Malcolm Pointon.
Alzheimer's disease has also been portrayed in music by English musician the Caretaker in releases such as Persistent Repetition of Phrases (2008), An Empty Bliss Beyond This World (2011), and Everywhere at the End of Time (2016–2019). Paintings depicting the disorder include the late works by American artist William Utermohlen, who drew self-portraits from 1995 to 2000 as an experiment of showing his disease through art.


== Research ==
Specific medications that may reduce the risk or progression of Alzheimer's disease include those that impact Aβ plaques, inflammation, APOE, neurotransmitter receptors, neurogenesis, growth factors or hormones.
Machine learning algorithms with electronic health records are studied as a way to predict Alzheimer's disease earlier.
As of 2025, 182 clinical trials were testing 138 drugs against multiple targets.


== References ==


== External links ==

""Alzheimer's Disease Research Timeline – Alzforum"". www.alzforum.org.
""Alzheimer's Disease Brain Cell Atlas- brain-map.org"". portal.brain-map.org.
""What's the deal with Alzheimer's disease and amyloid?"". For decades, scientists have concentrated on what now looks to be a blind alley. The Amyloid Mafia.  Jonathan M. Gitlin, Ars Technica, Apr 15, 2026",https://en.wikipedia.org/wiki/Alzheimer%27s_disease
Alzheimer's Disease,Alzheimer's disease,"Alzheimer's disease (AD) is a neurodegenerative disease and is the most common cause of dementia, accounting for around 60–70% of cases. The most common early symptom is difficulty in remembering recent events. As the disease advances, symptoms can include problems with language, disorientation (including easily getting lost), mood swings, loss of motivation, self-neglect, and behavioral issues. As a person's condition declines, they often withdraw from family and society. Gradually, bodily functions are lost, ultimately leading to death. The median life expectancy following diagnosis of dementia is three to twelve years. Co-occurring movement disorder, also known as extrapyramidal signs, multiplies risk of death by 1.6.
The causes of Alzheimer's disease remain poorly understood. There are many environmental and genetic risk factors associated with its development. The strongest genetic risk factor is from an allele of apolipoprotein E, a protein involved in the metabolism of fats in mammals. Other risk factors include a history of head injury, clinical depression, and high blood pressure. The progression of the disease is largely characterised by the accumulation of malformed protein deposits in the cerebral cortex, called amyloid plaques and neurofibrillary tangles. These misfolded protein aggregates interfere with normal cell function, and over time lead to irreversible degeneration of neurons and loss of synaptic connections in the brain. A probable diagnosis is based on the history of the illness and cognitive testing, with medical imaging and blood tests to rule out other possible causes. Initial symptoms are often mistaken for normal brain aging. Examination of brain tissue post mortem is the only way to definitively diagnose Alzheimer's, but neuroimaging techniques and fluid biomarkers have made it possible to diagnose probable Alzheimer's disease in vivo.
No known treatments can stop or reverse its progression, though some may temporarily improve symptoms. A healthy diet, physical activity, and social engagement are generally beneficial in aging, and may help in reducing the risk of cognitive decline and Alzheimer's. Affected people become increasingly reliant on others for assistance, often placing a burden on caregivers. The pressures can include social, psychological, physical, and economic elements. Exercise programs may be beneficial with respect to activities of daily living and can potentially improve outcomes. Behavioral problems or psychosis due to dementia are sometimes treated with antipsychotics, but this has an increased risk of early death.
As of 2020, there were approximately 50 million people worldwide with Alzheimer's disease. It most often begins in people over 65 years of age, although up to 10% of cases are early-onset impacting those in their 30s to mid-60s. It affects about 6% of people 65 years and older, and women more often than men. The disease is named after German psychiatrist and pathologist Alois Alzheimer, who first described it in 1906. Alzheimer's financial burden on society is large, with an estimated global annual cost of US$1 trillion. Alzheimer's and related dementias are ranked as the seventh leading cause of death worldwide. 
Given the widespread impacts of Alzheimer's disease, both basic-science and health funders in many countries support Alzheimer's research at large scales. For example, the US National Institutes of Health program for Alzheimer's research, the National Plan to Address Alzheimer's Disease, has a budget of US$3.98 billion for fiscal year 2026. In the European Union, the 2020 Horizon Europe research programme awarded over €570 million for dementia-related projects.","Alzheimer's disease (AD) is a neurodegenerative disease and is the most common cause of dementia, accounting for around 60–70% of cases. The most common early symptom is difficulty in remembering recent events. As the disease advances, symptoms can include problems with language, disorientation (including easily getting lost), mood swings, loss of motivation, self-neglect, and behavioral issues. As a person's condition declines, they often withdraw from family and society. Gradually, bodily functions are lost, ultimately leading to death. The median life expectancy following diagnosis of dementia is three to twelve years. Co-occurring movement disorder, also known as extrapyramidal signs, multiplies risk of death by 1.6.
The causes of Alzheimer's disease remain poorly understood. There are many environmental and genetic risk factors associated with its development. The strongest genetic risk factor is from an allele of apolipoprotein E, a protein involved in the metabolism of fats in mammals. Other risk factors include a history of head injury, clinical depression, and high blood pressure. The progression of the disease is largely characterised by the accumulation of malformed protein deposits in the cerebral cortex, called amyloid plaques and neurofibrillary tangles. These misfolded protein aggregates interfere with normal cell function, and over time lead to irreversible degeneration of neurons and loss of synaptic connections in the brain. A probable diagnosis is based on the history of the illness and cognitive testing, with medical imaging and blood tests to rule out other possible causes. Initial symptoms are often mistaken for normal brain aging. Examination of brain tissue post mortem is the only way to definitively diagnose Alzheimer's, but neuroimaging techniques and fluid biomarkers have made it possible to diagnose probable Alzheimer's disease in vivo.
No known treatments can stop or reverse its progression, though some may temporarily improve symptoms. A healthy diet, physical activity, and social engagement are generally beneficial in aging, and may help in reducing the risk of cognitive decline and Alzheimer's. Affected people become increasingly reliant on others for assistance, often placing a burden on caregivers. The pressures can include social, psychological, physical, and economic elements. Exercise programs may be beneficial with respect to activities of daily living and can potentially improve outcomes. Behavioral problems or psychosis due to dementia are sometimes treated with antipsychotics, but this has an increased risk of early death.
As of 2020, there were approximately 50 million people worldwide with Alzheimer's disease. It most often begins in people over 65 years of age, although up to 10% of cases are early-onset impacting those in their 30s to mid-60s. It affects about 6% of people 65 years and older, and women more often than men. The disease is named after German psychiatrist and pathologist Alois Alzheimer, who first described it in 1906. Alzheimer's financial burden on society is large, with an estimated global annual cost of US$1 trillion. Alzheimer's and related dementias are ranked as the seventh leading cause of death worldwide. 
Given the widespread impacts of Alzheimer's disease, both basic-science and health funders in many countries support Alzheimer's research at large scales. For example, the US National Institutes of Health program for Alzheimer's research, the National Plan to Address Alzheimer's Disease, has a budget of US$3.98 billion for fiscal year 2026. In the European Union, the 2020 Horizon Europe research programme awarded over €570 million for dementia-related projects.


== Signs and symptoms ==
The course of Alzheimer's is generally described in three stages, with a progressive pattern of cognitive and functional impairment. The three stages are described as early or mild, middle or moderate, and late or severe. The disease is known to target the hippocampus, which is associated with memory, and this is likely to be responsible for the first symptoms of memory impairment. As the disease progresses, so does the degree of memory impairment.


=== First symptoms ===

The first symptoms are often mistakenly attributed to aging or stress. Detailed neuropsychological testing can reveal mild cognitive difficulties up to eight years before a person fulfills the clinical criteria for diagnosis of Alzheimer's disease. These early symptoms can affect the most complex activities of daily living. The most noticeable deficit is short term memory loss, which shows up as difficulty in remembering recently learned facts and inability to acquire new information.
Subtle problems with the executive functions of attentiveness, planning, flexibility, and abstract thinking, or impairments in semantic memory (memory of meanings and concept relationships) can also be symptomatic of the early stages of Alzheimer's disease. Apathy and depression can be seen at this stage, with apathy remaining as the most persistent symptom throughout the course of the disease. People with objective signs of cognitive impairment, but not more severe symptoms, may be diagnosed with mild cognitive impairment (MCI). If memory loss is the predominant symptom of MCI, it is termed amnestic MCI and is frequently seen as a prodromal or early stage of Alzheimer's disease. Amnestic MCI has a greater than 90% likelihood of being associated with Alzheimer's.


=== Early stage ===
In people with early stage Alzheimer's disease, there is increasing impairment of learning and memory. In a small percentage, difficulties with language, executive functions, perception (agnosia), or execution of movements (apraxia) are more prominent than memory problems. Alzheimer's disease does not affect all memory capacities equally. Older memories of the person's life (episodic memory), facts learned (semantic memory), and implicit memory (the memory of the body on how to do things, such as using a fork to eat or how to drink from a glass) are affected to a lesser degree than new facts or memories.
Language problems are mainly characterised by a shrinking vocabulary and decreased word fluency, leading to a general impoverishment of oral and written language. In this stage, the person with Alzheimer's is usually capable of communicating basic ideas adequately. While performing fine motor tasks such as writing, drawing, or dressing, certain movement coordination and planning difficulties (apraxia) may be present; however, they are commonly unnoticed. As the disease progresses, people with Alzheimer's disease can often continue to perform many tasks independently; however, they may need assistance or supervision with the most cognitively demanding activities.


=== Middle stage ===
Progressive deterioration eventually hinders independence, with subjects being unable to perform the most common activities of daily living. Speech difficulties become evident due to an inability to recall vocabulary, which leads to frequent incorrect word substitutions (paraphasias). Reading and writing skills are also progressively lost. Complex motor sequences become less coordinated as time passes and Alzheimer's disease progresses, so the risk of falling increases. During this phase, memory problems worsen, and the person may fail to recognise close relatives. Long-term memory, which was previously intact, becomes impaired.
Behavioral and neuropsychiatric changes become more prevalent. Common manifestations are wandering, irritability and emotional lability, leading to crying, outbursts of unpremeditated aggression, or resistance to caregiving. Sundowning can also appear. Approximately 30% of people with Alzheimer's disease develop illusionary misidentifications and other delusional symptoms. Subjects also lose insight of their disease process and limitations (anosognosia). Urinary incontinence can develop. These symptoms create stress for relatives and caregivers, which can be reduced by moving the person from home care to other long-term care facilities.


=== Late stage ===
During the final stage, known as the late-stage or severe stage, there is complete dependence on caregivers. Language is reduced to simple phrases or even single words, eventually leading to complete loss of speech. Despite the loss of verbal language abilities, people can often understand and return emotional signals. Although aggressiveness can still be present, extreme apathy and exhaustion are much more common symptoms. People with Alzheimer's disease will ultimately not be able to perform even the simplest tasks independently; muscle mass and mobility deteriorate to the point where they are bedridden and unable to feed themselves. The cause of death is usually an external factor, such as infection of pressure ulcers or pneumonia, not the disease itself. In some cases, there is a paradoxical lucidity immediately before death, where there is an unexpected recovery of mental clarity.


== Causes ==

Alzheimer's disease is believed to occur when abnormal amounts of amyloid beta (Aβ), accumulating extracellularly as amyloid plaques, or tau proteins, accumulating intracellularly as neurofibrillary tangles, form in the brain, affecting neuronal functioning and connectivity, resulting in a progressive loss of brain function. This altered protein clearance ability is age-related, regulated by brain cholesterol, and associated with other neurodegenerative diseases.
Deterministic causes for most Alzheimer's cases are still mostly unknown, except for 1–2% of cases where deterministic genetic differences have been identified. Predisposing causes (also known as ""risk factors"") such as hearing impairment and smoking are increasingly documented. Several unifying hypotheses attempt to explain underlying causes; the most predominant are the amyloid beta (Aβ) hypothesis, and the tau hypothesis.


=== Genetic ===


==== Late onset ====
Late-onset Alzheimer's is about 70% heritable. Most cases of Alzheimer's are not familial, and so they are termed sporadic Alzheimer's disease. Of the cases of sporadic Alzheimer's disease, most are classified as late onset where they are developed after the age of 65 years.
The strongest genetic risk factor for sporadic Alzheimer's disease is APOEε4. APOEε4 is one of the three major alleles of apolipoprotein E (APOE). APOE plays a major role in lipid-binding proteins in lipoprotein particles and the ε4 allele disrupts this function. Between 40% and 80% of people with Alzheimer's disease possess at least one APOEε4 allele. The APOEε4 allele increases the risk of the disease by three times in heterozygotes and by 15 times in homozygotes. Like many human diseases, environmental effects and genetic modifiers result in incomplete penetrance. For example, Nigerian Yoruba people do not show the relationship between the dose of APOEε4 and incidence or age-of-onset for Alzheimer's disease seen in other human populations.


==== Early onset ====

Only 1–2% of Alzheimer's cases are inherited due to autosomal dominant mutations, as Alzheimer's disease is substantially polygenic. When autosomal dominant variants cause the disease, it is known as early-onset familial Alzheimer's disease, which is rarer and tends to progress more rapidly. Less than 5% of sporadic Alzheimer's disease have an earlier onset, and early-onset Alzheimer's is about 90% heritable. Familial Alzheimer's disease usually implies two or more persons affected in one or more generations.
Early onset familial Alzheimer's disease can be attributed to mutations in one of three genes: those encoding amyloid-beta precursor protein (APP) and presenilins PSEN1 and PSEN2. Most mutations in the APP and presenilin genes increase the production of a small protein called amyloid beta (Aβ)42, which is the main component of amyloid plaques. Some of the mutations merely alter the ratio between Aβ42 and the other major forms—particularly Aβ40—without increasing total Aβ levels in the brain. Two other genes associated with autosomal dominant Alzheimer's disease are ABCA7 and SORL1.
Alleles in the TREM2 gene have been associated with a three to five times higher risk of developing Alzheimer's disease.
A Japanese pedigree of familial Alzheimer's disease was found to be associated with a deletion mutation of codon 693 of APP. This mutation and its association with Alzheimer's disease was first reported in 2008, and is known as the Osaka mutation. Only homozygotes with this mutation have an increased risk of developing Alzheimer's disease. This mutation accelerates Aβ oligomerization, but the proteins do not form the amyloid fibrils that aggregate into amyloid plaques, suggesting that Aβ oligomerization rather than the fibrils may be the cause of this disease. Mice expressing this mutation have all the usual pathologies of Alzheimer's disease.


=== Hypotheses ===


==== Misfolded protein ====

Two abnormal proteins define the pathology of Alzheimer's disease: amyloid beta protein (Aβ) in amyloid plaques and tau protein in neurofibrillary tangles. These proteins share two features that promote their ability to cause disease: They both become abnormal by misfolding, that is, by assuming a shape that is rich in beta sheets; and they proliferate in the brain by the prion-like mechanism of seeded protein aggregation. The presence of these abnormal proteins in Alzheimer's disease has spawned two hypotheses of the proteopathic origin of the disease: The amyloid (or Aβ) hypothesis, and the tau hypothesis.
The amyloid hypothesis, also known as the ""amyloid cascade hypothesis"" or ""Aβ cascade hypothesis"", holds that the accumulation of misfolded Aβ in the brain is the fundamental cause of Alzheimer's disease. In the amyloid cascade, the buildup of abnormal Aβ leads to tauopathy and eventually the complex degenerative changes of advanced Alzheimer's disease. Abnormal Aβ is thought to damage the brain by directly interacting with cells, as well as indirectly, for example by causing oxidative stress and neuroinflammation.
The amyloid hypothesis is supported by evidence from genetics and biomarkers. All autosomal dominant genetic causes of Alzheimer's disease affect either the amyloid precursor protein (APP) on chromosome 21 or the enzymes that generate Aβ, known as presenilin 1 and presenilin 2. In addition, people with trisomy 21 (Down syndrome), most of whom have an extra copy of the gene for APP, almost universally develop the symptoms and neuropathology of Alzheimer's disease by 40 years of age. Conversely, people with a rare mutation in the APP gene that reduces the production of Aβ and its tendency to aggregate are protected against Alzheimer's disease. Additionally, a major genetic risk factor for Alzheimer's disease is a specific isoform of apolipoprotein E, APOE4. Of the three major isoforms (APOE2, APOE3 and APOE4), APOE4 is linked to the least efficient removal of Aβ by astrocytes, which promotes the buildup of Aβ in the brain. The most efficient clearance of Aβ is achieved by cells bearing the APOE2 isoform, which protects against Alzheimer's disease. Evidence from biomarkers such as imaging of protein deposits in the brain and measurement of brain-derived substances in cerebrospinal fluid and blood implicates abnormalities of Aβ as the earliest and most robust disease-specific change in Alzheimer's disease.
The tau hypothesis proposes that abnormalities of the tau protein initiate the disease cascade, at least in cases of idiopathic Alzheimer's disease. The tau hypothesis is supported by the histopathological findings of Heiko Braak and colleagues that tauopathy can be detected in certain neurons before Aβ plaques are evident. Specifically, Alzheimer's starts with the hyperphosphorylation of tau in specific vulnerable neuronal populations such as the locus coeruleus and projection neurons of the association cortex. There is agreement in the research community that tau contributes strongly to dementia in Alzheimer's disease. Tauopathy occurs in over 30 diseases in addition to Alzheimer's disease. In addition, mutations of the gene for tau (MAPT) cause neurodegenerative disorders known as primary tauopathies, but these diseases occur in the absence of Aβ proteopathy. Current evidence thus favors abnormal Aβ as the prime mover of Alzheimer's disease. However, the Aβ hypothesis and tau hypothesis are not mutually exclusive, in that abnormalities of Aβ initiate the disease and tauopathy is required for its complete expression.


=== Hormonal ===
Because women have a higher incidence of AD than men, it has been thought that estrogen deficiency during menopause is a risk factor.
In a 2025 analysis of the Canadian Longitudinal Study on Aging, earlier age at menopause was linked with lower cognitive performance.


==== Infection ====
The possibility that infectious agents cause Alzheimer's disease has been considered since the early 20th century, when Oskar Fischer likened amyloid plaques to small masses (called 'Drusen') of a microbe called actinomyces. Since then, at least 15 different agents, including bacteria, viruses, fungi and protozoa, have been proposed to cause Alzheimer's disease. No definitive evidence has been presented that a specific infectious agent is necessary and sufficient to cause Alzheimer's disease. However, it is possible that microbial infections might act as risk factors for the disease. For example, human herpes viruses such as HSV-1, HHV-6, and HHV-7 have been linked to the risk of Alzheimer's disease. In addition, some pathogens have been reported to seed Aβ deposition in the brain, and aggregated Aβ has antimicrobial properties, suggesting that Aβ plaques might form when brain cells generate Aβ to fight infection. Researchers caution that brain infections can cause dementia by mechanisms unrelated to Alzheimer's disease.


==== DNA damage ====
DNA damage accumulates in affected brains; reactive oxygen species may be the major source of this DNA damage.


==== Cholinergic ====
The cholinergic hypothesis proposes that the loss of neurons in the basal forebrain, which produce the neurotransmitter acetylcholine, is a key event in the pathogenesis of Alzheimer's disease. These cells supply acetylcholine to synapses in the limbic system and cerebral cortex. The cholinergic hypothesis led to the development of drugs that increase acetylcholine in the brains of Alzheimer patients. The efficacy of these agents is limited, probably because many other neurotransmitter systems degenerate in Alzheimer's disease.


==== Sleep ====
Sleep disturbances are seen as a possible risk factor for inflammation in Alzheimer's disease. Sleep disruption was previously only seen as a consequence of Alzheimer's disease, but as of 2020, accumulating evidence suggests that this relationship may be bidirectional.


==== Neuroinflammation, metal toxicity, smoking, and air pollution ====
Systemic markers of the innate immune system are risk factors for late-onset Alzheimer's disease, and misfolded Aβ and tau proteins both are associated with oxidative stress and neuroinflammation. Chronic inflammation also is a feature of other neurodegenerative diseases, including Parkinson's disease, and ALS. The cellular homeostasis of biometals such as ionic copper, iron, and zinc is disrupted in Alzheimer's disease, though it remains unclear whether this is produced by or causes the changes in proteins. Smoking is a significant Alzheimer's disease risk factor. Exposure to air pollution may be a contributing factor to the development of Alzheimer's disease.


==== Age-related myelin decline ====
Retrogenesis is a medical hypothesis that just as the fetus goes through a process of neurodevelopment beginning with neurulation and ending with myelination, the brains of people with Alzheimer's disease go through a reverse neurodegeneration process starting with demyelination and death of axons (white matter) and ending with the death of grey matter. Likewise the hypothesis is, that as infants go through states of cognitive development, people with Alzheimer's disease go through the reverse process of progressive cognitive impairment.
According to one theory, dysfunction of oligodendrocytes and their associated myelin during aging contributes to axon damage, which in turn generates amyloid production and tau hyperphosphorylation. Comorbidities between the demyelinating disease, multiple sclerosis, and Alzheimer's disease have been reported.


==== Other hypotheses ====

The association with celiac disease is unclear, with a 2019 study finding no increase in dementia overall in those with celiac disease, while a 2018 review found an association with several types of dementia, including Alzheimer's disease.
Some studies have reported a potential link between infection with certain viruses and developing Alzheimer's disease later in life, such as COVID-19 or Herpes simplex virus 1 (HSV-1).
Some researchers have proposed that Alzheimer's disease is type 3 diabetes because of a number of correspondences with both type 1 and type 2 diabetes.


== Pathophysiology ==


=== Neuropathology ===

The gross (macroscopic) appearance of the brain in Alzheimer's disease is variable. In many cases the cortical sulci are widened and the gyri are shrunken, but the degree of cortical atrophy varies. It can sometimes be difficult to discern, particularly in the very elderly. The areas most affected by atrophy are the medial temporal lobe including the hippocampal formation, the amygdala, the frontal lobe and the parietal lobe; the occipital lobe is relatively unaffected by atrophy. The volume of the ventricles increases in parallel with cortical shrinkage. Studies using MRI and PET have documented reductions in the size of specific brain regions in people with Alzheimer's disease as they progress from mild cognitive impairment to Alzheimer's disease, and in comparison with similar images from healthy older adults. These macroscopic changes in the brain are not specific to Alzheimer's and can occur in other disorders and to some extent in normal aging.
At the microscopic level, the defining histopathologic characteristics of Alzheimer's disease are abundant amyloid plaques and neurofibrillary tangles in certain brain regions. Both of these abnormalities are clearly visible by microscopy, and amyloid imaging. In the early stages of disease, tangles are present mainly in the medial temporal lobe and plaques are present mainly in the neocortex, but as the disease progresses the lesions proliferate throughout much of the brain. Although it was once thought that Alzheimer's disease can occur without neurofibrillary tangles in the neocortex, newer methods have shown that dementia in these cases can be linked to a comorbid condition, often Lewy body disease.
Aβ plaques are dense, mostly insoluble deposits of amyloid beta peptide and cellular material outside and around neurons. Neurofibrillary tangles are aggregates of the microtubule-associated protein tau which has become hyperphosphorylated and accumulates inside neurons. Although many older individuals develop some plaques and tangles as a consequence of aging, the brains of people with Alzheimer's disease have a greater number of them in specific brain regions.

In addition to plaques and tangles, other neuropathological changes contribute to the clinicopathological features of advanced Alzheimer's disease. These include cerebral Aβ-amyloid angiopathy (CAA), inflammation, and the loss of neurons and synapses. The disappearance of neurons and their synapses is a particularly prominent correlate of dementia, although not all cells are affected equally. Selective vulnerability - that is, why certain neurons and synapses are affected, and others spared - is an important unanswered question.
In more than half of the cases examined neuropathologically, and especially in very old people, the pathology of Alzheimer's disease is accompanied by lesions that are characteristic of other brain disorders. The most common of these comorbid conditions are vascular disease, Lewy body disease, and TDP-43 proteinopathy. This mixed pathology can complicate both diagnosis and the evaluation of clinical trials, which often target only one of several potential contributors to dementia.


=== Biochemistry ===


==== Amyloid beta (Aβ) ====
Alzheimer's disease has been identified as a protein misfolding disease, a proteopathy, caused by the accumulation of abnormally folded Aβ protein into amyloid plaques, and tau protein into neurofibrillary tangles in the brain. Plaques are made up of small peptides, 39–43 amino acids in length, called Aβ. Aβ is a fragment derived from the larger Aβ precursor protein (APP), a transmembrane protein that penetrates the cell's membrane. APP is critical to neuronal growth, survival, and post-injury repair. In Alzheimer's disease, the enzymes gamma secretase and beta secretase act together in a proteolytic process that divides APP into smaller fragments. One of these fragments is Aβ, which misfolds and self-assembles into fibrils; these fibrils form clumps that deposit outside neurons in dense formations known as Aβ plaques. Excitatory neurons are known to be major producers of Aβ that contribute to extracellular plaque deposition.


==== Phosphorylated tau ====
Alzheimer's disease is also considered a tauopathy due to the abnormal aggregation of the tau protein within cells. Every neuron has a cytoskeleton, an internal support structure partly made up of organelles called microtubules. These microtubules act like tracks, guiding nutrients and molecules from the body of the cell to the ends of the axon and back. The tau protein stabilises the microtubules when phosphorylated, and it is therefore called a microtubule-associated protein. In Alzheimer's disease, tau undergoes chemical changes, becoming hyperphosphorylated; it then begins to pair with other threads, creating neurofibrillary tangles and disintegrating the neuron's transport system. Pathogenic tau can also cause neuronal death through transposable element dysregulation. Necroptosis has also been reported as a mechanism of cell death in brain cells affected with tau tangles.


=== Disease mechanism ===
Exactly how disturbances of production and aggregation of the Aβ peptide give rise to the pathology of Alzheimer's disease is not known. The amyloid hypothesis (also known as the 'amyloid cascade hypothesis') posits that the accumulation of abnormally shaped Aβ peptides is the central event triggering the sequence of changes that eventually lead to neurodegeneration and dementia. Misfolded Aβ accumulates in the brain because it causes normal Aβ molecules to similarly misfold by a prion-like 'seeding' mechanism. The aggregated Aβ takes the form of small oligomers (which are particularly toxic to neurons) and amyloid fibrils, the long polymers that are the main components of Aβ plaques. Some researchers have argued that the amyloid fibrils bind up smaller oligomers and thus protect brain cells from the injurious effects of the oligomers. However, the plaques are not benign inasmuch as they are associated with abnormal neuronal processes and local inflammation. Whatever the relative influence of Aβ oligomers and fibrils, the presence of aggregated Aβ is associated with the disruption of neuronal metabolism and various other changes such as inflammation. Aβ also selectively builds up in mitochondria in the cells of Alzheimer's-affected brains, and it inhibits certain enzyme functions and the utilisation of glucose by neurons.
Evidence supports Aβ as playing a central role in the pathogenesis of Alzheimer's disease. As the disease progresses, the brain undergoes a complex assortment of cellular and molecular changes, including (in addition to tauopathy) inflammation, oxidative/nitrative stress, DNA damage, epigenetic changes, excitotoxicity, endosomal/lysosomal failure, dysproteostasis, autophagy failure, lipid dysmetabolism, calcium ion (Ca2+) dyshomeostasis, post-translational protein modifications, neuronal cell cycle re-entry, mitochondrial failure, cytoskeletal disruption, glucose dysmetabolism, vascular or lymphatic impairments, and biometal dyshomeostasis. Iron dyshomeostasis is linked to disease progression in which an iron-dependent form of regulated cell death called ferroptosis could be involved. Products of lipid peroxidation are also elevated in the Alzheimer's brain compared with controls.
Various inflammatory processes and cytokines also play a role in the pathology of Alzheimer's disease. Inflammation is a general marker of tissue damage in any disease, and may be either secondary to tissue damage in Alzheimer's disease or a marker of an immunological response. Cells that mediate neuroinflammation in Alzheimer's include microglia, astrocytes, oligodendrocytes, lymphocytes and myeloid cells. There is increasing evidence of a strong interaction between neurons and the immunological mechanisms in the brain. Obesity and systemic inflammation may interfere with immunological processes which promote disease progression. Microglia are especially important actors in the Alzheimer's-related inflammation. Microglia are the principal immunological cells of the central nervous system, serving as the tissue-resident macrophages of the brain; they are capable of recognizing and taking up Aβ through multiple pattern recognition receptors, making them central to amyloid clearance within the brain. However, microglia can also be a major source of pro-inflammatory mediators which can be deleterious to neurological function. Microglia are topographically associated with aberrant deposits of tau and Aβ within the brain, even when each pathologic component occurs in distinct brain regions. Microglial activation has been documented in people with mild cognitive impairment, despite a lack of detectable binding of a PET tracer for Aβ in the brain, suggesting that microglial dysfunction may precede plaque deposition as an inciting event in AD.
Alterations in the distribution of different neurotrophic factors and in the expression of their receptors, such as the brain-derived neurotrophic factor (BDNF), have been described in Alzheimer's disease.
By the time the symptoms of Alzheimer's first appear, the complex degenerative mechanisms in the brain have been active for many years. The absent or minor effect on cognitive function of monoclonal antibodies that promote Aβ clearance suggests reconsideration of the amyloid cascade hypothesis.


== Diagnosis ==

Alzheimer's disease (AD) can be definitively diagnosed only with histopathological findings; in the absence of autopsy, clinical diagnoses of AD are ""possible"" or ""probable"", based on other findings. Up to 23% of those clinically diagnosed with AD may be misdiagnosed and may have pathology suggestive of another condition with symptoms that mimic those of AD.
AD is usually clinically diagnosed based on a person's medical history, observations from friends or relatives, and behavioral changes. The presence of characteristic neuropsychological changes with impairments in at least two cognitive domains that are severe enough to affect a person's functional abilities is required for the diagnosis. Domains that may be impaired include memory (most commonly impaired), language, executive function, visuospatial functioning, or other areas of cognition. The neurocognitive changes must be a decline from a prior level of function, and the diagnosis requires ruling out other common causes of neurocognitive decline. Advanced medical imaging with computed tomography (CT) or magnetic resonance imaging (MRI), and with single-photon emission computed tomography (SPECT) or positron emission tomography (PET), can be used to help exclude other cerebral pathology or subtypes of dementia. On MRI or CT, Alzheimer's disease usually shows a generalised or focal cortical atrophy, which may be asymmetric. Atrophy of the hippocampus is also commonly seen. Brain imaging commonly also shows cerebrovascular disease, most commonly previous strokes (small or large territory strokes), and this is thought to be a contributing cause of many cases of dementia (up to 46% cases of dementia also have cerebrovascular disease on imaging). FDG-PET scan is not required for the diagnosis but it is sometimes used when standard testing is unclear. FDG-PET shows a bilateral, asymmetric, temporal and parietal reduced activity. Advanced imaging may predict conversion from prodromal stages (mild cognitive impairment) to Alzheimer's disease. FDA-approved radiopharmaceutical diagnostic agents used in PET for Alzheimer's disease are florbetapir (2012), flutemetamol (2013), florbetaben (2014), and flortaucipir (2020). Because many insurance companies in the United States do not cover this procedure, its use in clinical practice is largely limited to clinical trials as of 2018.
Assessment of intellectual functioning, including memory testing, can further characterise the disease state. Medical organizations have created diagnostic criteria to ease and standardise the diagnostic process for practising physicians. Definitive diagnosis can only be confirmed with post-mortem evaluations when brain material is available and can be examined histologically for senile plaques and neurofibrillary tangles.


=== Criteria ===
There are three sets of criteria for the clinical diagnoses of the spectrum of Alzheimer's disease: the 2013 fifth edition of the Diagnostic and Statistical Manual of Mental Disorders (DSM-5); the National Institute on Aging-Alzheimer's Association (NIA-AA) definition as revised in 2011; and the International Working Group criteria as revised in 2010.
Eight intellectual domains are most commonly impaired in AD—memory, language, perceptual skills, attention, motor skills, orientation, problem solving and executive functional abilities, as listed in the fourth text revision of the DSM (DSM-IV-TR).
The DSM-5 defines criteria for probable or possible AD for both major and mild neurocognitive disorders. Major or mild neurocognitive disorder must be present along with at least one cognitive deficit for a diagnosis of either probable or possible AD. For major neurocognitive disorder due to AD, probable Alzheimer's disease can be diagnosed if the individual has genetic evidence of AD or if two or more acquired cognitive deficits, and a functional disability that is not from another disorder, are present. Otherwise, possible AD can be diagnosed as the diagnosis follows an atypical route. For mild neurocognitive disorder due to AD, probable Alzheimer's disease can be diagnosed if there is genetic evidence, whereas possible AD can be met if all of the following are present: no genetic evidence, decline in both learning and memory, two or more cognitive deficits, and a functional disability not from another disorder.
The NIA-AA criteria are used mainly in research rather than in clinical assessments. They define AD through three major stages: preclinical, mild cognitive impairment (MCI), and Alzheimer's dementia. Diagnosis in the preclinical stage is complex and focuses on asymptomatic individuals; the latter two stages describe individuals experiencing symptoms, along with biomarkers, predominantly those for neuronal injury (mainly tau-related) and amyloid beta deposition. The core clinical criteria itself rests on the presence of cognitive impairment without the presence of comorbidities. The third stage is divided into probable and possible AD dementia. In probable AD dementia there is steady impairment of cognition over time and a memory-related or non-memory-related cognitive dysfunction. In possible AD dementia, another causal disease such as cerebrovascular disease is present.


=== Techniques ===

Neuropsychological tests including cognitive tests such as the mini–mental state examination (MMSE), the Montreal Cognitive Assessment (MoCA) and the Mini-Cog are widely used to aid in diagnosis of the cognitive impairments in AD. These tests may not always be accurate, as they lack sensitivity to mild cognitive impairment, and can be biased by language or attention problems; more comprehensive test arrays are necessary for high reliability of results, particularly in the earliest stages of the disease.
Further neurological examinations are crucial in the differential diagnosis of Alzheimer's disease and other diseases. Interviews with family members are used in assessment, and caregivers can supply important information on daily living abilities and on the decrease in the person's mental function. A caregiver's viewpoint is particularly important, since a person with Alzheimer's disease is commonly unaware of their deficits. Many times, families have difficulties in the detection of initial dementia symptoms and may not communicate accurate information to a physician.
Supplemental testing can rule out other potentially treatable diagnoses and help avoid misdiagnoses. Common supplemental tests include blood tests, thyroid function tests, as well as tests to assess vitamin B12 levels, rule out neurosyphilis and rule out metabolic problems (including tests for kidney function, electrolyte levels and for diabetes). MRI or CT scans might also be used to rule out other potential causes of the symptoms – including tumors or strokes. Delirium and depression can be common among individuals and are important to rule out.
Psychological tests for depression are used, since depression can either be concurrent with AD (see Depression of Alzheimer disease), an early sign of cognitive impairment, or even the cause.
Due to low accuracy, the C-PIB-PET scan is not recommended as an early diagnostic tool or for predicting the development of AD when people show signs of mild cognitive impairment (MCI). The use of 18F-FDG PET scans, as a single test, to identify people who may develop Alzheimer's disease is not supported by evidence.
In 2025, the US FDA approved a blood test by Fujirebio Diagnostics' Lumipulse G pTau217/ß-Amyloid 1-42 Plasma Ratio diagnostic device for the early detection of amyloid plaques associated with AD in adults aged 55 years and older who are exhibiting signs and symptoms of the disease.


=== Electrophysiology ===
Electroencephalography (EEG) is not routinely used as a primary biomarker for Alzheimer's disease but may assist in the differential diagnosis of cognitive impairment by helping exclude metabolic encephalopathies, Creutzfeldt–Jakob disease, epileptic disorders, and some atypical dementias. EFNS Quantitative EEG studies consistently demonstrate slowing of the dominant posterior rhythm, increased theta and delta activity, reduced alpha power, and disrupted functional connectivity, changes that correlate with disease severity and cognitive decline. Expert consensus considers resting-state EEG a promising non-invasive biomarker for research, patient stratification, and monitoring in clinical trials, although it is not recommended as a substitute for established imaging or fluid biomarkers.
Event-related potentials (ERPs), particularly the P300 component, have also been extensively investigated. Meta-analyses show significantly reduced P300 amplitude in patients with Alzheimer's disease, while prolonged latency has been reported in many studies, reflecting impaired cognitive processing. Despite these findings, variability between recording protocols has limited the routine clinical use of ERP measures, and they remain primarily research tools.


== Prevention ==

There is no disease-modifying treatments proven to cure Alzheimer's disease, and because of this, AD research has focused on interventions to prevent the onset and progression. There is no evidence that supports any particular measure in preventing AD, and studies of measures to prevent the onset or progression have produced inconsistent results. Epidemiological studies have proposed relationships between an individual's likelihood of developing AD and modifiable factors, such as medications, lifestyle, and diet. There are some challenges in determining whether interventions for AD act as a primary prevention method, preventing the disease itself, or a secondary prevention method, identifying the early stages of the disease. These challenges include duration of intervention, different stages of disease at which intervention begins, and lack of standardization of inclusion criteria regarding biomarkers specific for AD. Further research is needed to determine factors that can help prevent AD.


=== Medication ===
Cardiovascular risk factors, such as hypercholesterolaemia, hypertension, diabetes, and smoking, are associated with a higher risk of onset and worsened course of AD. The use of statins to lower cholesterol may be of benefit in AD. Antihypertensive and antidiabetic medications in individuals without overt cognitive impairment may decrease the risk of dementia by influencing cerebrovascular pathology.
Depression is associated with an increased risk for AD; management with antidepressant medications may provide a preventative measure.
Historically, long-term usage of non-steroidal anti-inflammatory drugs (NSAIDs) was thought to be associated with a reduced likelihood of developing AD, as it reduces inflammation. NSAIDs do not appear to be useful as a treatment. Additionally, because women have a higher incidence of AD than men, it was once thought that estrogen deficiency during menopause was a risk factor. There is a lack of evidence to show that hormone replacement therapy (HRT) in menopause decreases the risk of cognitive decline.


=== Lifestyle ===

Certain lifestyle activities, such as physical and cognitive exercises, higher education and occupational attainment, cigarette smoking, stress, sleep, and the management of other comorbidities, including diabetes and hypertension, may affect the risk of developing AD.
Physical exercise is associated with a decreased rate of dementia, and is effective in reducing symptom severity in those with AD. Memory and cognitive functions can be improved with aerobic exercises including brisk walking three times weekly for forty minutes. It may also induce neuroplasticity of the brain. Participating in mental exercises, such as reading, crossword puzzles, and chess have reported potential to be preventive. Meeting the WHO recommendations for physical activity is associated with a lower risk of AD.
Higher education and occupational attainment, and participation in leisure activities, contribute to a reduced risk of developing AD, or of delaying the onset of symptoms. This is compatible with the cognitive reserve theory, which states that some life experiences result in more efficient neural functioning, providing the individual with a cognitive reserve that delays the onset of dementia. Education delays the onset of Alzheimer's disease syndrome without changing the duration of the disease.
Cessation in smoking may reduce the risk of developing AD, specifically in those who carry the APOE ɛ4 allele. The increased oxidative stress caused by smoking results in downstream inflammatory or neurodegenerative processes that may increase risk of developing AD. Avoidance of smoking, counseling and pharmacotherapies to quit smoking are used, and avoidance of environmental tobacco smoke is recommended.
Alzheimer's disease is associated with sleep disorders but the precise relationship is unclear. It was once thought that as people get older, the risk of developing sleep disorders and AD independently increase, but research suggests sleep disorders may be a risk factor for AD. One theory is that the mechanisms to increase clearance of toxic substances, including Aβ, are active during sleep. With decreased sleep, a person is increasing Aβ production and decreasing Aβ clearance, resulting in Aβ accumulation. Receiving adequate sleep (approximately 7–8 hours) every night has become a potential lifestyle intervention to prevent the development of AD.
Stress is a risk factor for the development of AD. The mechanism by which stress predisposes someone to the development of AD is unclear, but it is suggested that lifetime stressors may affect a person's epigenome, leading to an overexpression or underexpression of specific genes. Although the relationship of stress and AD is unclear, strategies to reduce stress and relax the mind may be helpful strategies in preventing the progression or Alzheimer's disease. Meditation, for instance, is a helpful lifestyle change to support cognition and well-being, though further research is needed to assess long-term effects.


== Management ==
There is no cure for Alzheimer's disease; available treatments offer relatively small symptomatic benefits but remain palliative in nature. Treatments can be divided into pharmaceutical, psychosocial, and caregiving.


=== Pharmaceutical ===


==== Symptomatic treatment ====
Medications used to treat the cognitive symptoms of AD rather than the underlying cause include: four acetylcholinesterase inhibitors (tacrine, rivastigmine, galantamine, and donepezil) and memantine, an NMDA receptor antagonist. The acetylcholinesterase inhibitors are intended for those with mild to severe AD, whereas memantine is intended for those with moderate or severe Alzheimer's disease. The benefit from their use is small.
Reduction in the activity of the cholinergic neurons is a well-known feature of AD. Acetylcholinesterase inhibitors are employed to reduce the rate at which the body breaks down acetylcholine (ACh), thereby increasing the concentration of ACh in the brain and combating the loss of ACh caused by the death of cholinergic neurons. Evidence supports medical efficacy in mild to moderate AD, and somewhat in the advanced stage. This does not extend to delaying symptom onset.
Memantine is a noncompetitive NMDA receptor antagonist first used as an anti-influenza agent. It acts on the glutamatergic system by blocking NMDA receptors and inhibiting their overstimulation by glutamate. Memantine has been reported to have a small benefit in the treatment of moderate to severe AD. The combination of memantine and donepezil has been reported to be ""of statistically significant but clinically marginal effectiveness"".
An extract of Ginkgo biloba known as EGb 761 has been used for treating AD and other neuropsychiatric disorders. Its use is approved throughout Europe. An umbrella review and a continuing education article differ as to whether it is effective in the treatment of AD.
Atypical antipsychotics are modestly useful in reducing aggression and psychosis in people with AD, but their advantages are offset by serious adverse effects, such as stroke, movement difficulties, or cognitive decline. They are recommended in dementia only after first-line therapies such as behavior modification have failed, and due to the risk of adverse effects, they should be used for the shortest amount of time possible. Stopping antipsychotic use in this group of people appears to be safe.


==== Side effects ====
The most common side effects are nausea and vomiting, both of which are linked to cholinergic excess. These side effects arise in approximately 10–20% of users, are mild to moderate in severity, and can be managed by slowly adjusting medication doses. Less common secondary effects include muscle cramps, decreased heart rate (bradycardia), decreased appetite and weight, and increased gastric acid production. Reported adverse events with memantine are infrequent and mild, including hallucinations, confusion, dizziness, headache, and fatigue.


==== Antibodies ====
Two monoclonal antibodies have been approved to target amyloid beta – donanemab and lecanemab – but as of 2025, their role in treatment is uncertain because of side effects, questions about efficacy, and cost. Lecanemab is approved in the US, including a boxed warning about amyloid-related imaging abnormalities.
A 2026 meta-analysis found that anti-amyloid antibodies have no effect in the treatment of Alzheimer's disease. A 2026 Cochrane review found no effect or at best small effect.
Anti-amyloid antibodies may cause harmful adverse effects and have been shown to slow disease progression only in individuals with ""early and mild AD, and cognitive benefits were often marginal.""


=== Psychosocial ===
Psychosocial interventions are used as an adjunct to pharmaceutical treatment and can be classified within behavior-, emotion-, cognition- or stimulation-oriented approaches.
Behavioral interventions attempt to identify and reduce the antecedents and consequences of problem behaviors. This approach has not reported success in improving overall functioning, but can help to reduce some specific problem behaviors, such as incontinence. There is a lack of high quality data on the effectiveness of these techniques in other behavior problems such as wandering. Music therapy is effective in reducing behavioral and psychological symptoms.
Emotion-oriented interventions include reminiscence therapy, validation therapy, supportive psychotherapy, sensory integration, also called snoezelen, and simulated presence therapy. A Cochrane review has found no evidence that this is effective. Reminiscence therapy (RT) involves the discussion of past experiences, individually or in groups, many times with the aid of photographs, household items, music and sound recordings, or other familiar items from the past. A 2018 review of the effectiveness of RT found that effects were inconsistent, small in size, and of doubtful clinical significance, and varied by setting. Simulated presence therapy (SPT) is based on attachment theories and involves playing a recording with the voices of the closest relatives of the person with AD. There is partial evidence indicating that SPT may reduce challenging behaviors.
The aim of cognition-oriented treatments, which include reality orientation and cognitive retraining, is the reduction of cognitive deficits. Reality orientation consists of the presentation of information about time, place, or person to ease the understanding of the person about his or her surroundings and his or her place in them. On the other hand, cognitive retraining tries to improve impaired capacities by exercising mental abilities. Both have reported some efficacy in improving cognitive capacities.
Stimulation-oriented treatments include art, music, and pet therapies, exercise, and any other kind of recreational activities. Stimulation has modest support for improving behavior, mood, and, to a lesser extent, function. Nevertheless, as important as these effects are, the main support for the use of stimulation therapies is the change in the person's routine.


=== Caregiving ===

Caregiving is the ongoing physical, social, emotional support provided to people living with dementia, helping them carry out everyday activities. Since AD has no cure and it gradually renders people incapable of tending to their own needs, caregiving is essentially the treatment and must be carefully managed over the course of the disease.
During the early and moderate stages, modifications to the living environment and lifestyle can increase safety and reduce caretaker burden. Examples of such modifications are the adherence to simplified routines, the placing of safety locks, the labeling of household items to cue the person with the disease or the use of modified daily life objects. Per the American Academy of Family Physicians, the use of physical restraints is discouraged. Use of the ""VIPS"" framework ""(Valuing people, Individualised care, Personal perspectives, Social environment)"" has been shown to reduce hours per day of restraint. If eating becomes problematic, food will need to be prepared in smaller pieces or even puréed. When swallowing difficulties arise, the use of feeding tubes may be required. In such cases, the medical efficacy and ethics of continuing feeding is an important consideration of the caregivers and family members.
During the final stages of the disease, treatment is centred on relieving discomfort until death, often with the help of hospice.
The wellbeing of caregivers themselves is an important aspect of AD caregiving. Long-term informal caregiving is associated with wide-ranging impacts on physical and mental health and on financial circumstances, collectively described as caregiver burden. A range of interventions can help alleviate burden and improve caregiver wellbeing. Effective measures include complementary formal services, training and psychoeducation, psychological therapies such as cognitive behavioural therapy, and support groups.


=== Diet ===
Diet may be a modifiable risk factor for the development of Alzheimer's disease, but more research needs to be conducted. The Mediterranean diet, and the DASH diet are both associated with less cognitive decline. A different approach has been to incorporate elements of both of these diets into one known as the MIND diet. 
Results from large-scale epidemiological studies and clinical trials have not demonstrated an independent role for most individual dietary components.


== Prognosis ==
The early stages of AD are difficult to diagnose. A definitive diagnosis is usually made once cognitive impairment compromises daily living activities, although the person may still be living independently. The symptoms will progress from mild cognitive problems, such as memory loss, through increasing stages of cognitive and non-cognitive disturbances, eliminating any possibility of independent living, especially in the late stages of the disease.
Life expectancy of people with AD is reduced. The normal life expectancy for 60 to 70-year-olds is 23 to 15 years; for 90-year-olds, it is 4.5 years. Following AD diagnosis it ranges from 7 to 10 years for those in their 60s and early 70s (a loss of 13 to 8 years), to only about 3 years or less (a loss of 1.5 years) for those in their 90s.
As of 1995, fewer than 3% of people lived more than fourteen years after diagnosis. Disease features significantly associated with reduced survival are increased severity of cognitive impairment, decreased functional level, disturbances in the neurological examination, history of falls, malnutrition, dehydration and weight loss. Other coincident diseases such as heart problems, diabetes, or history of alcohol abuse are also related with shortened survival. While the earlier the age at onset the higher the total survival years, life expectancy is particularly reduced when compared to the healthy population among those who are younger.
Men have a less favorable survival prognosis than women, even after controlling for age and some medical conditions. As of 2025, the reasons for the higher mortality in men are unknown. It has been speculated that men have different dementia risk factors than women, like traumatic brain injury.
Aspiration pneumonia is the most frequent immediate cause of death brought by AD. While the reasons behind the lower prevalence of cancer in AD patients remain unclear, some researchers hypothesize that biological mechanisms shared by both diseases might play a role. However, this requires further investigation.


== Epidemiology ==

In 2020, there were approximately 50 million people worldwide with Alzheimer's disease. The prevalence of AD in populations is dependent upon factors including incidence and survival. Since the incidence of AD increases with age, prevalence depends on the mean age of the population for which prevalence is given. Prevalence rates in less developed regions around the globe are lower. Both the prevalence and incidence rates of AD are steadily increasing, and the prevalence rate is estimated to triple by 2050 reaching 152 million, compared to the 50 million people with AD globally in 2020.
Regarding incidence, where a disease-free population is followed over the years have shown rates between 10 and 15 per thousand person-years for all dementias and 5–8 for AD in Spain and Italy, which means that half of new dementia cases each year are Alzheimer's disease. Advancing age is a primary risk factor for the disease, and incidence rates are not equal for all ages: every 5 years after the age of 65, the risk of acquiring the disease approximately doubles, increasing from 3 to as much as 69 per thousand person-years.


=== Sex difference ===
Women with AD are more common than men. This difference has been thought to be due to women's longer life spans. According to one study, when adjusted for age, both sexes were affected by Alzheimer's at equal rates. However, many studies have found even higher age-adjusted numbers for women, including the Framingham study which found women to have almost twice the lifetime risk of men.
As of 2025, it is unknown why women are more commonly affected by AD, although many theories exist, as mentioned in the section on causes above.
There are also observable differences in the disease course, as tau protein accumulates faster in women than in men. Also, presence of APOE4 increases AD risk more in women than in men. Even if the same amount of AD pathology observed in a woman compared to a man, there is greater cognitive decline in a woman.
This is relevant for therapy, like the timing of anti-tau treatments or menopausal hormone therapy: In the Canadian Longitudinal Study of Aging, women on MHT had higher memory scores than those who were not on MHT.


=== Ethnicity ===
In the United States, the risk of dying from AD in 2010 was 26% higher among the non-Hispanic white population than among the non-Hispanic black population, and the Hispanic population had a 30% lower risk than the non-Hispanic white population. However, much AD research remains to be done in minority groups, such as the African American, East Asian, and Hispanic/Latino populations. Studies have reported that these groups are underrepresented in clinical trials and do not have the same risk of developing AD when carrying certain genetic risk factors (i.e. APOE4), compared to their caucasian counterparts.


=== By country ===


==== United States ====
In the United States in 2020, AD dementia prevalence was estimated to be 5.3% for those in the 60–74 age group, with the rate increasing to 13.8% in the 74–84 group and to 34.6% in those greater than 85.


==== United Kingdom ====
Estimates show that in 2024 there were nearly a million people living with AD and other dementias in the UK, with more than 800 000 in England. This is expected to rise to 1.4 million by 2040, with numbers doubling in England.
In 2022 and 2023, dementia was the leading cause of death in England and Wales.


== History ==

The ancient Greek and Roman philosophers and physicians associated old age with increasing dementia. It was not until 1901 that German psychiatrist Alois Alzheimer identified the first case of what became known as Alzheimer's disease, named after him, in a fifty-year-old woman he called Auguste D. He followed her case until she died in 1906, when he first reported publicly on it. During the next five years, eleven similar cases were reported in the medical literature, some of them already using the term Alzheimer's disease. The disease was first described as a distinctive disease by Emil Kraepelin after suppressing some of the clinical (delusions and hallucinations) and pathological features (arteriosclerotic changes) contained in the original report of Auguste D. He included Alzheimer's disease, also named presenile dementia by Kraepelin, as a subtype of senile dementia in the eighth edition of his Textbook of Psychiatry, published on 15 July 1910.
For most of the 20th century, the diagnosis of Alzheimer's disease was reserved for individuals between the ages of 45 and 65 who developed symptoms of dementia. The terminology changed after 1977 when a conference on Alzheimer's disease concluded that the clinical and pathological manifestations of presenile and senile dementia were almost identical, although the authors also added that this did not rule out the possibility that they had different causes. This eventually led to the diagnosis of Alzheimer's disease independent of age. The term senile dementia of the Alzheimer type (SDAT) was used for a time to describe the condition in those over 65, with classical Alzheimer's disease being used to describe those who were younger. Eventually, the term Alzheimer's disease was formally adopted in medical nomenclature to describe individuals of all ages with a characteristic common symptom pattern, disease course, and neuropathology.
The National Institute of Neurological and Communicative Disorders and Stroke (NINCDS) and the Alzheimer's Disease and Related Disorders Association (ADRDA, now known as the Alzheimer's Association) established the most commonly used NINCDS-ADRDA Alzheimer's Criteria for diagnosis in 1984, extensively updated in 2007. These criteria require that the presence of cognitive impairment, and a suspected dementia syndrome, be confirmed by neuropsychological testing for a clinical diagnosis of possible or probable Alzheimer's disease. A histopathologic confirmation including a microscopic examination of brain tissue is required for a definitive diagnosis. Good statistical reliability and validity have been reported between the diagnostic criteria and definitive histopathological confirmation.


== Society and culture ==


=== Inequalities ===
People living with AD and other forms of dementia and their unpaid carers might face inequalities in access to and the quality of care and support services. These inequalities can depend on various factors, including socio-economic background, housing situation, education level, gender, and race.
People might have differences in how easily they can access AD services based on where they live. On a global level, people in low-and middle-income countries have fewer available facilities and services, and have greater difficulties accessing these than people living in high-income countries. As a result of AD and other forms of dementia being less recognised and treated in the healthcare systems of these countries, the level of awareness of AD as something caused by disease is relatively lower. At the same time, the local socio-cultural understandings of aging, senility, and eldercare may have larger effects on care provision and the reception of medical services.
On a national level, people with AD might have unequal access to care based on where they live. This can manifest on a regional level, with people in rural areas facing more difficulties than those in urban areas. Inequalities can also affect smaller local units as well, for example people living in the same city might receive different or less frequent care based on their postcodes or the street they live in.
Inequalities also affect people with AD from ethnic minority groups. Those coming from a minority background often receive lower quality care, they are less likely to get anti-AD medications compared to their White counterparts. Furthermore, when they are prescribed medication, they are less likely to adhere to the treatment due to various factors and barriers such as the quality of interaction with healthcare providers, distrust in doctors, worries about retaining personal autonomy, stigmas and different beliefs.


=== Social costs ===
Dementia, and specifically Alzheimer's disease, may be among the most costly diseases for societies worldwide. As populations age, these costs will probably increase and become an important social problem and economic burden. Costs associated with AD include direct and indirect medical costs, which vary between countries depending on social care for a person with AD. Direct costs include doctor visits, hospital care, medical treatments, nursing home care, specialised equipment, and household expenses. Indirect costs include the cost of informal care and the loss in productivity of informal caregivers.
In the United States as of 2019, informal (family) care is estimated to constitute nearly three-fourths of caregiving for people with AD at a cost of US$234 billion per year and approximately 18.5 billion hours of care. The cost to society worldwide to care for individuals with AD is projected to increase nearly ten-fold, and reach about US$9.1 trillion by 2050.
Costs for those with more severe dementia or behavioral disturbances are higher and are related to the additional caregiving time to provide physical care.


=== Media ===

Alzheimer's disease has been portrayed in films such as: Iris (2001), based on John Bayley's memoir of his wife Iris Murdoch; The Notebook (2004), based on Nicholas Sparks's 1996 novel of the same name; A Moment to Remember (2004); Thanmathra (2005); Memories of Tomorrow (Ashita no Kioku) (2006), based on Hiroshi Ogiwara's novel of the same name; Away from Her (2006), based on Alice Munro's short story The Bear Came over the Mountain; Still Alice (2014), about a Columbia University professor who has early onset Alzheimer's disease, based on Lisa Genova's 2007 novel of the same name and featuring Julianne Moore in the title role. Documentaries on Alzheimer's disease include Malcolm and Barbara: A Love Story (1999) and Malcolm and Barbara: Love's Farewell (2007), both featuring Malcolm Pointon.
Alzheimer's disease has also been portrayed in music by English musician the Caretaker in releases such as Persistent Repetition of Phrases (2008), An Empty Bliss Beyond This World (2011), and Everywhere at the End of Time (2016–2019). Paintings depicting the disorder include the late works by American artist William Utermohlen, who drew self-portraits from 1995 to 2000 as an experiment of showing his disease through art.


== Research ==
Specific medications that may reduce the risk or progression of Alzheimer's disease include those that impact Aβ plaques, inflammation, APOE, neurotransmitter receptors, neurogenesis, growth factors or hormones.
Machine learning algorithms with electronic health records are studied as a way to predict Alzheimer's disease earlier.
As of 2025, 182 clinical trials were testing 138 drugs against multiple targets.


== References ==


== External links ==

""Alzheimer's Disease Research Timeline – Alzforum"". www.alzforum.org.
""Alzheimer's Disease Brain Cell Atlas- brain-map.org"". portal.brain-map.org.
""What's the deal with Alzheimer's disease and amyloid?"". For decades, scientists have concentrated on what now looks to be a blind alley. The Amyloid Mafia.  Jonathan M. Gitlin, Ars Technica, Apr 15, 2026",https://en.wikipedia.org/wiki/Alzheimer%27s_disease
Colorectal Cancer,Colorectal cancer,"Colorectal cancer, also known as bowel cancer, colon cancer, or rectal cancer, is the development of cancer from the colon or rectum (parts of the large intestine), in which uncontrolled growth of colon cells that can invade/spread to other parts of the body takes place. Signs and symptoms may include blood in the stool, a change in bowel movements, weight loss, abdominal pain, and fatigue. Most colorectal cancers are due to lifestyle factors and genetic disorders. Risk factors include diet, obesity, smoking, and lack of physical activity. Dietary factors that increase the risk include red meat, processed meat, and alcohol. Another risk factor is inflammatory bowel disease, which includes Crohn's disease and ulcerative colitis. Some of the inherited genetic disorders that can cause colorectal cancer include familial adenomatous polyposis and hereditary non-polyposis colon cancer; however, these represent less than 5% of cases. It typically starts as a benign tumor, often in the form of a polyp, which over time becomes cancerous.
Colorectal cancer may be diagnosed by obtaining a sample of the colon during a sigmoidoscopy or colonoscopy. This is then followed by medical imaging to determine whether the cancer has spread beyond the colon or is in situ. Screening is effective for preventing and decreasing deaths from colorectal cancer. Screening, by one of several methods, is recommended starting from ages 45 to 75. It was recommended starting at age 50, but it was changed to 45 due to the increasing number of colon cancers. During colonoscopy, small polyps may be removed if found. If a large polyp or tumor is found, a biopsy may be performed to check if it is cancerous.
Treatments used for colorectal cancer may include some combination of surgery, radiation therapy, chemotherapy, and targeted therapy. Cancers that are confined within the wall of the colon may be curable with surgery, while cancer that has spread widely is usually not curable, with management being directed towards improving quality of life and symptoms. The five-year survival rate in the United States was around 65% in 2014. The chances of survival depend on how advanced the cancer is, whether all of the cancer can be removed with surgery, and the person's overall health. Globally, colorectal cancer is the third-most common type of cancer, making up about 10% of all cases. In 2022, there were 1.93 million new cases and 903,859 deaths from the disease. It is more common in developed countries, where more than 65% of cases are found.","Colorectal cancer, also known as bowel cancer, colon cancer, or rectal cancer, is the development of cancer from the colon or rectum (parts of the large intestine), in which uncontrolled growth of colon cells that can invade/spread to other parts of the body takes place. Signs and symptoms may include blood in the stool, a change in bowel movements, weight loss, abdominal pain, and fatigue. Most colorectal cancers are due to lifestyle factors and genetic disorders. Risk factors include diet, obesity, smoking, and lack of physical activity. Dietary factors that increase the risk include red meat, processed meat, and alcohol. Another risk factor is inflammatory bowel disease, which includes Crohn's disease and ulcerative colitis. Some of the inherited genetic disorders that can cause colorectal cancer include familial adenomatous polyposis and hereditary non-polyposis colon cancer; however, these represent less than 5% of cases. It typically starts as a benign tumor, often in the form of a polyp, which over time becomes cancerous.
Colorectal cancer may be diagnosed by obtaining a sample of the colon during a sigmoidoscopy or colonoscopy. This is then followed by medical imaging to determine whether the cancer has spread beyond the colon or is in situ. Screening is effective for preventing and decreasing deaths from colorectal cancer. Screening, by one of several methods, is recommended starting from ages 45 to 75. It was recommended starting at age 50, but it was changed to 45 due to the increasing number of colon cancers. During colonoscopy, small polyps may be removed if found. If a large polyp or tumor is found, a biopsy may be performed to check if it is cancerous.
Treatments used for colorectal cancer may include some combination of surgery, radiation therapy, chemotherapy, and targeted therapy. Cancers that are confined within the wall of the colon may be curable with surgery, while cancer that has spread widely is usually not curable, with management being directed towards improving quality of life and symptoms. The five-year survival rate in the United States was around 65% in 2014. The chances of survival depend on how advanced the cancer is, whether all of the cancer can be removed with surgery, and the person's overall health. Globally, colorectal cancer is the third-most common type of cancer, making up about 10% of all cases. In 2022, there were 1.93 million new cases and 903,859 deaths from the disease. It is more common in developed countries, where more than 65% of cases are found.


== Signs and symptoms ==
At least half of colorectal cancer cases are asymptomatic, showing no signs or symptoms before they are discovered on a routine screening. Due to the increasing incidence and high prevalence of colorectal cancer worldwide, and the greatly improved prognosis associated with asymptomatic discovery, most nations screen average-risk adults at regular intervals starting at age 45, until age 75.
The signs and symptoms of colorectal cancer depend on the location of the tumor in the bowel and whether it has spread elsewhere in the body (metastasis). The classic warning signs include worsening constipation, blood in the stool, a decrease in stool caliber (thickness), loss of appetite, loss of weight, and nausea or vomiting in someone over 50 years old.
Rectal bleeding or anemia are high-risk symptoms in people over the age of 50. Weight loss and changes in a person's bowel habit are typically only concerning if they are associated with rectal bleeding.


== Cause ==
75–95% of colorectal cancer cases occur in people with little or no genetic risk. Risk factors include older age, male sex, high intake of fat, sugar, alcohol, red meat, processed meats, obesity, smoking, and a lack of physical exercise. Approximately 10% of cases are linked to insufficient physical activity.


=== Diet ===
Diet is the largest environmental risk factor. Alcohol use is the most evidence-supported dietary risk factor. Alcohol use above one drink per day increases risk.
Whole grain intake is inversely related to risk. Drinking five glasses of water a day may be linked to a decrease in the risk of colorectal cancer and adenomatous polyps. The consumption of calcium (e.g. dairy products) is protective against colorectal cancer.
Associated with a diet high in saturated fats, elevated levels of bile acids appear to increase the risk of colorectal cancer. The bile acid deoxycholic acid particularly is elevated in the colonic contents of humans in response to a high fat diet. In populations that have a high incidence of colorectal cancer, fecal concentrations of bile acids, particularly deoxycholic acid, are higher.
Higher fecal concentrations of the bile acids cholic acid and chenodeoxycholic acid are associated with a high risk and higher incidence of colorectal cancer.


=== Bacteria ===
Streptococcus gallolyticus is associated with colorectal cancer. Some strains of Streptococcus bovis/Streptococcus equinus complex are consumed by millions of people daily and thus may be safe. 25 to 80% of people with Streptococcus bovis/gallolyticus bacteremia have concomitant colorectal tumors. Seroprevalence of Streptococcus bovis/gallolyticus is considered as a candidate practical marker for the early prediction of an underlying bowel lesion at high-risk population. It has been suggested that the presence of antibodies to Streptococcus bovis/gallolyticus antigens or the antigens themselves in the bloodstream may act as markers for the carcinogenesis in the colon.
Pathogenic Escherichia coli may increase the risk of colorectal cancer by producing the genotoxic metabolite colibactin.


=== Inflammatory bowel disease ===
People with inflammatory bowel disease (ulcerative colitis and Crohn's disease) are at increased risk of colon cancer. The risk increases the longer a person has the disease, and the worse the severity of inflammation. In these high risk groups, both prevention with aspirin and regular colonoscopies are recommended. Endoscopic surveillance in this high-risk population may reduce the development of colorectal cancer through early diagnosis and may also reduce the chances of dying from colon cancer. People with inflammatory bowel disease account for less than 2% of colon cancer cases yearly. In those with Crohn's disease (with colonic involvement), 2% get colorectal cancer after 10 years, 8% after 20 years, and 18% after 30 years. In people who have ulcerative colitis, approximately 16% develop either a cancer precursor or cancer of the colon over 30 years.


=== Genetics ===
Those with a family history in two or more first-degree relatives (such as a parent or sibling) have a two to threefold greater risk of disease. This group accounts for about 20% of all cases. Several genetic syndromes are also associated with higher rates of colorectal cancer. The most common of these is hereditary nonpolyposis colorectal cancer (HNPCC, or Lynch syndrome), which is present in about 3% of people with colorectal cancer. Other syndromes that are strongly associated with colorectal cancer include Gardner syndrome and familial adenomatous polyposis (FAP). For people with these syndromes, cancer almost always occurs and makes up 1% of the cancer cases. A total proctocolectomy may be recommended for people with FAP as a preventive measure due to the high risk of malignancy. Colectomy, the removal of the colon, may not suffice as a preventive measure because of the high risk of rectal cancer if the rectum remains. The most common polyposis syndrome affecting the colon is serrated polyposis syndrome, which is associated with a 25–40% risk of colorectal cancer (CRC).
Mutations in the pair of genes POLE and POLD1 have been associated with familial colon cancer.
Most deaths due to colon cancer are associated with metastatic disease. A gene that appears to contribute to the risk of metastatic disease, metastasis-associated in colon cancer 1 (MACC1), has been isolated. It is a transcriptional factor that influences the expression of hepatocyte growth factor. This gene is associated with the proliferation, invasion, and scattering of colon cancer cells in cell culture, and tumor growth and metastasis in mice. MACC1 may be a potential target for cancer intervention, but this possibility needs to be confirmed with clinical studies.
Epigenetic factors, such as abnormal DNA methylation of tumor suppressor promoters, play a role in the development of colorectal cancer.
The Rectal Cancer Survival Calculator developed by the MD Anderson Cancer Center also considers race a risk factor; however, there are equity issues concerning whether this might lead to inequity in clinical decision making. Ashkenazi Jews have a 6% higher risk rate of getting adenomas and then colon cancer due to mutations in the APC gene being more common.


== Pathogenesis ==
Colorectal cancer is a disease originating from the epithelial cells lining the colon or rectum of the gastrointestinal tract, most frequently as a result of genetic mutations in the Wnt signaling pathway that increases signaling activity. The Wnt signaling pathway normally plays an important role for normal function of these cells including maintaining this lining. Mutations can be inherited or acquired, and most probably occur in the intestinal crypt stem cell. The most commonly mutated gene in all colorectal cancer is the APC gene, which produces the APC protein. The APC protein prevents the accumulation of β-catenin protein. Without APC, β-catenin accumulates to high levels and translocates (moves) into the nucleus, binds to DNA, and activates the transcription of proto-oncogenes. These genes are normally important for stem cell renewal and differentiation, but when inappropriately expressed at high levels, they can cause cancer. While APC is mutated in most colon cancers, some cancers have increased β-catenin because of mutations in β-catenin (CTNNB1) that block its breakdown, or have mutations in other genes with function similar to APC such as AXIN1, AXIN2, TCF7L2, or NKD1.
Beyond the defects in the Wnt signaling pathway, other mutations must occur for the cell to become cancerous. The p53 protein, produced by the TP53 gene, normally monitors cell division and induces programmed death if Wnt pathway defects are present. Eventually, a cell line acquires a mutation in the TP53 gene and transforms the tissue from a benign epithelial tumor into an invasive epithelial cell cancer. Sometimes the gene encoding p53 is not mutated, but another protective protein named BAX is mutated instead.
Other proteins responsible for programmed cell death that are commonly deactivated in colorectal cancers are TGF-β and DCC (Deleted in Colorectal Cancer). TGF-β has a deactivating mutation in at least half of colorectal cancers. Sometimes TGF-β is not deactivated, but a downstream protein named SMAD is deactivated. DCC commonly has a deleted segment of a chromosome in colorectal cancer.
Approximately 70% of all human genes are expressed in colorectal cancer, with just over 1% having increased expression in colorectal cancer compared to other forms of cancer. Some genes are oncogenes: they are overexpressed in colorectal cancer. For example, genes encoding the proteins KRAS, RAF, and PI3K, which normally stimulate the cell to divide in response to growth factors, can acquire mutations that result in over-activation of cell proliferation. The chronological order of mutations is sometimes important. If a previous APC mutation occurred, a primary KRAS mutation often progresses to cancer rather than a self-limiting hyperplastic or borderline lesion. PTEN, a tumor suppressor, normally inhibits PI3K, but can sometimes become mutated and deactivated.
Comprehensive, genome-scale analysis has revealed that colorectal carcinomas can be categorized into hypermutated and non-hypermutated tumor types. In addition to the oncogenic and inactivating mutations described for the genes above, non-hypermutated samples also contain mutated CTNNB1, FAM123B, SOX9, ATM, and ARID1A. Progressing through a distinct set of genetic events, hypermutated tumors display mutated forms of ACVR2A, TGFBR2, MSH3, MSH6, SLC9A9, TCF7L2, and BRAF. The common theme among these genes, across both tumor types, is their involvement in Wnt and TGF-β signaling pathways, which results in increased MYC activity, a central player in colorectal cancer.
Mismatch repair (MMR) deficient tumors are characterized by a relatively high number of poly-nucleotide tandem repeats. This is caused by a deficiency in MMR proteins – which are typically caused by epigenetic silencing and/or inherited mutations (e.g., Lynch syndrome). 15 to 18 percent of colorectal cancer tumors have MMR deficiencies, with 3 percent developing due to Lynch syndrome. The role of the mismatch repair system is to protect the integrity of the genetic material within cells (i.e., error detecting and correcting). Consequently, a deficiency in MMR proteins may lead to an inability to detect and repair genetic damage, allowing for further cancer-causing mutations to occur and colorectal cancer to progress.
The polyp to cancer progression sequence is the classical model of colorectal cancer pathogenesis. In this adenoma-carcinoma sequence, normal epithelial cells progress to dysplastic cells such as adenomas, and then to carcinoma, by a process of progressive genetic mutation. Central to the polyp to CRC sequence are gene mutations, epigenetic alterations, and local inflammatory changes. The polyp to CRC sequence can be used as an underlying framework to illustrate how specific molecular changes lead to various cancer subtypes.


=== Field defects ===

The term ""field cancerization"" was first used in 1953 to describe an area or ""field"" of epithelium that had been preconditioned (by largely unknown processes at the time) to predispose it toward the development of cancer. Since then, the terms ""field cancerization"", ""field carcinogenesis"", ""field defect"", and ""field effect"" have been used to describe pre-malignant or pre-neoplastic tissue in which new cancers are likely to arise.
Field defects are important in the progression of colon cancer.
However, as pointed out by Rubin, ""The vast majority of studies in cancer research has been done on well-defined tumors in vivo, or on discrete neoplastic foci in vitro. Yet there is evidence that more than 80% of the somatic mutations found in mutator phenotype human colorectal tumors occur before the onset of terminal clonal expansion."" Similarly, Vogelstein et al. pointed out that more than half of somatic mutations identified in tumors occurred in a pre-neoplastic phase (in a field defect), during growth of apparently normal cells. Likewise, epigenetic alterations present in tumors may have occurred in pre-neoplastic field defects.
An expanded view of field effect has been termed ""etiologic field effect"", which encompasses not only molecular and pathologic changes in pre-neoplastic cells but also the influence of exogenous environmental factors and molecular changes in the local microenvironment on neoplastic evolution from tumor initiation to death.


=== Epigenetics ===
As described by Vogelstein et al., an average cancer of the colon has only 1 or 2 oncogene mutations and 1 to 5 tumor suppressor mutations (together designated ""driver mutations""), with about 60 further ""passenger"" mutations. The oncogenes and tumor suppressor genes are well-studied and described above under Pathogenesis.
Epigenetic alterations are much more frequent in colon cancer than genetic (mutational) alterations. Epigenetic alterations, distinct from mutations, change how genes express proteins without changing the DNA sequence. One frequent type of epigenetic alteration in colorectal cancers is changed expression levels of particular microRNAs. microRNAs (miRNAs) are small RNAs that bind the 3′ untranslated regions of their target messenger RNAs and cause suppression of protein translation. Down-regulation and up-regulation of microRNAs are epigenetic alterations since their altered regulation of messenger RNAs does not directly involve changing the DNA sequence. MicroRNAs are important epigenetic factors in colorectal cancer, with 164 microRNAs significantly altered in colorectal cancers. miRNAs have an average of 300 target genes per miRNA.  About 60% of human protein-coding genes appear to be under the epigenetic control of miRNAs.  As an example, miRNA-143 is downregulated in 88% of colorectal colon cancers and down-regulation of miRNA-143 causes up-regulation of protein expression of its target oncogene KRAS as well as its target DNA methylating protein DNMT3A
In addition to epigenetic changes in miRNA expression, other common epigenetic alterations in cancers that influence gene expression levels include direct hypermethylation or hypomethylation of CpG islands of protein-encoding genes and alterations in histones and chromosomal architecture that influence gene expression. As an example, 147 hypermethylations and 27 hypomethylations of protein-coding genes were frequently associated with colorectal cancers. Of the hypermethylated genes, 10 were hypermethylated in 100% of colon cancers, and many others were hypermethylated in more than 50% of colon cancers. In addition, 11 hypermethylations and 96 hypomethylations of miRNAs were also associated with colorectal cancers. Abnormal (aberrant) methylation occurs as a normal consequence of normal aging, and the risk of colorectal cancer increases as a person gets older. The source and trigger of this age-related methylation is unknown. Approximately half of the genes that show age-related methylation changes are the same genes that have been identified to be involved in the development of colorectal cancer. These findings may suggest a reason for age being associated with the increased risk of developing colorectal cancer.
Epigenetic reductions in DNA repair enzyme expression may likely lead to the genomic and epigenomic instability characteristic of cancer. As summarized in the articles Carcinogenesis and Neoplasm, for sporadic cancers in general, a deficiency in DNA repair is occasionally due to a mutation in a DNA repair gene, but is much more frequently due to epigenetic alterations that reduce or silence expression of DNA repair genes.
Epigenetic alterations involved in the development of colorectal cancer may affect a person's response to chemotherapy.


=== Genomics and epigenomics ===
Consensus Molecular Subtypes (CMS) classification of colorectal cancer was first introduced in 2015. CMS classification is considered the most robust classification system available for CRC. It has a clear biological interpretability and basis for future clinical stratification and subtype-based targeted interventions.
A novel Epigenome-based Classification (EpiC) of colorectal cancer was proposed in 2021, introducing 4 enhancer subtypes in people with CRC. Chromatin states using 6 histone marks are characterized to identify EpiC subtypes. A combinatorial therapeutic approach based on the previously introduced consensus molecular subtypes (CMSs) and EpiCs could significantly enhance current treatment strategies.


=== Microbiome and infectious agents ===
Several studies show that tumors are consistently associated with reduced microbial diversity and the enrichment of specific taxa that promote inflammation and immune modulation. Fusobacterium species are enriched in colorectal cancer tissue compared with adjacent normal mucosa, suggesting a selective tumor microenvironment for these bacteria. Recent experimental work has shown that membrane vesicles derived from selected Clostridioides difficile strains can induce epithelial–mesenchymal transition in colonic epithelial cells, providing mechanistic insights into how this pathogen may contribute to colorectal carcinogenesis.
Other pathogens have also been linked to colorectal carcinogenesis. Studies report enrichment of Clostridia and other pro-inflammatory taxa in tumor tissue, accompanied by production of metabolites with mutagenic potential and changes in host gene expression. Other studies similarly suggest that patients with a higher ""dysbiosis index"", characterized by expansion of pathogenic taxa such as Escherichia coli and Fusobacterium nucleatum and depletion of beneficial genera like Bifidobacterium and Lactobacillus, may carry an increased risk of developing colorectal cancer.
Collectively, these findings support the view that disturbances in the gut microbiome can influence colorectal carcinogenesis through multiple mechanisms.


== Diagnosis ==

Colorectal cancer diagnosis is performed by sampling areas of the colon suspicious for possible tumor development, typically during colonoscopy or sigmoidoscopy, depending on the lesion's location.


=== Medical imaging ===
A colorectal cancer is sometimes initially discovered on CT scan.
The presence of metastases is determined by a CT scan of the chest, abdomen, and pelvis. Other potential imaging tests, such as PET and MRI, may be used in certain cases. MRI is particularly useful to determine the local stage of the tumor and to plan the optimal surgical approach.
MRI is also performed after completion of neoadjuvant chemoradiotherapy to identify patients who achieve a complete response. Patients with a complete response on both MRI and endoscopy may not require surgical resection and can avoid unnecessary surgical morbidity and complications. Patients selected for non-surgical treatment of rectal cancer should have periodic MRI scans, receive physical examinations, and undergo endoscopy procedures to detect any tumor re-growth, which can occur in a minority of these patients. When local recurrence occurs, periodic follow-up can detect it when it is still small and curable with salvage surgery. In addition, MRI tumor regression grades (mrTRG vs. pTRG = pathological tumor regression grade) can be assigned after chemoradiotherapy, which correlate with patients' long-term survival outcomes.


=== Histopathology ===

The histopathologic characteristics of the tumor are reported from the analysis of tissue taken from a biopsy or surgery. A pathology report describes the microscopic characteristics of the tumor tissue, including tumor cells and how the tumor invades into healthy tissues, and finally, whether the tumor appears to be completely removed. The most common form of colon cancer is adenocarcinoma, constituting between 95% and 98% of all cases of colorectal cancer. Other, rarer types include lymphoma, adenosquamous, and squamous cell carcinoma. Some subtypes are more aggressive. Immunohistochemistry may be used in uncertain cases.


=== Staging ===

Staging of the cancer is based on both radiological and pathological findings. As with most other forms of cancer, tumor staging is based on the TNM system, which considers how much the initial tumor has spread and the presence of metastases in lymph nodes and more distant organs. The AJCC 8th edition was published in 2018.


== Prevention ==
It has been estimated that about half of colorectal cancer cases are due to lifestyle factors, and about a quarter of all cases are preventable. Increasing surveillance, engaging in physical activity, consuming a diet high in fiber, quitting smoking, and limiting alcohol consumption decrease the risk.


=== Lifestyle ===
Lifestyle risk factors with strong evidence include lack of exercise, cigarette smoking, alcohol, and obesity. The risk of colon cancer can be reduced by maintaining a normal body weight through a combination of sufficient exercise and eating a healthy diet.
Current research consistently links eating more red meat and processed meat to a higher risk of the disease. Starting in the 1970s, dietary recommendations to prevent colorectal cancer often included increasing the consumption of whole grains, fruits and vegetables, and reducing the intake of red meat and processed meats. This was based on animal studies and retrospective observational studies. However, large-scale prospective studies have failed to demonstrate a significant protective effect, and due to the multiple causes of cancer and the complexity of studying correlations between diet and health, it is uncertain whether any specific dietary interventions will have significant protective effects. In 2018 the National Cancer Institute stated that ""There is no reliable evidence that a diet started in adulthood that is low in fat and meat and high in fiber, fruits, and vegetables reduces the risk of CRC by a clinically important degree.""
Consuming alcoholic drinks and processed meat is associated with higher risk of colorectal cancer.
The 2014 World Health Organization cancer report noted that dietary fiber has been hypothesized to help prevent colorectal cancer, but that most studies at the time had not yet studied the correlation. A 2019 review, however, found evidence of benefit from dietary fiber and whole grains. The World Cancer Research Fund listed the benefit of fiber for prevention of colorectal cancer as ""probable"" as of 2017. A 2022 umbrella review says there is ""convincing evidence"" for that association.
Higher physical activity is recommended. Physical exercise is associated with a modest reduction in colon but not rectal cancer risk. High levels of physical activity reduce the risk of colon cancer by about 21%. Sitting regularly for prolonged periods is associated with higher mortality from colon cancer. Regular exercise does not negate the risk but does lower it.


=== Medication and supplements ===
Aspirin and celecoxib appear to decrease the risk of colorectal cancer in those at high risk. Aspirin is recommended in those who are 50 to 60 years old, do not have an increased risk of bleeding, and are at risk for cardiovascular disease to prevent colorectal cancer. It is not recommended in those at average risk.
Adequate Vitamin D intake and blood levels are associated with a lower risk of colon cancer.


=== Screening ===
As more than 80% of colorectal cancers arise from adenomatous polyps, screening for this cancer is effective for both early detection and prevention. Diagnosis of cases of colorectal cancer through screening tends to occur 2–3 years before diagnosis of cases with symptoms. Any polyps that are detected can be removed, usually by colonoscopy or sigmoidoscopy, and thus prevent them from turning into cancer. Screening has the potential to reduce colorectal cancer deaths by 60%.
The three main screening tests are colonoscopy, fecal occult blood testing, and flexible sigmoidoscopy. Of the three, only sigmoidoscopy cannot screen the right side of the colon, where 42% of cancers are found. Flexible sigmoidoscopy, however, has the best evidence for decreasing the risk of death from any cause.
Fecal occult blood (FOB) testing of the stool is typically recommended every two years and can be either guaiac-based or immunochemical. If abnormal FOB testing results are found, participants are typically referred for a follow-up colonoscopy examination. When conducted once every 1–2 years, FOB screening reduces colorectal cancer deaths by 16% with the intention to screen and by up to 25% with actual participation in screening; however, it has not been proven to reduce all-cause mortality. Immunochemical tests are accurate and do not require dietary or medication changes before testing. However, research in the UK has found that for these immunochemical tests, the threshold for further investigation is set at a point that may miss more than half of colorectal cancer cases. The research suggests that the NHS England's Bowel Cancer Screening Programme could make better use of the test's ability to provide the exact concentration of blood in feces (rather than only whether it is above or below a cutoff level).
Other options include virtual colonoscopy and stool DNA screening testing (FIT-DNA). Virtual colonoscopy via a CT scan appears as good as standard colonoscopy for detecting cancers and large adenomas. However, it is expensive, associated with radiation exposure, and cannot remove any detected abnormal growths as a standard colonoscopy. Stool DNA screening test looks for biomarkers associated with colorectal cancer and precancerous lesions, including altered DNA and blood hemoglobin. A positive result should be followed by colonoscopy. FIT-DNA has more false positives than FIT and thus results in more adverse effects. Further study is required as of 2016 to determine whether a three-year screening interval is correct.


==== Recommendations ====

In the United States, screening is recommended for all average-risk adults between the ages of 45 and 75 years. For those between 76 and 85 years old, the decision to screen should be individualized. For those at high risk, screenings usually begin at around 40.
Several screening methods are recommended including stool-based tests every 2 years, sigmoidoscopy every 10 years with fecal immunochemical testing every two years, and colonoscopy every 10 years. It is unclear which of these two methods is better. Colonoscopy may find more cancers in the first part of the colon, but is associated with greater cost and more complications. For people with average risk who have had a high-quality colonoscopy with normal results, the American Gastroenterological Association does not recommend any type of screening in the 10 years following the colonoscopy. For people over 75 or those with a life expectancy of less than 10 years, screening is not recommended. It takes about 10 years after screening for one out of a 1000 people to benefit. The USPSTF list seven potential strategies for screening, with the most important thing being that at least one of these strategies is appropriately used.
In Canada, among those 50 to 75 years old at normal risk, fecal immunochemical testing or FOBT is recommended every two years or sigmoidoscopy every 10 years. Colonoscopy is less preferred. However, beginning in 2026, the provinces of Prince Edward Island and Ontario reduced the screenings to age 45, with Ontario doing so beginning on July 1.
Some countries have national colorectal screening programs that offer FOBT screening for all adults within a certain age group, typically starting between ages 50 and 60. Examples of countries with organised screening include the United Kingdom, the Netherlands, Hong Kong, and Taiwan.
The UK Bowel Cancer Screening Programme aims to find warning signs in people aged 50 to 74 by recommending a fecal immunochemical test (FIT) every two years. FIT measures blood in feces, and people with levels above a certain threshold may have bowel tissue examined for signs of cancer. Growths having cancerous potential are removed.


== Treatment ==
The treatment of colorectal cancer can be aimed at cure or palliation. The decision on which aim to adopt depends on various factors, including the person's health and preferences, as well as the tumor stage. Assessment in multidisciplinary teams is a critical part of determining whether the patient is suitable for surgery or not. When colorectal cancer is caught early, surgery can be curative. However, when it is detected at later stages (for which metastases are present), this is less likely and treatment is often directed at palliation, to relieve symptoms caused by the tumor and keep the person as comfortable as possible.


=== Surgery ===

At an early stage, colorectal cancer may be removed during a colonoscopy using one of several techniques, including endoscopic mucosal resection or endoscopic submucosal dissection. Endoscopic resection is possible if there is a low possibility of lymph node metastasis and the size and location of the tumor make en bloc resection possible. For people with localized cancer, the preferred treatment is complete surgical removal with adequate margins, with the attempt of achieving a cure. The procedure of choice is a partial colectomy (or proctocolectomy for rectal lesions) where the affected part of the colon or rectum is removed along with parts of its mesocolon and blood supply to facilitate removal of draining lymph nodes. This can be done either by an open laparotomy or laparoscopically, depending on factors related to the individual and the lesion. The colon may then be reconnected, or a person may have a colostomy.
If there are only a few metastases in the liver or lungs, these may also be removed. Chemotherapy may be used before surgery to shrink the cancer before attempting to remove it. The two most common sites of recurrence of colorectal cancer are the liver and lungs. For peritoneal carcinomatosis, cytoreductive surgery—sometimes in combination with HIPEC—can be used in an attempt to remove the cancer.


=== Chemotherapy ===
In both cancer of the colon and rectum, chemotherapy may be used in addition to surgery in certain cases. The decision to add chemotherapy to the management of colon and rectal cancer depends on the stage of the disease.
In Stage I colon cancer, no chemotherapy is offered, and surgery is the definitive treatment. The role of chemotherapy in Stage II colon cancer is debatable. It is usually not offered unless risk factors such as T4 tumor, undifferentiated tumor, vascular and perineural invasion, or inadequate lymph node sampling are identified. It is also known that the people who carry abnormalities of the mismatch repair genes do not benefit from chemotherapy. For Stage III and Stage IV colon cancer, chemotherapy is an integral part of treatment.
If cancer has spread to the lymph nodes or distant organs, which is the case with Stage III and Stage IV colon cancer respectively, adding chemotherapy agents fluorouracil, capecitabine or oxaliplatin increases life expectancy. If the lymph nodes do not contain cancer, the benefits of chemotherapy are controversial. If the cancer is widely metastatic or unresectable, treatment is then palliative. Typically in this setting, several different chemotherapy medications may be used. Chemotherapy drugs for this condition may include capecitabine, fluorouracil, irinotecan, oxaliplatin and UFT. The drugs capecitabine and fluorouracil are interchangeable, with capecitabine being an oral medication and fluorouracil being an intravenous medicine. Some specific regimens used for CRC are CAPOX, FOLFOX, FOLFOXIRI, and FOLFIRI. Antiangiogenic drugs such as bevacizumab are often added in first line therapy. Another class of drugs used in the second line setting are epidermal growth factor receptor inhibitors, of which the three FDA approved ones are aflibercept, cetuximab and panitumumab.
The primary difference in the approach to low-stage rectal cancer is the incorporation of radiation therapy. Often, it is used in conjunction with chemotherapy in a neoadjuvant fashion to enable surgical resection, so that ultimately a colostomy is not required. However, it may not be possible in tumors close to the anal opening, in which case, a permanent colostomy may be required. Stage IV rectal cancer is treated similarly to Stage IV colon cancer.
Stage IV colorectal cancer due to peritoneal carcinomatosis can be treated using HIPEC combined with cytoreductive surgery, in some people. Also, T4 colorectal cancer can be treated with HIPEC to avoid future relapses.


=== Radiation therapy ===
While a combination of radiation and chemotherapy may be useful for rectal cancer, for some people requiring treatment, chemoradiotherapy can increase acute treatment-related toxicity and has not been shown to improve survival rates compared to radiotherapy alone. It is associated with less local recurrence. For squamous cell carcinoma of the anal canal, chemoradiation therapy (CRT) with 5-FU and mitomycin C is preferred over radiation alone, offering improved survival outcomes but with increased risks of acute hematological toxicity.
The use of radiotherapy in colon cancer is not routine due to the sensitivity of the bowels to radiation. Radiation therapy's side effects (and occurrence rates) include acute (27%) and late (17%) dermatological toxicities, acute (14%) and late (27%) gastrointestinal toxicities, and late pelvic radiation disease (1-10%), e.g., irreversible lumbosacral plexopathy.
As with chemotherapy, radiotherapy can be used as a neoadjuvant for clinical stages T3 and T4 for rectal cancer. This results in downsizing or downstaging of the tumor, preparing it for surgical resection, and also decreases local recurrence rates. For locally advanced rectal cancer, neoadjuvant chemoradiotherapy has become the standard treatment. Additionally, when surgery is not possible, radiation therapy has been suggested to be an effective treatment against CRC pulmonary metastases, which develop in 10–15% of people with CRC.


=== Immunotherapy ===
Immunotherapy with immune checkpoint inhibitors is useful for a type of colorectal cancer with mismatch repair deficiency and microsatellite instability. Pembrolizumab is approved for advanced CRC tumors that are MMR deficient. Most people who do improve, however, still worsen after months or years.
On the other hand, in a prospective phase 2 study published in June 2022 in The New England Journal of Medicine, 12 patients with Deficient Mismatch Repair (dMMR) stage II or III rectal adenocarcinoma were administered single-agent dostarlimab, an anti–PD-1 monoclonal antibody, every three weeks for six months. After a median follow-up of 12 months (range, 6 to 25 months), all 12 patients had a complete clinical response with no evidence of tumor on MRI, 18F-fluorodeoxyglucose–positron-emission tomography, endoscopic evaluation, digital rectal examination, or biopsy. Moreover, no patient in the trial needed chemoradiotherapy or surgery, and no patient reported grade 3 or higher adverse events. However, although the results of this study are promising, the study is small and has uncertainties about long-term outcomes.


=== Palliative care ===
Palliative care can be used at the same time as the cancer treatment and is recommended for any person who has advanced colon cancer or who has significant symptoms. Involvement of palliative care may be beneficial to improve the quality of life for both the person and his or her family, by improving symptoms, anxiety and preventing admissions to the hospital.
In people with incurable colorectal cancer, palliative care can consist of procedures that relieve symptoms or complications from the cancer but do not attempt to cure the underlying cancer, thereby improving quality of life. Surgical options may include non-curative surgical removal of some of the cancer tissue, bypassing part of the intestines, or stent placement. These procedures can be considered to improve symptoms and reduce complications such as bleeding from the tumor, abdominal pain, and intestinal obstruction. Non-operative methods of symptomatic treatment include radiation therapy to decrease tumor size as well as pain medications.


=== Psychosocial intervention ===
In addition to medical intervention, psychosocial interventions have been implemented to address psychosocial concerns for colorectal cancer. Depression and anxiety are highly prevalent in patients diagnosed with CRC, therefore psychosocial interventions can help alleviate psychological distress. Many patients continue to experience symptoms of anxiety and depression following treatment, regardless of treatment outcome. Societal stigmas associated with colorectal cancer present further psychosocial challenges for CRC patients and their families.


==== Depression and anxiety ====
Colorectal cancer patients have a 51% higher risk of experiencing depression than individuals without the disease. Additionally, CRC patients are at high risk of experiencing severe anxiety, low self-esteem, poor self-concept, and social anxiety.


==== Post-treatment distress ====
Regardless of treatment outcome, many CRC patients experience ongoing symptoms of anxiety, depression, and distress.
Survivorship of CRC can involve significant lifestyle adjustments. Postoperative afflictions may include stomas, bowel issues, incontinence, odor, and changes to sexual functioning. These changes can result in distorted body image, social anxiety, depression, and distress—all of which contribute to a poorer quality of life.
Colorectal cancer is the second leading cause of cancer-related death worldwide. Transitioning into palliative care and contending with mortality can be a deeply distressing experience for a CRC patient and their loved ones.


==== Stigma ====
Colorectal cancer is highly stigmatized and can elicit feelings of disgust from patients, healthcare professionals, families, intimate partners, and the general public. Patients with stomas are especially vulnerable to stigmatization due to unavoidable odors, gas, and unpleasant noises from stoma bags. Additionally, associated CRC risk factors like poor diet, alcohol consumption, and lack of physical activity prompt negative assumptions of blame and personal responsibility onto CRC patients. Judgement from others, along with internalized self-blame and embarrassment, can negatively affect self-esteem, sociability, and quality of life.


==== Methods of intervention ====
Face-to-face interventions such as clinician-patient talk therapy, body-mind-spirit practices, and support group sessions have been identified as most effective in reducing anxiety and depression in CRC patients. Additionally, journaling exercises and over-the-phone talk therapy sessions have been implemented. Though deemed less effective, these non-face-to-face interventions are economically inclusive and have been found to reduce both depression and anxiety in CRC patients.


=== Follow-up ===
The U.S. National Comprehensive Cancer Network and American Society of Clinical Oncology provide guidelines for the follow-up of colon cancer. A medical history and physical examination are recommended every 3 to 6 months for 2 years, then every 6 months for 5 years. Carcinoembryonic antigen blood level measurements follow the same timing but are only advised for people with T2 or greater lesions who are candidates for intervention. A CT-scan of the chest, abdomen, and pelvis can be considered annually for the first 3 years for people who are at high risk of recurrence (for example, those who had poorly differentiated tumors or venous or lymphatic invasion) and are candidates for curative surgery (to cure). A colonoscopy can be done after 1 year, except if it could not be done during the initial staging because of an obstructing mass, in which case it should be performed after 3 to 6 months. If a villous polyp, a polyp >1 centimeter, or high-grade dysplasia is found, it can be repeated after 3 years, then every 5 years. For other abnormalities, the colonoscopy can be repeated after 1 year.
Routine PET or ultrasound scanning, chest X-rays, complete blood count or liver function tests are not recommended.
For people who have undergone curative surgery or adjuvant therapy (or both) to treat non-metastatic colorectal cancer, intense surveillance and close follow-up have not been shown to provide additional survival benefits. A phase 3 randomized trial of patients who had completed adjuvant chemotherapy for stage II–III colon cancer found that a structured 3-year exercise program improved disease-free survival and was associated with lower all-cause mortality at a median 7.9-year follow-up.


== Prognosis ==
Fewer than 600 genes are linked to outcomes in colorectal cancer. These include both unfavorable genes, where high expression is related to poor outcome, for example the heat shock 70 kDa protein 1 (HSPA1A), and favorable genes where high expression is associated with better survival, for example the putative RNA-binding protein 3 (RBM3).


=== Recurrence rates ===

The average five-year recurrence rate in people with colon cancer where surgery is successful is 5% for stage I cancers, 12% in stage II, and 33% in stage III. However, depending on the number of risk factors it ranges from 9–22% in stage II and 17–44% in stage III. The average five-year recurrence rate in people with rectal cancer where surgery is successful is 9% for stage 0 (after pre-treatment) cancers, 8% for stage I cancers, 18% in stage II, and 34% in stage III. Depending on the number of risk factors (0–2) the risk for distant metastasis in rectal cancer ranges from 4–11% in stage 0, 6–12% in stage I, 11–28% in stage II, and 15–43% in stage III.
The recurrence rates have decreased over the past decades as a result of improvements in the colorectal cancer management. The risk of recurrence after five years of surveillance remain very low.


=== Survival rates ===
In Europe, the five-year survival rate for colorectal cancer is less than 60%. In the developed world, about a third of people who get the disease die from it.
Survival is directly related to detection and the type of cancer involved, but is overall poor for symptomatic cancers, as they are typically quite advanced. Survival rates for colorectal cancers detected at an early stage are about five times that of late-stage cancers. People with a tumor that has not breached the muscularis mucosa (TNM stage Tis, N0, M0) have a five-year survival rate of 100%. Those with invasive cancer of T1 (within the submucosal layer) or T2 (within the muscular layer) have an average five-year survival rate of approximately 90%. Those with a more invasive tumor yet without node involvement (T3–4, N0, M0) have an average five-year survival rate of approximately 70%. People with positive regional lymph nodes (any T, N1–3, M0) have an average five-year survival rate of approximately 40%. Those with distant metastases (any T, any N, M1) have a poor prognosis and the five-year survival ranges from <5% to 31%.
Five-year overall survival (OS) in rectal cancer after modern preoperative treatment and surgery was 90% for stage 0, 86% for stage I, 78% for stage II, and 67% for stage III according to a nationwide, population-based study.
While the impact of colorectal cancer on those who survive varies greatly, there will often be a need to adapt to both physical and psychological outcomes of the illness and its treatment. For example, it is common for people to experience incontinence, sexual dysfunction, problems with stoma care and fear of cancer recurrence after primary treatment has concluded.
A qualitative systematic review published in 2021 highlighted three main factors influencing adaptation to living with and beyond colorectal cancer: support mechanisms, severity of late treatment effects, and psychosocial adjustment. Therefore, people must be offered appropriate support to help them better adapt to life after treatment.
A 2026 study in the Journal of the American Medical Association shows that colorectal cancer is now the primary cause of cancer-related mortality among Americans younger than age 50. Colorectal cancer has overtaken all other malignancies in this age group and the analysis found that deaths from colon and rectal cancers among people under 50 have increased by approximately 1.1% per year since 2005, driving a striking shift as the disease ranked fifth among cancer killers in younger adults in the early 1990s is now in 2026 is the leading cause of cancer mortality.


== Epidemiology ==

Globally, more than 1 million people get colorectal cancer every year, resulting in about 715,000 deaths as of 2010, up from 490,000 in 1990.
As of 2012, it is the second most common cause of cancer in women (9.2% of diagnoses) and the third most common in men (10.0%) with it being the fourth most common cause of cancer death after lung, stomach, and liver cancer. It is more common in developed than developing countries. Global incidence varies 10-fold, with highest rates in Australia, New Zealand, Europe and the US and lowest rates in Africa and South-Central Asia.


=== United States ===
In 2022, the incidence of colorectal cancer in the United States was anticipated to be about 151,000 adults, including over 106,000 new cases of colon cancer (some 54,000 men and 52,000 women) and about 45,000 new cases of rectal cancer. Since the 1980s, the incidence of colorectal cancer decreased, dropping by about 2% annually from 2014 to 2018 in adults aged 50 and older, due mainly to improved screening. However, the incidence of colorectal cancer has increased in individuals aged 25 to 50. In early 2023, the American Cancer Society (ACS) reported that 20% of diagnoses (of colon cancer) in 2019 were in patients under age 55, which is about double the rate in 1995, and rates of advanced disease increased by about 3% annually in people younger than 50. It predicted that, in 2023, an estimated 19,550 diagnoses and 3,750 deaths would be in people younger than 50. Colorectal cancer also disproportionately affects black Americans, where the rates are the highest of any racial/ethnic group in the US. Black Americans are about 20% more likely to get colorectal cancer and about 40% more likely to die from it than most other groups.


=== United Kingdom ===
In the UK, about 41,000 people a year get colon cancer, making it the fourth most common type.


=== Australia ===
One in 19 men and one in 28 women in Australia will develop colorectal cancer before the age of 75; one in 10 men and one in 15 women will develop it by 85 years of age.


=== Papua New Guinea ===
In  Papua New Guinea and other Pacific Island States, including the Solomon Islands, colorectal cancer is a rare cancer compared to lung, stomach, liver, or breast cancer. It is estimated that 8 in 100,000 people are likely to develop colorectal cancer every year, while 24 in 100,000 women are likely to develop breast cancer.


== Early-onset colorectal cancer ==
A diagnosis of colorectal cancer in patients under 50 years of age is referred to as early-onset colorectal cancer (EOCC). Instances of EOCC have increased over the last decade, specifically in patient populations aged 20 to 40 years old throughout North America, Europe, Australia, and China.
A 2026 report found colorectal cancer to be the leading cause of cancer-related deaths for both men and women under 50 years old in the United States.


=== Incidence by age ===
The incidence of colorectal cancer in younger populations has increased over the last decade.  While advancements in the diagnostic procedure may have some impact, the reduced likelihood of screening among these populations suggests detection bias is not a major contributor to this trend.  It is more likely that cohort effects are contributing.
The population experiencing the greatest rise in EOCC cases is men and women aged 20 to 29 years old, with incidence increasing by 7.9% per year between 2004 and 2016. Similarly, though less severe, men and women aged 30 to 39 experienced an increase in cases at a rate of 3.4% per year during that same period. Despite these increases, the mortality rate for colorectal cancer has remained the same.


=== Risk factors ===
Risk factors associated with EOCC are akin to those of all colorectal cancer cases. Observed cohort effects are likely the product of generational shifts in lifestyle and environmental factors.


=== Preventive screening ===
In 2018, the American Cancer Society modified its previous screening guideline for colorectal cancer from age 50 down to age 45 following the recognition of increasing cases of EOCC. Individuals under the age of 60 have been identified as most susceptible to non-participation in colorectal cancer screening.


== History ==

Rectal cancer has been diagnosed in an Ancient Egyptian mummy who had lived in the Dakhleh Oasis during the Ptolemaic period.


== Society and culture ==

In the United States, March is colorectal cancer awareness month.
The International Agency for Research on Cancer (IARC), associated with the World Health Organization (WHO), has classified processed meat as a group I carcinogen, since the IARC has found sufficient evidence that consumption of processed meat by humans causes colorectal cancer.


== Research ==
Low-quality studies of early rectal cancer indicated that it is unclear if local surgery affects the risk of recurrent cancer, survival, and complications.


=== Exercise ===
A 2020 Cochrane review was uncertain whether physical activity interventions such as walking, cycling, resistance exercise, or yoga had any effect on physical and mental health in people with non‐advanced colorectal cancer. Prehabilitation programs may improve the 6‐minute walk test postoperatively, but the effect on complications, postoperative emergency department visits, and readmissions was uncertain. Results for the specific amounts of exercise needed to observe a benefit were conflicting.
Physical activity improves aerobic fitness, cancer-related fatigue, and health-related quality of life in the short term. However, these improvements were not observed at the level of disease-related mental health, such as anxiety and depression.


== See also ==
Adenoma-carcinoma sequence


== References ==


== External links ==

WHO fact sheet on colorectal cancer",https://en.wikipedia.org/wiki/Colorectal_cancer
Lung Cancer,Lung cancer,"Lung cancer is a malignant tumor that originates in the tissues of the lungs. Lung cancer is caused by genetic damage to the DNA of cells in the airways, often caused by cigarette smoking or inhaling damaging chemicals. Damaged airway cells gain the ability to multiply unchecked, causing the growth of a tumor. Without treatment, tumors spread throughout the lung, damaging lung function. Eventually lung tumors metastasize, spreading to other parts of the body.
Early lung cancer often has no symptoms and can only be detected by medical imaging. As the cancer progresses, most people experience nonspecific respiratory problems: coughing, shortness of breath, or chest pain. Other symptoms depend on the location and size of the tumor. Those suspected of having lung cancer typically undergo a series of imaging tests to determine the location and extent of any tumors. Definitive diagnosis of lung cancer requires a biopsy of the suspected tumor be examined by a pathologist under a microscope. In addition to recognizing cancerous cells, a pathologist can classify the tumor according to the type of cells it originates from. Around 15% of cases are small-cell lung cancer (SCLC), and the remaining 85% (the non-small-cell lung cancers or NSCLC) are adenocarcinomas, squamous-cell carcinomas, and large-cell carcinomas. After diagnosis, further imaging and biopsies are done to determine the cancer's stage based on how far it has spread.
Treatment for early stage lung cancer includes surgery to remove the tumor, sometimes followed by radiation therapy and chemotherapy to kill any remaining cancer cells. Later stage cancer is treated with radiation therapy and chemotherapy alongside drug treatments that target specific cancer subtypes. Even with treatment, only around 20% of people survive five years on from their diagnosis. Survival rates are higher in those diagnosed at an earlier stage, diagnosed at a younger age, and in women compared to men.
Most lung cancer cases are caused by tobacco smoking. The remainder are caused by exposure to hazardous substances like asbestos and radon gas, or by genetic mutations that arise by chance. Consequently, lung cancer prevention efforts encourage people to avoid hazardous chemicals and quit smoking. Quitting smoking both reduces one's chance of developing lung cancer and improves treatment outcomes in those already diagnosed with lung cancer.
Lung cancer is the most diagnosed and deadliest cancer worldwide, with 2.2 million cases in 2020 resulting in 1.8 million deaths. Lung cancer is rare in those younger than 40; the average age at diagnosis is 70 years, and the average age at death 72. Incidence and outcomes vary widely across the world, depending on patterns of tobacco use. Prior to the advent of cigarette smoking in the 20th century, lung cancer was a rare disease. In the 1950s and 1960s, increasing evidence linked lung cancer and tobacco use, culminating in declarations by most large national health bodies discouraging tobacco use.","Lung cancer is a malignant tumor that originates in the tissues of the lungs. Lung cancer is caused by genetic damage to the DNA of cells in the airways, often caused by cigarette smoking or inhaling damaging chemicals. Damaged airway cells gain the ability to multiply unchecked, causing the growth of a tumor. Without treatment, tumors spread throughout the lung, damaging lung function. Eventually lung tumors metastasize, spreading to other parts of the body.
Early lung cancer often has no symptoms and can only be detected by medical imaging. As the cancer progresses, most people experience nonspecific respiratory problems: coughing, shortness of breath, or chest pain. Other symptoms depend on the location and size of the tumor. Those suspected of having lung cancer typically undergo a series of imaging tests to determine the location and extent of any tumors. Definitive diagnosis of lung cancer requires a biopsy of the suspected tumor be examined by a pathologist under a microscope. In addition to recognizing cancerous cells, a pathologist can classify the tumor according to the type of cells it originates from. Around 15% of cases are small-cell lung cancer (SCLC), and the remaining 85% (the non-small-cell lung cancers or NSCLC) are adenocarcinomas, squamous-cell carcinomas, and large-cell carcinomas. After diagnosis, further imaging and biopsies are done to determine the cancer's stage based on how far it has spread.
Treatment for early stage lung cancer includes surgery to remove the tumor, sometimes followed by radiation therapy and chemotherapy to kill any remaining cancer cells. Later stage cancer is treated with radiation therapy and chemotherapy alongside drug treatments that target specific cancer subtypes. Even with treatment, only around 20% of people survive five years on from their diagnosis. Survival rates are higher in those diagnosed at an earlier stage, diagnosed at a younger age, and in women compared to men.
Most lung cancer cases are caused by tobacco smoking. The remainder are caused by exposure to hazardous substances like asbestos and radon gas, or by genetic mutations that arise by chance. Consequently, lung cancer prevention efforts encourage people to avoid hazardous chemicals and quit smoking. Quitting smoking both reduces one's chance of developing lung cancer and improves treatment outcomes in those already diagnosed with lung cancer.
Lung cancer is the most diagnosed and deadliest cancer worldwide, with 2.2 million cases in 2020 resulting in 1.8 million deaths. Lung cancer is rare in those younger than 40; the average age at diagnosis is 70 years, and the average age at death 72. Incidence and outcomes vary widely across the world, depending on patterns of tobacco use. Prior to the advent of cigarette smoking in the 20th century, lung cancer was a rare disease. In the 1950s and 1960s, increasing evidence linked lung cancer and tobacco use, culminating in declarations by most large national health bodies discouraging tobacco use.


== Signs and symptoms ==
Early lung cancer often has no symptoms. When symptoms do arise they are often nonspecific respiratory problems – coughing, shortness of breath, or chest pain – that can differ from person to person. Those who experience coughing tend to report either a new cough, or an increase in the frequency or strength of a pre-existing cough. Around one in four cough up blood, ranging from small streaks in the sputum to large amounts. Around half of those diagnosed with lung cancer experience shortness of breath, while 25–50% experience a dull, persistent chest pain that remains in the same location over time. In addition to respiratory symptoms, some experience systemic symptoms including loss of appetite, weight loss, general weakness, fever, and night sweats.
Some less common symptoms suggest tumors in particular locations. Tumors in the thorax can cause breathing problems by obstructing the trachea or disrupting the nerve to the diaphragm; difficulty swallowing by compressing the esophagus; hoarseness by disrupting the nerves of the larynx; and Horner's syndrome by disrupting the sympathetic nervous system. Horner's syndrome is also common in tumors at the top of the lung, known as Pancoast tumors, which also cause shoulder pain that radiates down the little-finger side of the arm as well as destruction of the topmost ribs. Swollen lymph nodes above the collarbone can indicate a tumor that has spread within the chest. Tumors obstructing bloodflow to the heart can cause superior vena cava syndrome (swelling of the upper body and shortness of breath), while tumors infiltrating the area around the heart can cause fluid buildup around the heart, arrhythmia (irregular heartbeat), and heart failure.
About one in three people diagnosed with lung cancer have symptoms caused by metastases in sites other than the lungs. Lung cancer can metastasize anywhere in the body, with different symptoms depending on the location. Brain metastases can cause headache, nausea, vomiting, seizures, and neurological deficits. Bone metastases can cause pain, bone fractures, and compression of the spinal cord. Metastasis into the bone marrow can deplete blood cells and cause leukoerythroblastosis (immature cells in the blood). Liver metastases can cause liver enlargement, pain in the right upper quadrant of the abdomen, fever, and weight loss.
Lung tumors often cause the release of body-altering hormones, which cause unusual symptoms, called paraneoplastic syndromes. Inappropriate hormone release can cause dramatic shifts in concentrations of blood minerals. Most common is hypercalcemia (high blood calcium) caused by over-production of parathyroid hormone-related protein or parathyroid hormone. Hypercalcemia can manifest as nausea, vomiting, abdominal pain, constipation, increased thirst, frequent urination, and altered mental status. Those with lung cancer also commonly experience hypokalemia (low potassium) due to inappropriate secretion of adrenocorticotropic hormone, as well as hyponatremia (low sodium) due to overproduction of antidiuretic hormone or atrial natriuretic peptide. About one of three people with lung cancer develop nail clubbing, while up to one in ten experience hypertrophic pulmonary osteoarthropathy (nail clubbing, joint soreness, and skin thickening). A variety of autoimmune disorders can arise as paraneoplastic syndromes in those with lung cancer, including Lambert–Eaton myasthenic syndrome (which causes muscle weakness), sensory neuropathies, muscle inflammation, brain swelling, and autoimmune deterioration of cerebellum, limbic system, or brainstem. Up to one in twelve people with lung cancer have paraneoplastic blood clotting, including migratory venous thrombophlebitis, clots in the heart, and disseminated intravascular coagulation (clots throughout the body). Paraneoplastic syndromes involving the skin and kidneys are rare, each occurring in up to 1% of those with lung cancer.


== Diagnosis ==

A person suspected of having lung cancer will have imaging tests done to evaluate the presence, extent, and location of tumors. First, many primary care providers perform a chest X-ray to look for a mass inside the lung. The X-ray may reveal an obvious mass, the widening of the mediastinum (suggestive of spread to lymph nodes there), atelectasis (lung collapse), consolidation (pneumonia), or pleural effusion; however, some lung tumors are not visible by X-ray. Next, many undergo computed tomography (CT) scanning, which can reveal the sizes and locations of tumors.
A definitive diagnosis of lung cancer requires a biopsy of the suspected tissue be histologically examined for cancer cells. Given the location of lung cancer tumors, biopsies can often be obtained by minimally invasive techniques: a fiberoptic bronchoscope that can retrieve tissue (sometimes guided by endobronchial ultrasound), fine needle aspiration, or other imaging-guided biopsy through the skin. Those who cannot undergo a typical biopsy procedure may instead have a liquid biopsy taken (that is, a sample of some body fluid) which may contain circulating tumor DNA that can be detected.

Imaging is also used to assess the extent of cancer spread. Positron emission tomography (PET) scanning or combined PET-CT scanning is often used to locate metastases in the body. Since PET scanning is less sensitive in the brain, the National Comprehensive Cancer Network recommends magnetic resonance imaging (MRI) – or CT where MRI is unavailable – to scan the brain for metastases in those with NSCLC and large tumors, or tumors that have spread to the nearby lymph nodes. When imaging suggests the tumor has spread, the suspected metastasis is often biopsied to confirm that it is cancerous. Lung cancer most commonly metastasizes to the brain, bones, liver, and adrenal glands.
Lung cancer can often appear as a solitary pulmonary nodule on a chest radiograph or CT scan. In lung cancer screening studies as many as 30% of those screened have a lung nodule, the majority of which turn out to be benign. Besides lung cancer many other diseases can also give this appearance, including hamartomas, and infectious granulomas caused by tuberculosis, histoplasmosis, or coccidioidomycosis.


=== Classification ===

At diagnosis, lung cancer is classified based on the type of cells the tumor is derived from; tumors derived from different cells progress and respond to treatment differently. There are two main types of lung cancer, categorized by the size and appearance of the malignant cells seen by a histopathologist under a microscope: small cell lung cancer (SCLC; 15% of cases) and non-small-cell lung cancer (NSCLC; 85% of cases). 
SCLC tumors are often found near the center of the lungs, in the major airways. Their cells appear small with ill-defined boundaries, not much cytoplasm, many mitochondria, and have distinctive nuclei with granular-looking chromatin and no visible nucleoli. 
NSCLCs comprise a group of three cancer types: adenocarcinoma, squamous-cell carcinoma, and large-cell carcinoma. 

Nearly 40% of lung cancers are adenocarcinomas. Their cells grow in three-dimensional clumps, resemble glandular cells, and may produce mucin.
About 30% of lung cancers are squamous-cell carcinomas. They typically occur close to large airways. The tumors consist of sheets of cells, with layers of keratin. A hollow cavity and associated cell death are commonly found at the center of the tumor.
Less than 10% of lung cancers are large-cell carcinomas, so named because the cells are large, with excess cytoplasm, large nuclei, and conspicuous nucleoli.
Around 10% of lung cancers are rarer types. These include mixes of the above subtypes like adenosquamous carcinoma, and rare subtypes such as carcinoid tumors, and sarcomatoid carcinomas.
Several lung cancer types are subclassified based on the growth characteristics of the cancer cells. Adenocarcinomas are classified as lepidic (growing along the surface of intact alveolar walls), acinar and papillary, or micropapillary and solid pattern. Lepidic adenocarcinomas tend to be least aggressive, while micropapillary and solid pattern adenocarcinomas are most aggressive.
In addition to examining cell morphology, biopsies are often stained by immunohistochemistry to confirm lung cancer classification. SCLCs bear the markers of neuroendocrine cells, such as chromogranin, synaptophysin, and CD56. Adenocarcinomas tend to express Napsin-A and TTF-1; squamous cell carcinomas lack Napsin-A and TTF-1, but express p63 and its cancer-specific isoform p40. CK7 and CK20 are also commonly used to differentiate lung cancers. CK20 is found in several cancers, but typically absent from lung cancer. CK7 is present in many lung cancers, but absent from squamous cell carcinomas.


=== Staging ===

Lung cancer staging is an assessment of the degree of spread of the cancer from its original source. It is one of the factors affecting both the prognosis and the treatment of lung cancer.
SCLC is typically staged with a relatively simple system: limited stage or extensive stage. Around a third of people are diagnosed at the limited stage, meaning cancer is confined to one side of the chest, within the scope of a single radiotherapy field. The other two thirds are diagnosed at the extensive stage, with cancer spread to both sides of the chest, or to other parts of the body.
NSCLC – and sometimes SCLC – is typically staged with the American Joint Committee on Cancer's Tumor, Node, Metastasis (TNM) staging system. The size and extent of the tumor (T), spread to regional lymph nodes (N), and distant metastases (M) are scored individually, and combined to form stage groups.
Relatively small tumors are designated T1, which are subdivided by size: tumors ≤ 1 centimeter (cm) across are T1a; 1–2 cm T1b; 2–3 cm T1c. Tumors up to 5 cm across, or those that have spread to the visceral pleura (tissue covering the lung) or main bronchi, are designated T2. T2a designates 3–4 cm tumors; T2b 4–5 cm tumors. T3 tumors are up to 7 cm across, have multiple nodules in the same lobe of the lung, or invade the chest wall, diaphragm (or the nerve that controls it), or area around the heart. Tumors that are larger than 7 cm, have nodules spread in different lobes of a lung, or invade the mediastinum (center of the chest cavity), heart, largest blood vessels that supply the heart, trachea, esophagus, or spine are designated T4. Lymph node staging depends on the extent of local spread: with the cancer metastasized to no lymph nodes (N0), pulmonary or hilar nodes (along the bronchi) on the same side as the tumor (N1), mediastinal or subcarinal lymph nodes (in the middle of the lungs, N2), or lymph nodes on the opposite side of the lung from the tumor (N3). Metastases are staged as no metastases (M0), nearby metastases (M1a; the space around the lung or the heart, or the opposite lung), a single distant metastasis (M1b), or multiple metastases (M1c).
These T, N, and M scores are combined to designate a stage grouping for the cancer. Cancer limited to smaller tumors is designated stage I. Disease with larger tumors or spread to the nearest lymph nodes is stage II. Cancer with the largest tumors or extensive lymph node spread is stage III. Cancer that has metastasized is stage IV. Each stage is further subdivided based on the combination of T, N, and M scores.


=== Screening ===

Some countries recommend that people who are at a high risk of developing lung cancer be screened at different intervals using low-dose CT lung scans. Screening programs may result in early detection of lung tumors in people who are not yet experiencing symptoms of lung cancer, ideally, early enough that the tumors can be successfully treated and result in decreased mortality. There is evidence that regular low-dose CT scans in people at high risk of developing lung cancer reduces total lung cancer deaths by as much as 20%. Despite evidence of benefit in these populations, potential harms of screening include the potential for a person to have a 'false positive' screening result that may lead to unnecessary testing, invasive procedures, and distress. Although rare, there is also a risk of radiation-induced cancer. The United States Preventive Services Task Force recommends yearly screening using low-dose CT in people between 55 and 80 who have a smoking history of at least 30 pack-years. The European Commission recommends that cancer screening programs across the European Union be extended to include low-dose CT lung scans for current or previous smokers. Similarly, The Canadian Task Force for Preventative Health recommends that people who are current or former smokers (smoking history of more than 30 pack years) and who are between the ages of 55–74 years be screened for lung cancer.


== Treatment ==

Treatment for lung cancer depends on the cancer's specific cell type, how far it has spread, and the person's health. Common treatments for early stage cancer includes surgical removal of the tumor, chemotherapy, and radiation therapy. For later-stage cancer, chemotherapy and radiation therapy are combined with newer targeted molecular therapies and immune checkpoint inhibitors. All lung cancer treatment regimens are combined with lifestyle changes and palliative care to improve quality of life.


=== Small-cell lung cancer ===

Limited-stage SCLC is typically treated with a combination of chemotherapy and radiotherapy. For chemotherapy, the National Comprehensive Cancer Network and American College of Chest Physicians guidelines recommend four to six cycles of a platinum-based chemotherapeutic – cisplatin or carboplatin – combined with either etoposide or irinotecan. This is typically combined with thoracic radiation therapy – 45 Gray (Gy) twice-daily – alongside the first two chemotherapy cycles. First-line therapy causes remission in up to 80% of those who receive it; however most people relapse with chemotherapy-resistant disease. Those who relapse are given second-line chemotherapies. Topotecan and lurbinectedin are approved by the US FDA for this purpose. Irinotecan, paclitaxel, docetaxel, vinorelbine, etoposide, and gemcitabine are also sometimes used, and are similarly efficacious. Prophylactic cranial irradiation can reduce the risk of brain metastases and improve survival in those with limited-stage disease.
Extensive-stage SCLC is treated first with etoposide along with either cisplatin or carboplatin. Radiotherapy is used only to shrink tumors that are causing particularly severe symptoms. Combining standard chemotherapy with an immune checkpoint inhibitor can improve survival for a minority of those affected, extending the average person's lifespan by around 2 months.


=== Non-small-cell lung cancer ===

For stage I and stage II, NSCLC the first line of treatment is often surgical removal of the affected lobe of the lung. For those not well enough to tolerate full lobe removal, a smaller chunk of lung tissue can be removed by wedge resection or segmentectomy surgery. Those with centrally located tumors and otherwise-healthy respiratory systems may have more extreme surgery to remove an entire lung (pneumonectomy). Experienced thoracic surgeons, and a high-volume surgery clinic improve chances of survival. Those who are unable or unwilling to undergo surgery can instead receive radiation therapy. Stereotactic body radiation therapy is best practice, typically administered several times over 1–2 weeks. Chemotherapy has little effect in those with stage I NSCLC, and may worsen disease outcomes in those with the earliest disease. In those with stage II disease, chemotherapy is usually initiated six to twelve weeks after surgery, with up to four cycles of cisplatin – or carboplatin in those with kidney problems, neuropathy, or hearing impairment – combined with vinorelbine, pemetrexed, gemcitabine, or docetaxel.
Treatment for those with stage III NSCLC depends on the nature of their disease. Those with more limited spread may undergo surgery to have the tumor and affected lymph nodes removed, followed by chemotherapy and potentially radiotherapy. Those with particularly large tumors (T4) and those for whom surgery is impractical are treated with combination chemotherapy and radiotherapy along with the immunotherapy durvalumab. Combined chemotherapy and radiation enhances survival compared to chemotherapy followed by radiation, though the combination therapy comes with harsher side effects.
Those with stage IV disease are treated with combinations of pain medication, radiotherapy, immunotherapy, and chemotherapy. Many cases of advanced disease can be treated with targeted therapies depending on the genetic makeup of the cancerous cells. Up to 30% of tumors have mutations in the EGFR gene that result in an overactive EGFR protein; these can be treated with EGFR inhibitors osimertinib, erlotinib, gefitinib, afatinib, or dacomitinib – with osimertinib known to be superior to erlotinib and gefitinib, and all superior to chemotherapy alone. Up to 7% of those with NSCLC harbor mutations that result in hyperactive ALK protein, which can be treated with ALK inhibitors crizotinib, or its successors alectinib, brigatinib, and ceritinib. Those treated with ALK inhibitors who relapse can then be treated with the third-generation ALK inhibitor lorlatinib. Up to 5% with NSCLC have overactive MET, which can be inhibited with MET inhibitors capmatinib or tepotinib. Targeted therapies are also available for some cancers with rare mutations. Cancers with hyperactive BRAF (around 2% of NSCLC) can be treated by dabrafenib combined with the MEK inhibitor trametinib; those with activated ROS1 (around 1% of NSCLC) can be inhibited by crizotinib, lorlatinib, or entrectinib; overactive NTRK (<1% of NSCLC) by entrectinib or larotrectinib; active RET (around 1% of NSCLC) by selpercatinib.
People whose NSCLC is not targetable by current molecular therapies instead can be treated with combination chemotherapy plus immune checkpoint inhibitors, which prevent cancer cells from inactivating immune T cells. The chemotherapeutic agent of choice depends on the NSCLC subtype: cisplatin plus gemcitabine for squamous cell carcinoma, cisplatin plus pemetrexed for non-squamous cell carcinoma. Immune checkpoint inhibitors are most effective against tumors that express the protein PD-L1, but are sometimes effective in those that do not. Treatment with pembrolizumab, atezolizumab, or combination nivolumab plus ipilimumab are all superior to chemotherapy alone against tumors expressing PD-L1. Those who relapse on the above are treated with second-line chemotherapeutics docetaxel and ramucirumab.


=== Palliative care ===

Integrating palliative care (medical care focused on improving symptoms and lessening discomfort) into lung cancer treatment from the time of diagnosis improves the survival time and quality of life of those with lung cancer. Particularly common symptoms of lung cancer are shortness of breath and pain. Supplemental oxygen, improved airflow, re-orienting an affected person in bed, and low-dose morphine can all improve shortness of breath. In around 20 to 30% of those with lung cancer – particularly those with late-stage disease – growth of the tumor can narrow or block the airway, causing coughing and difficulty breathing. Obstructing tumors can be surgically removed where possible, though typically those with airway obstruction are not well enough for surgery. In such cases the American College of Chest Physicians recommends opening the airway by inserting a stent, attempting to shrink the tumor with localized radiation (brachytherapy), or physically removing the blocking tissue by bronchoscopy, sometimes aided by thermal or laser ablation. Other causes of lung cancer-associated shortness of breath can be treated directly, such as antibiotics for a lung infection, diuretics for pulmonary edema, benzodiazepines for anxiety, and steroids for airway obstruction.
Up to 92% of those with lung cancer report pain, either from tissue damage at the tumor site(s) or nerve damage. The World Health Organization (WHO) has developed a three-tiered system for managing cancer pain. For those with mild pain (tier one), the WHO recommends acetaminophen or a nonsteroidal anti-inflammatory drug. Around a third of people experience moderate (tier two) or severe (tier three) pain, for which the WHO recommends opioid painkillers. Opioids are typically effective at easing nociceptive pain (pain caused by damage to various body tissues). Opioids are occasionally effective at easing neuropathic pain (pain caused by nerve damage). Neuropathic agents such as anticonvulsants, tricyclic antidepressants, and serotonin–norepinephrine reuptake inhibitors, are often used to ease neuropathic pain, either alone or in combination with opioids. In many cases, targeted radiotherapy can be used to shrink tumors, reducing pain and other symptoms caused by tumor growth.
Individuals who have advanced disease and are approaching end-of-life can benefit from dedicated end-of-life care to manage symptoms and ease suffering. As in earlier disease, pain and difficulty breathing are common, and can be managed with opioid pain medications, transitioning from oral medication to injected medication if the affected individual loses the ability to swallow. Coughing is also common, and can be managed with opioids or cough suppressants. Some experience terminal delirium – confused behavior, unexplained movements, or a reversal of the sleep-wake cycle – which can be managed by antipsychotic drugs, low-dose sedatives, and investigating other causes of discomfort such as low blood sugar, constipation, and sepsis. In the last few days of life, many develop terminal secretions – pooled fluid in the airways that can cause a rattling sound while breathing. This is thought not to cause respiratory problems, but can distress family members and caregivers. Terminal secretions can be reduced by anticholinergic medications. Even those who are non-communicative or have reduced consciousness may be able to experience cancer-related pain, so pain medications are typically continued until the time of death.


== Prognosis ==

Around 19% of people diagnosed with lung cancer survive five years from diagnosis, though prognosis varies based on the stage of the disease at diagnosis and the type of lung cancer. Prognosis is better for people with lung cancer diagnosed at an earlier stage; those diagnosed at the earliest TNM stage, IA1 (small tumor, no spread), have a two-year survival of 97% and five-year survival of 92%. Those diagnosed at the most-advanced stage, IVB, have a two-year survival of 10% and a five-year survival of 0%. Five-year survival is higher in women (22%) than men (16%). Women tend to be diagnosed with less-advanced disease, and have better outcomes than men diagnosed at the same stage. Average five-year survival also varies across the world, with particularly high five-year survival in Japan (33%), and five-year survival above 20% in 12 other countries: Mauritius, Canada, the US, China, South Korea, Taiwan, Israel, Latvia, Iceland, Sweden, Austria, and Switzerland.
SCLC is particularly aggressive. 10–15% of people survive five years after a SCLC diagnosis. As with other types of lung cancer, the extent of disease at diagnosis also influences prognosis. The average person diagnosed with limited-stage SCLC survives 12–20 months from diagnosis; with extensive-stage SCLC around 12 months. While SCLC often responds initially to treatment, most people eventually relapse with chemotherapy-resistant cancer, surviving an average 3–4 months from the time of relapse. Those with limited stage SCLC that go into complete remission after chemotherapy and radiotherapy have a 50% chance of brain metastases developing within the next two years – a chance reduced by prophylactic cranial irradiation.
Several other personal and disease factors are associated with improved outcomes. Those diagnosed at a younger age tend to have better outcomes. Those who smoke or experience weight loss as a symptom tend to have worse outcomes. Tumor mutations in KRAS are associated with reduced survival.


=== Experience ===
The uncertainty of lung cancer prognosis often causes stress, and makes future planning difficult, for those with lung cancer and their families. Those whose cancer goes into remission often experience fear of their cancer returning or progressing, associated with poor quality of life, negative mood, and functional impairment. This fear is exacerbated by frequent or prolonged surveillance imaging, and other reminders of cancer risks.


== Causes ==

Lung cancer is caused by genetic damage to the DNA of lung cells. In general, this damage causes loss of function of tumor suppressor genes, or gain in function of oncogenes. These changes are sometimes random, but are typically induced by breathing in toxic substances such as cigarette smoke. Cancer-causing genetic changes affect the cell's normal functions, including cell proliferation, programmed cell death (apoptosis), and DNA repair. Eventually, cells gain enough genetic changes to grow uncontrollably, forming a tumor, and eventually spreading within and then beyond the lung. Rampant tumor growth and spread causes the symptoms of lung cancer. If unstopped, the spreading tumor will eventually cause the death of affected individuals.


=== Smoking ===

Tobacco smoking is by far the major contributor to lung cancer, causing 80% to 90% of cases. Lung cancer risk increases with quantity of cigarettes consumed. Tobacco smoking's carcinogenic effect is due to various chemicals in tobacco smoke that cause DNA mutations, increasing the chance of cells becoming cancerous. The International Agency for Research on Cancer identifies at least 50 chemicals in tobacco smoke as carcinogenic, and the most potent is tobacco-specific nitrosamines. Exposure to these chemicals causes several kinds of DNA damage: DNA adducts, oxidative stress, and breaks in the DNA strands. Being around tobacco smoke – called passive smoking – can also cause lung cancer. Living with a tobacco smoker increases one's risk of developing lung cancer by 24%. An estimated 17% of lung cancer cases in those who do not smoke are caused by high levels of environmental tobacco smoke.
Vaping may be a risk factor for lung cancer, but less than that of cigarettes, and further research as of 2021 is necessary due to the length of time it can take for lung cancer to develop following an exposure to carcinogens.
The smoking of non-tobacco products is not known to be associated with lung cancer development. Marijuana smoking does not seem to independently cause lung cancer – despite the relatively high levels of tar and known carcinogens in marijuana smoke. The relationship between smoking cocaine and developing lung cancer has not been studied as of 2020.


=== Environmental exposures ===

Exposure to a variety of other toxic chemicals – typically encountered in certain occupations – is associated with an increased risk of lung cancer. Occupational exposures to carcinogens cause 9–15% of lung cancer. A prominent example is asbestos, which causes lung cancer either directly or indirectly by inflaming the lung. Exposure to all commercially available forms of asbestos increases cancer risk, and cancer risk increases with time of exposure. Asbestos and cigarette smoking increase risk synergistically – that is, the risk of someone who smokes and has asbestos exposure dying from lung cancer is much higher than would be expected from adding the two risks together. Similarly, exposure to radon, a naturally occurring breakdown product of the Earth's radioactive elements, is associated with increased lung cancer risk. Radon levels vary with geography. Underground miners have the greatest exposure; however even the lower levels of radon that seep into residential spaces can increase occupants' risk of lung cancer. Like asbestos, cigarette smoking and radon exposure increase risk synergistically. Radon exposure is responsible for between 3% and 14% of lung cancer cases.
Several other chemicals encountered in various occupations are also associated with increased lung cancer risk including arsenic used in wood preservation, pesticide application, and some ore smelting; ionizing radiation encountered during uranium mining; vinyl chloride in papermaking; beryllium in jewelers, ceramics workers, missile technicians, and nuclear reactor workers; chromium in stainless steel production, welding, and hide tanning; nickel in electroplaters, glass workers, metal workers, welders, and those who make batteries, ceramics, and jewelry; and diesel exhaust encountered by miners.
Exposure to air pollution, especially particulate matter released by motor vehicle exhaust and fossil fuel-burning power plants, increases the risk of lung cancer. Indoor air pollution from burning wood, charcoal, or crop residue for cooking and heating has also been linked to an increased risk of developing lung cancer. The International Agency for Research on Cancer has classified emission from household burning of coal and biomass as ""carcinogenic"" and ""probably carcinogenic"" respectively.


=== Other diseases ===
Several other diseases that cause inflammation of the lung increase one's risk of lung cancer. This association is strongest for chronic obstructive pulmonary disorder (COPD) – the risk is highest in those with the most inflammation, and reduced in those whose inflammation is treated with inhaled corticosteroids. Other inflammatory lung and immune system diseases such as alpha-1 antitrypsin deficiency, interstitial fibrosis, scleroderma, Chlamydia pneumoniae infection, tuberculosis, and HIV infection are associated with increased risk of developing lung cancer. Epstein–Barr virus is associated with the development of the rare lung cancer lymphoepithelioma-like carcinoma in people from Asia, but not in people from Western nations. A role for several other infectious agents – namely human papillomaviruses, BK virus, JC virus, human cytomegalovirus, SV40, measles virus, and Torque teno virus – in lung cancer development has been studied but remains inconclusive as of 2020.


=== Genetics ===
Particular gene combinations may make some people more susceptible to lung cancer. Close family members of those with lung cancer have around twice the risk of developing lung cancer as an average person, even after controlling for occupational exposure and smoking habits. Genome-wide association studies have identified many gene variants associated with lung cancer risk, each of which contributes a small risk increase. Many of these genes participate in pathways known to be involved in carcinogenesis, namely DNA repair, inflammation, the cell division cycle, cellular stress responses, and chromatin remodeling. Some rare genetic disorders that increase the risk of various cancers also increase the risk of lung cancer, namely retinoblastoma and Li–Fraumeni syndrome.


=== Sex differences ===
Biological drivers of sex differences in lung cancer incidence include the influence of sex hormones, tumor cell genetic variations, and differences in immune system function. Hormones with known roles in lang cancer biology include estrogen (E2), progesterone (P) and testosterone. These biological factors may affect susceptibility to lung cancer and contribute to disparities in disease development, progression, and responses to treatments between males and females.


== Pathogenesis ==
As with all cancers, lung cancer is triggered by mutations that allow tumor cells to endlessly multiply, stimulate blood vessel growth, avoid apoptosis (programmed cell death), generate pro-growth signalling molecules, ignore anti-growth signalling molecules, and eventually spread into surrounding tissue or metastasize throughout the body. Different tumors can acquire these abilities through different mutations, though generally cancer-contributing mutations activate oncogenes and inactivate tumor suppressors. Some mutations – called ""driver mutations"" – are particularly common in adenocarcinomas, and contribute disproportionately to tumor development. These typically occur in the receptor tyrosine kinases EGFR, BRAF, MET, KRAS, and PIK3CA. Similarly, some adenocarcinomas are driven by chromosomal rearrangements that result in overexpression of tyrosine kinases ALK, ROS1, NTRK, and RET. A given tumor will typically have just one driver mutation. In contrast, SCLCs rarely have these driver mutations, and instead often have mutations that have inactivated the tumor suppressors p53 and RB. A cluster of tumor suppressor genes on the short arm of chromosome 3 are often lost early in the development of all lung cancers.


== Prevention ==


=== Smoking cessation ===
Those who smoke can reduce their lung cancer risk by quitting smoking – the risk reduction is greater the longer a person goes without smoking. Self-help programs tend to have little influence on success of smoking cessation, whereas combined counseling and pharmacotherapy improve cessation rates. The US FDA has approved antidepressant therapies and the nicotine replacement varenicline as first-line therapies to aid in smoking cessation. Clonidine and nortriptyline are recommended second-line therapies. The majority of those diagnosed with lung cancer attempt to quit smoking; around half succeed. Even after lung cancer diagnosis, smoking cessation improves treatment outcomes, reducing cancer treatment toxicity and failure rates, and lengthening survival time.

At a societal level, smoking cessation can be promoted by tobacco control policies that make tobacco products more difficult to obtain or use. Many such policies are mandated or recommended by the WHO Framework Convention on Tobacco Control, ratified by 182 countries, representing over 90% of the world's population. The WHO groups these policies into six intervention categories, each of which has been shown to be effective in reducing the cost of tobacco-induced disease burden on a population: 

increasing the price of tobacco by raising taxes;
banning tobacco use in public places to reduce exposure;
banning tobacco advertisements;
publicizing the dangers of tobacco products;
instituting help programs for those attempting to quit smoking; and
monitoring population-level tobacco use and the effectiveness of tobacco control policies.
Policies implementing each intervention are associated with decreases in tobacco smoking prevalence. The more policies implemented, the greater the reduction. Reducing access to tobacco for adolescents is particularly effective at decreasing uptake of habitual smoking, and adolescent demand for tobacco products is particularly sensitive to increases in cost.


=== Diet and lifestyle ===

Several foods and dietary supplements have been associated with lung cancer risk. High consumption of some animal products – red meat (but not other meats or fish), saturated fats, as well as nitrosamines and nitrites (found in salted and smoked meats) – is associated with an increased risk of developing lung cancer. In contrast, high consumption of fruits and vegetables is associated with a reduced risk of lung cancer, particularly consumption of cruciferous vegetables and raw fruits and vegetables. Based on the beneficial effects of fruits and vegetables, supplementation of several individual vitamins have been studied. Supplementation with vitamin A or beta-carotene had no effect on lung cancer, and instead slightly increased mortality. Dietary supplementation with vitamin E or retinoids similarly had no effect. Consumption of polyunsaturated fats, tea, alcoholic beverages, and coffee are all associated with reduced risk of developing lung cancer.
Along with diet, body weight and exercise habits are also associated with lung cancer risk. Being overweight is associated with a lower risk of developing lung cancer, possibly due to the tendency of those who smoke cigarettes to have a lower body weight. However, being underweight is also associated with a reduced lung cancer risk. Some studies have shown those who exercise regularly or have better cardiovascular fitness to have a lower risk of developing lung cancer.


== Epidemiology ==

Worldwide, lung cancer is the most diagnosed type of cancer, and the leading cause of cancer death. In 2020, 2.2 million new cases were diagnosed, and 1.8 million people died from lung cancer, representing 18% of all cancer deaths. Lung cancer deaths are expected to rise globally to nearly 3 million annual deaths by 2035, due to high rates of tobacco use and aging populations. Lung cancer is rare among those younger than 40; after that, cancer rates increase with age, stabilizing around age 80. The median age of a person diagnosed with lung cancer is 70; the median age of death is 72.
Lung cancer incidence varies by geography and sex, with the highest rates in Micronesia, Polynesia, Europe, Asia, and North America; and lowest rates in Africa and Central America. Globally, around 8% of men and 6% of women develop lung cancer in their lifetimes. The ratio of lung cancer cases in men to women varies considerably by geography, from as high as nearly 12:1 in Belarus, to 1:1 in Brazil, likely due to differences in smoking patterns.
Lung cancer risk is influenced by environmental exposure, namely cigarette smoking, as well as occupational risks in mining, shipbuilding, petroleum refining, and occupations that involve asbestos exposure. People who have smoked cigarettes account for 85–90% of lung cancer cases, and 15% of smokers develop lung cancer. Non-smokers' risk of developing lung cancer is also influenced by tobacco smoking; secondhand smoke (that is, being around tobacco smoke) increases risk of developing lung cancer around 30%, with risk correlated to duration of exposure. As the global incidence of lung cancer decreases in parallel with declining smoking rates in developed countries, the incidence of lung cancer in individuals who have never smoked is stable or increasing.


== History ==
Lung cancer was uncommon before the advent of cigarette smoking. Surgeon Alton Ochsner recalled that as a Washington University medical student in 1919, his entire medical school class was summoned to witness an autopsy of a man who had died from lung cancer, and told they may never see such a case again. In Isaac Adler's 1912 Primary Malignant Growths of the Lungs and Bronchi, he called lung cancer ""among the rarest forms of disease""; Adler tabulated the 374 cases of lung cancer that had been published to that time, concluding the disease was increasing in incidence. By the 1920s, several theories had been put forward linking the increase in lung cancer to various chemical exposures that had increased including tobacco smoke, asphalt dust, industrial air pollution, and poisonous gasses from World War I.
Over the following decades, growing scientific evidence linked lung cancer to cigarette consumption. Through the 1940s and early 1950s, several case-control studies showed that those with lung cancer were more likely to have smoked cigarettes compared to those without lung cancer. These were followed by several prospective cohort studies in the 1950s – including the first report of the British Doctors Study in 1954 – all of which showed that those who smoked tobacco were at dramatically increased risk of developing lung cancer.

A 1953 study showing that tar from cigarette smoke could cause tumors in mice attracted attention in the popular press, with features in Life and Time magazines. Facing public concern and falling stock prices, the CEOs of six of the largest American tobacco companies gathered in December 1953. They enlisted the help of public relations firm Hill & Knowlton to craft a multi-pronged strategy aiming to distract from accumulating evidence by funding tobacco-friendly research, declaring the link to lung cancer ""controversial"", and demanding ever-more research to settle this purported controversy. At the same time, internal research at the major tobacco companies supported the link between tobacco and lung cancer; though these results were kept secret from the public.
As evidence linking tobacco use with lung cancer mounted, various health bodies announced official positions linking the two. In 1962, the United Kingdom's Royal College of Physicians officially concluded that cigarette smoking causes lung cancer, prompting the United States Surgeon General to empanel (enroll or enlist) an advisory committee, which deliberated in secret over nine sessions between November 1962 and December 1963. The committee's report, published in January 1964, firmly concluded that cigarette smoking ""far outweighs all other factors"" in causing lung cancer. The report received substantial coverage in the popular press, and is widely seen as a turning point for public recognition that tobacco smoking causes lung cancer.
The connection with radon gas was first recognized among miners in Germany's Ore Mountains. As early as 1500, miners were noted to develop a deadly disease called ""mountain sickness"" (""Bergkrankheit""), identified as lung cancer by the late 19th century. By 1938, up to 80% of miners in affected regions died from the disease. In the 1950s radon and its breakdown products became established as causes of lung cancer in miners. Based largely on studies of miners, the International Agency for Research on Cancer classified radon as ""carcinogenic to humans"" in 1988. In 1956, a study revealed radon in Swedish residences. Over the following decades, high radon concentrations were found in residences across the world; by the 1980s many countries had established national radon programs to catalog and mitigate residential radon.
The first successful pneumonectomy for lung cancer was performed in 1933 by Evarts Graham at Barnes Hospital in St. Louis, Missouri. Over the following decades, surgical development focused on sparing as much healthy lung tissue as possible, with the lobectomy surpassing the pneumectomy in frequency by the 1960s, and the wedge resection appearing in the early 1970s. This trend continued with the development of video-assisted thoracoscopic surgery in the 1980s, now widely performed for many lung cancer surgeries.


== Research ==
While lung cancer is the deadliest type of cancer, it receives the third-most funding from the US National Cancer Institute (NCI, the world's largest cancer research funder) behind brain cancers and breast cancer. Despite high levels of gross research funding, lung cancer funding per death lags behind many other cancers, with around $3,200 spent on lung cancer research in 2022 per US death, considerably lower than that for brain cancer ($22,000 per death), breast cancer ($14,000 per death), and cancer as a whole ($11,000 per death). A similar trend holds for private nonprofit organizations. Annual revenues of lung cancer-focused nonprofits rank fifth among cancer types, but lung cancer nonprofits have lower revenue than would be expected for the number of lung cancer cases, deaths, and potential years of life lost.
Despite this, many investigational lung cancer treatments are undergoing clinical trials – with nearly 2,250 active clinical trials registered as of 2021. Of these, a large plurality are testing radiotherapy regimens (26% of trials) and surgical techniques (22%). Many others are testing targeted anticancer drugs, with targets including EGFR (17% of trials), microtubules (12%), VEGF (12%), immune pathways (10%), mTOR (1%), and histone deacetylases (<1%).


== References ==


=== Cited ===


== External links ==",https://en.wikipedia.org/wiki/Lung_cancer
Heart Attack,Myocardial infarction,"A myocardial infarction (MI), commonly known as a heart attack, occurs when blood flow decreases or stops in one of the arteries of the heart, causing infarction (tissue death) to the heart muscle. The most common symptom is retrosternal chest pain or discomfort that classically radiates to the left shoulder, arm, or jaw. The pain may occasionally feel like heartburn. This is the dangerous type of acute coronary syndrome.
Other symptoms may include shortness of breath, nausea, feeling faint, a cold sweat, feeling tired, and decreased level of consciousness. Women more often present without chest pain and instead have neck pain, arm pain or feel tired. Among those over 75 years old, about 5% have had an MI with little or no history of symptoms. An MI may cause heart failure, an irregular heartbeat, cardiogenic shock or cardiac arrest.
Most MIs occur due to coronary artery disease. Risk factors include high blood pressure, smoking, diabetes, lack of exercise, obesity, high blood cholesterol, poor diet, and excessive alcohol intake. The complete blockage of a coronary artery caused by a rupture of an atherosclerotic plaque is usually the underlying mechanism of an MI. MIs are less commonly caused by coronary artery spasms, which may be due to cocaine, significant emotional stress (often known as Takotsubo syndrome or broken heart syndrome) and extreme cold, among others. Many tests are helpful with diagnosis, including electrocardiograms (ECGs), blood tests and coronary angiography. An ECG, which is a recording of the heart's electrical activity, may confirm an ST elevation MI (STEMI), if ST elevation is present. Commonly used blood tests include troponin and less often creatine kinase MB.
Treatment of an MI is time-critical. Aspirin is an appropriate immediate treatment for a suspected MI. Nitroglycerin or opioids may be used to help with chest pain; however, they do not improve overall outcomes. Supplemental oxygen is recommended in those with low oxygen levels or shortness of breath. In a STEMI, treatments attempt to restore blood flow to the heart and include percutaneous coronary intervention (PCI), where the arteries are pushed open and may be stented, or thrombolysis, where the blockage is removed using medications. People who have a non-ST elevation myocardial infarction (NSTEMI) are often managed with the blood thinner heparin, with the additional use of PCI in those at high risk. In people with blockages of multiple coronary arteries and diabetes, coronary artery bypass surgery (CABG) may be recommended rather than angioplasty. After an MI, lifestyle modifications, along with long-term treatment with aspirin, beta blockers and statins, are typically recommended.
Worldwide, about 15.9 million myocardial infarctions occurred in 2015. More than 3 million people had an ST elevation MI, and more than 4 million had an NSTEMI. STEMIs occur about twice as often in men as women. About one million people have an MI each year in the United States. In the developed world, the risk of death in those who have had a STEMI is about 10%. Rates of MI for a given age have decreased globally between 1990 and 2010. In 2011, an MI was one of the top five most expensive conditions during inpatient hospitalizations in the US, with a cost of about $11.5 billion for 612,000 hospital stays.","A myocardial infarction (MI), commonly known as a heart attack, occurs when blood flow decreases or stops in one of the arteries of the heart, causing infarction (tissue death) to the heart muscle. The most common symptom is retrosternal chest pain or discomfort that classically radiates to the left shoulder, arm, or jaw. The pain may occasionally feel like heartburn. This is the dangerous type of acute coronary syndrome.
Other symptoms may include shortness of breath, nausea, feeling faint, a cold sweat, feeling tired, and decreased level of consciousness. Women more often present without chest pain and instead have neck pain, arm pain or feel tired. Among those over 75 years old, about 5% have had an MI with little or no history of symptoms. An MI may cause heart failure, an irregular heartbeat, cardiogenic shock or cardiac arrest.
Most MIs occur due to coronary artery disease. Risk factors include high blood pressure, smoking, diabetes, lack of exercise, obesity, high blood cholesterol, poor diet, and excessive alcohol intake. The complete blockage of a coronary artery caused by a rupture of an atherosclerotic plaque is usually the underlying mechanism of an MI. MIs are less commonly caused by coronary artery spasms, which may be due to cocaine, significant emotional stress (often known as Takotsubo syndrome or broken heart syndrome) and extreme cold, among others. Many tests are helpful with diagnosis, including electrocardiograms (ECGs), blood tests and coronary angiography. An ECG, which is a recording of the heart's electrical activity, may confirm an ST elevation MI (STEMI), if ST elevation is present. Commonly used blood tests include troponin and less often creatine kinase MB.
Treatment of an MI is time-critical. Aspirin is an appropriate immediate treatment for a suspected MI. Nitroglycerin or opioids may be used to help with chest pain; however, they do not improve overall outcomes. Supplemental oxygen is recommended in those with low oxygen levels or shortness of breath. In a STEMI, treatments attempt to restore blood flow to the heart and include percutaneous coronary intervention (PCI), where the arteries are pushed open and may be stented, or thrombolysis, where the blockage is removed using medications. People who have a non-ST elevation myocardial infarction (NSTEMI) are often managed with the blood thinner heparin, with the additional use of PCI in those at high risk. In people with blockages of multiple coronary arteries and diabetes, coronary artery bypass surgery (CABG) may be recommended rather than angioplasty. After an MI, lifestyle modifications, along with long-term treatment with aspirin, beta blockers and statins, are typically recommended.
Worldwide, about 15.9 million myocardial infarctions occurred in 2015. More than 3 million people had an ST elevation MI, and more than 4 million had an NSTEMI. STEMIs occur about twice as often in men as women. About one million people have an MI each year in the United States. In the developed world, the risk of death in those who have had a STEMI is about 10%. Rates of MI for a given age have decreased globally between 1990 and 2010. In 2011, an MI was one of the top five most expensive conditions during inpatient hospitalizations in the US, with a cost of about $11.5 billion for 612,000 hospital stays.


== Terminology ==

Myocardial infarction (MI) refers to tissue death (infarction) of a part of the heart muscle (myocardium), caused by ischemia, the lack of oxygen delivery to myocardial tissue. It is a type of acute coronary syndrome, which describes a sudden or short-term change in symptoms related to blood flow to the heart. Unlike the other type of acute coronary syndrome, unstable angina, a myocardial infarction occurs when there is cell death, which can be estimated by a blood test that measures biomarkers (the cardiac protein troponin). When there is evidence of an MI, it may be classified as an ST elevation myocardial infarction (STEMI) or non-ST elevation myocardial infarction (NSTEMI) based on the results of an ECG.
The phrase ""heart attack"" is often used non-specifically to refer to myocardial infarction. An MI is different from—but can cause—cardiac arrest, where the heart is not contracting at all or so poorly that all vital organs cease to function, thus leading to death. It is also distinct from heart failure, in which the pumping action of the heart is impaired. However, an MI may lead to heart failure.


== Signs and symptoms ==

Chest pain that may or may not radiate to other parts of the body is the most typical and significant symptom of myocardial infarction. It might be accompanied by other symptoms such as sweating.


=== Pain ===
Chest pain is one of the most common symptoms of acute myocardial infarction and is often described as a sensation of tightness, pressure, or squeezing. Pain radiates most often to the left arm, but may also radiate to the lower jaw, neck, right arm, back, and upper abdomen. The pain most suggestive of an acute MI, with the highest likelihood ratio, is pain radiating to the right arm and shoulder. Similarly, chest pain similar to a previous heart attack is also suggestive. The pain associated with MI is usually diffuse, does not change with position, and lasts for more than 20 minutes. The pain may be described as pressure, tightness, a knife-like sensation, tearing, or burning. In some individuals it may manifest as a sense of impending doom rather than typical pain, or pain may be absent entirely. Levine's sign, in which a person localizes the chest pain by clenching one or both fists over their sternum, has classically been thought to be predictive of cardiac chest pain, although a prospective observational study showed it had a poor positive predictive value.
Typically, chest pain because of ischemia, be it unstable angina or myocardial infarction, lessens with the use of nitroglycerin, but nitroglycerin may also relieve chest pain arising from non-cardiac causes.


=== Other ===
Chest pain may be accompanied by sweating, nausea or vomiting, and fainting, and these symptoms may also occur without any pain at all. Dizziness or lightheadedness is common and occurs due to reduction in oxygen and blood to the brain. In females, the most common symptoms of myocardial infarction include shortness of breath, weakness, and fatigue. Females are more likely to have unusual or unexplained tiredness and nausea or vomiting as symptoms. Females having heart attacks are more likely to have palpitations, back pain, labored breath, vomiting, and left arm pain than males, although the studies showing these differences had high variability. Females are less likely to report chest pain during a heart attack and more likely to report nausea, jaw pain, neck pain, cough, and fatigue, although these findings are inconsistent across studies. Females with heart attacks also had more indigestion, dizziness, loss of appetite, and loss of consciousness. Shortness of breath is a common, and sometimes the only symptom, occurring when damage to the heart limits the output of the left ventricle, with breathlessness arising either from low oxygen in the blood or pulmonary edema.
Other less common symptoms include weakness, light-headedness, palpitations, and abnormalities in heart rate or blood pressure. These symptoms are likely induced by a massive surge of catecholamines from the sympathetic nervous system, which occurs in response to pain and, where present, low blood pressure. Loss of consciousness can occur in myocardial infarctions due to inadequate blood flow to the brain and cardiogenic shock, and sudden death, frequently due to the development of ventricular fibrillation. When the brain was without oxygen for too long due to a myocardial infarction, coma and persistent vegetative state can occur. Cardiac arrest, and atypical symptoms such as palpitations, occur more frequently in females, the elderly, those with diabetes, in people who have just had surgery, and in critically ill patients.


=== Absence ===
""Silent"" myocardial infarctions can happen without any symptoms at all. These cases can be discovered later on electrocardiograms, using blood enzyme tests, or at autopsy after a person has died. Such silent myocardial infarctions represent between 22 and 64% of all infarctions, and are more common in the elderly, in those with diabetes mellitus and after heart transplantation. In people with diabetes, differences in pain threshold, autonomic neuropathy, and psychological factors have been cited as possible explanations for the lack of symptoms. In heart transplantation, the donor heart is not fully innervated by the nervous system of the recipient.


== Risk factors ==
The most prominent risk factors for myocardial infarction are older age, actively smoking, high blood pressure, diabetes mellitus, and total cholesterol and high-density lipoprotein levels. Many risk factors of myocardial infarction are shared with coronary artery disease, the primary cause of myocardial infarction, with other risk factors including male sex, low levels of physical activity, a past family history, obesity, and alcohol use. Risk factors for myocardial disease are often included in risk factor stratification scores, such as the Framingham Risk Score. At any given age, men are more at risk than women for the development of cardiovascular disease. High levels of blood cholesterol is a known risk factor, particularly high low-density lipoprotein, low high-density lipoprotein, and high triglycerides.
Many risk factors for myocardial infarction are potentially modifiable, with the most important being tobacco smoking (including secondhand smoke). Smoking appears to be the cause of about 36% and obesity the cause of 20% of coronary artery disease. Lack of physical activity has been linked to 7–12% of cases. Less common causes include stress-related causes such as job stress, which accounts for about 3% of cases, and chronic high stress levels.


=== Diet ===
There is varying evidence about the importance of saturated fat in the development of myocardial infarctions. Eating polyunsaturated fat instead of saturated fats has been shown in studies to be associated with a decreased risk of myocardial infarction, while other studies find little evidence that reducing dietary saturated fat or increasing polyunsaturated fat intake affects heart attack risk. Dietary cholesterol does not appear to have a significant effect on blood cholesterol and thus recommendations about its consumption may not be needed. Trans fats do appear to increase risk. Acute and prolonged intake of high quantities of alcoholic drinks (3–4 or more daily) increases the risk of a heart attack.


=== Genetics ===
Family history of ischemic heart disease or MI, particularly if one has a male first-degree relative (father, brother) who had a myocardial infarction before age 55 years, or a female first-degree relative (mother, sister) less than age 65 increases a person's risk of MI.
Genome-wide association studies have found 27 genetic variants that are associated with an increased risk of myocardial infarction. The strongest association of MI has been found with chromosome 9 on the short arm p at locus 21, which contains genes CDKN2A and 2B, although the single nucleotide polymorphisms that are implicated are within a non-coding region. The majority of these variants are in regions that have not been previously implicated in coronary artery disease. The following genes have an association with MI: PCSK9, SORT1, MIA3, WDR12, MRAS, PHACTR1, LPA, TCF21, MTHFDSL, ZC3HC1, CDKN2A, 2B, ABO, PDGF0, APOA5, MNF1ASM283, COL4A1, HHIPC1, SMAD3, ADAMTS7, RAS1, SMG6, SNF8, LDLR, SLC5A3, MRPS6, KCNE2.


=== Other ===

The risk of having a myocardial infarction increases with older age, low physical activity, and low socioeconomic status. Heart attacks appear to occur more commonly in the morning hours, especially between 6 am and noon. Evidence suggests that heart attacks are at least three times more likely to occur in the morning than in the late evening. Shift work is also associated with a higher risk of MI. One analysis has found an increase in heart attacks immediately following the start of daylight saving time.
Women who use combined oral contraceptive pills have a modestly increased risk of myocardial infarction, especially in the presence of other risk factors. The use of non-steroidal anti-inflammatory drugs (NSAIDs), even for as short as a week, increases risk.
Endometriosis in women under the age of 40 is an identified risk factor.
Air pollution is also an important modifiable risk. Short-term exposure to air pollution such as carbon monoxide, nitrogen dioxide, and sulfur dioxide (but not ozone) has been associated with MI and other acute cardiovascular events. For sudden cardiac deaths, every increment of 30 units in Pollutant Standards Index correlated with an 8% increased risk of out-of-hospital cardiac arrest on the day of exposure. Extremes of temperature are also associated.
A number of acute and chronic infections including Chlamydophila pneumoniae, influenza, Helicobacter pylori, and Porphyromonas gingivalis among others have been linked to atherosclerosis and myocardial infarction. Myocardial infarction can also occur as a late consequence of Kawasaki disease.
Calcium deposits in the coronary arteries can be detected with CT scans. Calcium seen in coronary arteries can provide predictive information beyond that of classical risk factors. High blood levels of the amino acid homocysteine is associated with premature atherosclerosis; whether elevated homocysteine in the normal range is causal is controversial.
In people without evident coronary artery disease, possible causes for the myocardial infarction are coronary spasm or coronary artery dissection.


== Mechanism ==


=== Atherosclerosis ===

The most common cause of a myocardial infarction is the rupture of an atherosclerotic plaque on an artery supplying heart muscle. Plaques can become unstable, rupture, and additionally promote the formation of a blood clot that blocks the artery; this can occur in minutes. Blockage of an artery can lead to tissue death in tissue being supplied by that artery. Atherosclerotic plaques are often present for decades before they result in symptoms.
The gradual buildup of cholesterol and fibrous tissue in plaques in the wall of the coronary arteries or other arteries, typically over decades, is termed atherosclerosis. Atherosclerosis is characterized by progressive inflammation of the walls of the arteries. Inflammatory cells, particularly macrophages, move into affected arterial walls. Over time, they become laden with cholesterol products, particularly LDL, and become foam cells. A cholesterol core forms as foam cells die. In response to growth factors secreted by macrophages, smooth muscle and other cells move into the plaque and act to stabilize it. A stable plaque may have a thick fibrous cap with calcification. If there is ongoing inflammation, the cap may be thin or ulcerate. Exposed to the pressure associated with blood flow, plaques, especially those with a thin lining, may rupture and trigger the formation of a blood clot (thrombus). The cholesterol crystals have been associated with plaque rupture through mechanical injury and inflammation.


=== Other causes ===
Atherosclerotic disease is not the only cause of myocardial infarction, but it may exacerbate or contribute to other causes. A myocardial infarction may result from a heart with a limited blood supply subject to increased oxygen demands, such as in fever, a fast heart rate, hyperthyroidism, too few red blood cells in the bloodstream, or low blood pressure. Damage or failure of procedures such as percutaneous coronary intervention (PCI) or coronary artery bypass grafts (CABG) may cause a myocardial infarction. Spasm of coronary arteries, such as Prinzmetal's angina may cause blockage.


=== Tissue death ===

If impaired blood flow to the heart lasts long enough, it triggers a process called the ischemic cascade; the heart cells in the territory of the blocked coronary artery die (infarction), chiefly through necrosis, and do not grow back. A collagen scar forms in their place. When an artery is blocked, cells lack oxygen, needed to produce ATP in mitochondria. ATP is required for the maintenance of electrolyte balance, particularly through the Na/K ATPase. This leads to an ischemic cascade of intracellular changes, necrosis and apoptosis of affected cells.
Cells in the area with the worst blood supply, just below the inner surface of the heart (endocardium), are most susceptible to damage. Ischemia first affects this region, the subendocardial region, and tissue begins to die within 15–30 minutes of loss of blood supply. The dead tissue is surrounded by a zone of potentially reversible ischemia that progresses to become a full-thickness transmural infarct. The initial ""wave"" of infarction can take place over 3–4 hours. These changes are seen on gross pathology and cannot be predicted by the presence or absence of Q waves on an ECG. The position, size and extent of an infarct depends on the affected artery, totality of the blockage, duration of the blockage, the presence of collateral blood vessels, oxygen demand, and success of interventional procedures.
Tissue death and myocardial scarring alter the normal conduction pathways of the heart and weaken affected areas. The size and location put a person at risk of abnormal heart rhythms (arrhythmias) or heart block, aneurysm of the heart ventricles, inflammation of the heart wall following infarction, and rupture of the heart wall that can have catastrophic consequences.
Injury to the myocardium also occurs during reperfusion. This might manifest as ventricular arrhythmia. Reperfusion injury results from influx of calcium and sodium into cardiac cells and the release of oxygen free radicals. The no-reflow phenomenon (when blood remains unable to perfuse the affected myocardium despite clearing the occlusion) also contributes to myocardial injury. Local endothelial swelling is one of many factors contributing to this phenomenon.


== Diagnosis ==


=== Criteria ===

A myocardial infarction, according to established consensus, is defined by elevated cardiac biomarkers with a rising or falling trend and at least one of the following:

Symptoms relating to ischemia
Changes on an electrocardiogram (ECG), such as ST segment changes, new left bundle branch block, or pathologic Q waves
Changes in the motion of the heart wall on imaging
Demonstration of a thrombus on angiogram or at autopsy.


=== Types ===

A myocardial infarction is usually clinically classified as an ST-elevation MI (STEMI) or a non-ST elevation MI (NSTEMI). These are based on ST elevation, a portion of a heartbeat graphically recorded on an ECG. STEMIs make up about 25–40% of myocardial infarctions. A more explicit classification system, based on international consensus in 2012, also exists. This classifies myocardial infarctions into five types:

Spontaneous MI related to plaque erosion and/or rupture fissuring, or dissection
MI related to ischemia, such as from increased oxygen demand or decreased supply, e.g., coronary artery spasm, coronary embolism, anemia, arrhythmias, high blood pressure, or low blood pressure
Sudden unexpected cardiac death, including cardiac arrest, where symptoms may suggest MI, an ECG may be taken with suggestive changes, or a blood clot is found in a coronary artery by angiography and/or at autopsy, but where blood samples could not be obtained, or at a time before the appearance of cardiac biomarkers in the blood
Associated with coronary angioplasty or stents
Associated with percutaneous coronary intervention (PCI)
Associated with stent thrombosis as documented by angiography or at autopsy
Associated with CABG


=== Cardiac biomarkers ===
There are many different biomarkers used to determine the presence of cardiac muscle damage. Troponins, measured through a blood test, are considered to be the best, and are preferred because they have greater sensitivity and specificity for measuring injury to the heart muscle than other tests. A rise in troponin occurs within 2–3 hours of injury to the heart muscle, and peaks within 1–2 days. The level of the troponin, as well as a change over time, are useful in measuring and diagnosing or excluding myocardial infarctions, and the diagnostic accuracy of troponin testing is improving over time. One high-sensitivity cardiac troponin can rule out a heart attack as long as the ECG is normal.
Other tests, such as CK-MB or myoglobin, are discouraged. CK-MB is not as specific as troponins for acute myocardial injury, and may be elevated with past cardiac surgery, inflammation or electrical cardioversion; it rises within 4–8 hours and returns to normal within 2–3 days. Copeptin may be useful to rule out MI rapidly when used along with troponin.


=== Electrocardiogram ===

An electrocardiogram (ECG) is a recording of the heart's electrical activity, acquired using electrodes placed on the skin. The taking of an ECG is an important part of the workup of an AMI, and ECGs are often not just taken once but may be repeated over minutes to hours, or in response to changes in signs or symptoms.
ECG readouts produce a waveform with different labeled features. In addition to a rise in biomarkers, a rise in the ST segment, changes in the shape or flipping of T waves, new Q waves, or a new left bundle branch block can be used to diagnose an AMI. In addition, ST elevation can be used to diagnose an ST segment myocardial infarction (STEMI). A rise must be new in V2 and V3 ≥2 mm (0.2 mV) for males or ≥1.5 mm (0.15 mV) for females or ≥1 mm (0.1 mV) in two other adjacent chest or limb leads. ST elevation is associated with infarction, and may be preceded by changes indicating ischemia, such as ST depression or inversion of the T waves. Abnormalities can help differentiate the location of an infarct, based on the leads that are affected by changes. Early STEMIs may be preceded by peaked T waves. Other ECG abnormalities relating to complications of acute myocardial infarctions may also be evident, such as atrial or ventricular fibrillation.


=== Imaging ===

Noninvasive imaging plays an important role in the diagnosis and characterisation of myocardial infarction. Tests such as chest X-rays can be used to explore and exclude alternate causes of a person's symptoms. Echocardiography may assist in modifying clinical suspicion of ongoing myocardial infarction in patients that can't be ruled out or ruled in following initial ECG and Troponin testing. Myocardial perfusion imaging has no role in the acute diagnostic algorithm; however, it can confirm a clinical suspicion of Chronic Coronary Syndrome when the patient's history, physical examination (including cardiac examination) ECG, and cardiac biomarkers suggest coronary artery disease.
Echocardiography, an ultrasound scan of the heart, is able to visualize the heart, its size, shape, and any abnormal motion of the heart walls as they beat that may indicate a myocardial infarction. The flow of blood can be imaged, and contrast dyes may be given to improve image. Other scans using radioactive contrast include SPECT CT-scans using thallium, sestamibi (MIBI scans) or tetrofosmin; or a PET scan using Fludeoxyglucose or rubidium-82. These nuclear medicine scans can visualize the perfusion of heart muscle. SPECT may also be used to determine viability of tissue, and whether areas of ischemia are inducible.
Medical societies and professional guidelines recommend that the physician confirm a person is at high risk for Chronic Coronary Syndrome before conducting diagnostic non-invasive imaging tests to make a diagnosis, as such tests are unlikely to change management and result in increased costs. Patients who have a normal ECG and who are able to exercise, for example, most likely do not merit routine imaging.


=== Differential diagnosis ===
There are many causes of chest pain, which can originate from the heart, lungs, gastrointestinal tract, aorta, and other muscles, bones and nerves surrounding the chest. In addition to myocardial infarction, other causes include angina, insufficient blood supply (ischemia) to the heart muscles without evidence of cell death, gastroesophageal reflux disease; pulmonary embolism, tumors of the lungs, pneumonia, rib fracture, costochondritis, heart failure and other musculoskeletal injuries. Rarer severe differential diagnoses include aortic dissection, esophageal rupture, tension pneumothorax, and pericardial effusion causing cardiac tamponade. The chest pain in an MI may mimic heartburn. Causes of sudden-onset breathlessness generally involve the lungs or heart – including pulmonary edema, pneumonia, allergic reactions and asthma, and pulmonary embolus, acute respiratory distress syndrome and metabolic acidosis. There are many different causes of fatigue, and myocardial infarction is not a common cause.


== Prevention ==
There is a large crossover between the lifestyle and activity recommendations to prevent a myocardial infarction, and those that may be adopted as secondary prevention after an initial myocardial infarction, because of shared risk factors and an aim to reduce atherosclerosis affecting heart vessels. The influenza vaccine also appears to protect against myocardial infarction with a benefit of 15 to 45%.


=== Primary prevention ===


==== Lifestyle ====
Physical activity can reduce the risk of cardiovascular disease, and people at risk are advised to engage in 150 minutes of moderate or 75 minutes of vigorous intensity aerobic exercise a week. Keeping a healthy weight, drinking alcohol within the recommended limits, and quitting smoking reduce the risk of cardiovascular disease.
Substituting unsaturated fats such as olive oil and rapeseed oil instead of saturated fats may reduce the risk of myocardial infarction, although there is not universal agreement. Dietary modifications are recommended by some national authorities, with recommendations including increasing the intake of wholegrain starch, reducing sugar intake (particularly of refined sugar), consuming five portions of fruit and vegetables daily, consuming two or more portions of fish per week, and consuming 4–5 portions of unsalted nuts, seeds, or legumes per week. The dietary pattern with the greatest support is the Mediterranean diet. Vitamins and mineral supplements are of no proven benefit, and neither are plant stanols or sterols.
Public health measures may also act at a population level to reduce the risk of myocardial infarction, for example by reducing unhealthy diets (excessive salt, saturated fat, and trans-fat) including food labeling and marketing requirements as well as requirements for catering and restaurants and stimulating physical activity. This may be part of regional cardiovascular disease prevention programs or through the health impact assessment of regional and local plans and policies.
Most guidelines recommend combining different preventive strategies. A 2015 Cochrane Review found some evidence that such an approach might help with blood pressure, body mass index and waist circumference. However, there was insufficient evidence to show an effect on mortality or actual cardio-vascular events.


==== Medication ====
Statins, drugs that act to lower blood cholesterol, decrease the incidence and mortality rates of myocardial infarctions. They are often recommended in those at an elevated risk of cardiovascular diseases.
Aspirin has been studied extensively in people considered at increased risk of myocardial infarction. Based on numerous studies in different groups (e.g. people with or without diabetes), there does not appear to be a benefit strong enough to outweigh the risk of excessive bleeding. Nevertheless, many clinical practice guidelines continue to recommend aspirin for primary prevention, and some researchers feel that those with very high cardiovascular risk but low risk of bleeding should continue to receive aspirin.


=== Secondary prevention ===
There is a large crossover between the lifestyle and activity recommendations to prevent a myocardial infarction, and those that may be adopted as secondary prevention after an initial myocardial infarct. Recommendations include stopping smoking, a gradual return to exercise, eating a healthy diet, low in saturated fat and low in cholesterol, drinking alcohol within recommended limits, exercising, and trying to achieve a healthy weight. Exercise is both safe and effective even if people have had stents or heart failure, and is recommended to start gradually after 1–2 weeks. Counselling should be provided relating to medications used, and for warning signs of depression. Previous studies suggested a benefit from omega-3 fatty acid supplementation but this has not been confirmed.


==== Medications ====
Following a heart attack, nitrates, when taken for two days, and ACE-inhibitors decrease the risk of death. Other medications include:
Aspirin is continued indefinitely, as well as another antiplatelet agent such as clopidogrel or ticagrelor (""dual antiplatelet therapy"" or DAPT) for up to twelve months. If someone has another medical condition that requires anticoagulation (e.g. with warfarin) this may need to be adjusted based on risk of further cardiac events as well as bleeding risk. In those who have had a stent, more than 12 months of clopidogrel plus aspirin does not affect the risk of death.
Beta blocker therapy such as metoprolol or carvedilol is recommended to be started within 24 hours, provided there is no acute heart failure or heart block. The dose should be increased to the highest tolerated. Contrary to most guidelines, the use of beta blockers does not appear to affect the risk of death, possibly because other treatments for MI have improved. When beta blocker medication is given within the first 24–72 hours of a STEMI no lives are saved. However, 1 in 200 people were prevented from a repeat heart attack, and another 1 in 200 from having an abnormal heart rhythm. Additionally, for 1 in 91 the medication causes a temporary decrease in the heart's ability to pump blood.
ACE inhibitor therapy should be started within 24 hours and continued indefinitely at the highest tolerated dose. This is provided there is no evidence of worsening kidney failure, high potassium, low blood pressure, or known narrowing of the renal arteries. Those who cannot tolerate ACE inhibitors may be treated with an angiotensin II receptor antagonist.
Statin therapy has been shown to reduce mortality and subsequent cardiac events and should be commenced to lower LDL cholesterol. Other medications, such as ezetimibe, may also be added with this goal in mind.
Aldosterone antagonists (spironolactone or eplerenone) may be used if there is evidence of left ventricular dysfunction after an MI, ideally after beginning treatment with an ACE inhibitor.


==== Other ====
A defibrillator, an electric device connected to the heart and surgically inserted under the skin, may be recommended. This is particularly if there are any ongoing signs of heart failure, with a low left ventricular ejection fraction and a New York Heart Association grade II or III after 40 days of the infarction. Defibrillators detect potentially fatal arrhythmia and deliver an electrical shock to the person to depolarize a critical mass of the heart muscle.


== Management ==

A myocardial infarction requires immediate medical attention. Treatment aims to preserve as much heart muscle as possible, and to prevent further complications. Treatment depends on whether the myocardial infarction is a STEMI or NSTEMI. Treatment in general aims to unblock blood vessels, reduce blood clot enlargement, reduce ischemia, and modify risk factors with the aim of preventing future MIs. In addition, the main treatment for myocardial infarctions with ECG evidence of ST elevation (STEMI) include thrombolysis or percutaneous coronary intervention, although PCI is also ideally conducted within 1–3 days for NSTEMI. In addition to clinical judgement, risk stratification may be used to guide treatment, such as with the TIMI and GRACE scoring systems.


=== Pain ===
The pain associated with myocardial infarction is often treated with nitroglycerin, a vasodilator, or opioid medications such as morphine. Nitroglycerin (given under the tongue or injected into a vein) may improve blood supply to the heart. It is an important part of therapy for its pain relief effects, though there is no proven benefit to mortality. Morphine or other opioid medications may also be used, and are effective for the pain associated with STEMI. There is poor evidence that morphine shows any benefit to overall outcomes, and there is some evidence of potential harm.


=== Antithrombotics ===
Aspirin, an antiplatelet drug, is given as a loading dose to reduce the clot size and reduce further clotting in the affected artery. It is known to decrease mortality associated with acute myocardial infarction by at least 50%. P2Y12 inhibitors such as clopidogrel, prasugrel and ticagrelor are given concurrently, also as a loading dose, with the dose depending on whether further surgical management or fibrinolysis is planned. Prasugrel and ticagrelor are recommended in European and American guidelines, as they are active more quickly and consistently than clopidogrel. P2Y12 inhibitors are recommended in both NSTEMI and STEMI, including in PCI, with evidence also to suggest improved mortality. Heparins, particularly in the unfractionated form, act at several points in the clotting cascade, help to prevent the enlargement of a clot, and are also given in myocardial infarction, owing to evidence suggesting improved mortality rates. In very high-risk scenarios, inhibitors of the platelet glycoprotein αIIbβ3a receptor such as eptifibatide or tirofiban may be used.
There is varying evidence on the mortality benefits in NSTEMI. A 2014 review of P2Y12 inhibitors such as clopidogrel found they do not change the risk of death when given to people with a suspected NSTEMI prior to PCI, nor do heparins change the risk of death. They do decrease the risk of having a further myocardial infarction.


=== Angiogram ===

Primary percutaneous coronary intervention (PCI) is the treatment of choice for STEMI if it can be performed in a timely manner, ideally within 90–120 minutes of contact with a medical provider. Some recommend it is also done in NSTEMI within 1–3 days, particularly when considered high-risk. A 2017 review, however, did not find a difference between early versus later PCI in NSTEMI.
PCI involves small probes, inserted through peripheral blood vessels such as the femoral artery or radial artery into the blood vessels of the heart. The probes are then used to identify and clear blockages using small balloons, which are dragged through the blocked segment, dragging away the clot, or the insertion of stents. Coronary artery bypass grafting is only considered when the affected area of heart muscle is large, and PCI is unsuitable, for example with difficult cardiac anatomy. After PCI, people are generally placed on aspirin indefinitely and on dual antiplatelet therapy (generally aspirin and clopidogrel) for at least a year.


=== Fibrinolysis ===

If PCI cannot be performed within 90 to 120 minutes in STEMI then fibrinolysis, preferably within 30 minutes of arrival to hospital, is recommended. If a person has had symptoms for 12 to 24 hours evidence for effectiveness of thrombolysis is less and if they have had symptoms for more than 24 hours it is not recommended. Thrombolysis involves the administration of medication that activates the enzymes that normally dissolve blood clots. These medications include tissue plasminogen activator, reteplase, streptokinase, and tenecteplase. Thrombolysis is not recommended in a number of situations, particularly when associated with a high risk of bleeding or the potential for problematic bleeding, such as active bleeding, past strokes or bleeds into the brain, or severe hypertension. Situations in which thrombolysis may be considered, but with caution, include recent surgery, use of anticoagulants, pregnancy, and proclivity to bleeding. Major risks of thrombolysis are major bleeding and intracranial bleeding. Pre-hospital thrombolysis reduces time to thrombolytic treatment, based on studies conducted in higher income countries; however, it is unclear whether this has an impact on mortality rates.


=== Other ===
In the past, high flow oxygen was recommended for everyone with a possible myocardial infarction. More recently, no evidence was found for routine use in those with normal oxygen levels and there is potential harm from the intervention. Therefore, oxygen is currently only recommended if oxygen levels are found to be low or if someone is in respiratory distress.
If despite thrombolysis there is significant cardiogenic shock, continued severe chest pain, or less than a 50% improvement in ST elevation on the ECG recording after 90 minutes, then rescue PCI is indicated emergently.
Those who have had cardiac arrest may benefit from targeted temperature management with evaluation for implementation of hypothermia protocols. Furthermore, those with cardiac arrest, and ST elevation at any time, should usually have angiography. Aldosterone antagonists appear to be useful in people who have had an STEMI and do not have heart failure.


=== Rehabilitation and exercise ===
Cardiac rehabilitation benefits many who have experienced myocardial infarction, even if there has been substantial heart damage and resultant left ventricular failure. It should start soon after discharge from the hospital. The program may include lifestyle advice, exercise, social support, as well as recommendations about driving, flying, sports participation, stress management, and sexual intercourse. Returning to sexual activity after myocardial infarction is a major concern for most patients, and is an important area to be discussed in the provision of holistic care.
In the short-term, exercise-based cardiovascular rehabilitation programs may reduce the risk of a myocardial infarction, reduces a large number of hospitalizations from all causes, reduces hospital costs, improves health-related quality of life, and has a small effect on all-cause mortality. Longer-term studies indicate that exercise-based cardiovascular rehabilitation programs may reduce cardiovascular mortality and myocardial infarction.


== Prognosis ==
The prognosis after myocardial infarction varies greatly depending on the extent and location of the affected heart muscle, and the development and management of complications. Prognosis is worse with older age and social isolation. Anterior infarcts, persistent ventricular tachycardia or fibrillation, development of heart blocks, and left ventricular impairment are all associated with poorer prognosis. Without treatment, about a quarter of those affected by MI die within minutes and about forty percent within the first month. Morbidity and mortality from myocardial infarction has, however, improved over the years due to earlier and better treatment: in those who have a STEMI in the United States, between 5 and 6 percent die before leaving the hospital and 7 to 18 percent die within a year.
It is unusual for babies to experience a myocardial infarction, but when they do, about half die. In the short-term, neonatal survivors seem to have a normal quality of life.


=== Complications ===

Complications may occur immediately following the myocardial infarction or may take time to develop. Disturbances of heart rhythms, including atrial fibrillation, ventricular tachycardia and fibrillation and heart block can arise as a result of ischemia, cardiac scarring, and infarct location. Stroke is also a risk, either as a result of clots transmitted from the heart during PCI, as a result of bleeding following anticoagulation, or as a result of disturbances in the heart's ability to pump effectively as a result of the infarction. Regurgitation of blood through the mitral valve is possible, particularly if the infarction causes dysfunction of the papillary muscle. Cardiogenic shock as a result of the heart being unable to adequately pump blood may develop, dependent on infarct size, and is most likely to occur within the days following an acute myocardial infarction. Cardiogenic shock is the largest cause of in-hospital mortality. Rupture of the ventricular dividing wall or left ventricular wall may occur within the initial weeks. Dressler's syndrome, a reaction following larger infarcts and a cause of pericarditis is also possible.
Heart failure may develop as a long-term consequence, with an impaired ability of heart muscle to pump, scarring, and an increase in the size of the existing muscle. Aneurysm of the left ventricle myocardium develops in about 10% of MI and is itself a risk factor for heart failure, ventricular arrhythmia, and the development of clots.
Risk factors for complications and death include age, hemodynamic parameters (such as heart failure, cardiac arrest on admission, systolic blood pressure, or Killip class of two or greater), ST-segment deviation, diabetes, serum creatinine, peripheral vascular disease, and elevation of cardiac markers.


== Epidemiology ==
Myocardial infarction is a common presentation of coronary artery disease. The World Health Organization estimated in 2004, that 12.2% of worldwide deaths were from ischemic heart disease; with it being the leading cause of death in high- or middle-income countries and second only to lower respiratory infections in lower-income countries. Worldwide, more than 3 million people have STEMIs and 4 million have NSTEMIs a year. STEMIs occur about twice as often in men as women.
Rates of death from ischemic heart disease (IHD) have slowed or declined in most high-income countries, although cardiovascular disease still accounted for one in three of all deaths in the US in 2008. For example, rates of death from cardiovascular disease have decreased almost a third between 2001 and 2011 in the United States.
In contrast, IHD is becoming a more common cause of death in the developing world. For example, in India, IHD had become the leading cause of death by 2004, accounting for 1.46 million deaths (14% of total deaths) and deaths due to IHD were expected to double during 1985–2015. Globally, disability adjusted life years (DALYs) lost to ischemic heart disease are predicted to account for 5.5% of total DALYs in 2030, making it the second-most-important cause of disability (after unipolar depressive disorder), as well as the leading cause of death by this date.


== Social determinants of health ==

Social determinants such as neighborhood disadvantage, immigration status, lack of social support, social isolation, and access to health services play an important role in myocardial infarction risk and survival. Studies have shown that low socioeconomic status is associated with an increased risk of poorer survival. There are well-documented disparities in myocardial infarction survival by socioeconomic status, race, education, and census-tract-level poverty.
Race: In the U.S. African Americans have a greater burden of myocardial infarction and other cardiovascular events. On a population level, there is a higher overall prevalence of risk factors that are unrecognized and therefore not treated, which places these individuals at a greater likelihood of experiencing adverse outcomes and therefore potentially higher morbidity and mortality. Similarly, South Asians (including South Asians that have migrated to other countries around the world) experience higher rates of acute myocardial infarctions at younger ages, which can be largely explained by a higher prevalence of risk factors at younger ages.
Socioeconomic status: Among individuals who live in the low-socioeconomic (SES) areas, which is close to 25% of the US population, myocardial infarctions (MIs) occurred twice as often compared with people who lived in higher SES areas.
Immigration status: In 2018 many lawfully present immigrants who were eligible for coverage remained uninsured because immigrant families faced a range of enrollment barriers, including fear, confusion about eligibility policies, difficulty navigating the enrollment process, and language and literacy challenges. Uninsured undocumented immigrants are ineligible for coverage options due to their immigration status.
Health care access: Lack of health insurance and financial concerns about accessing care were associated with delays in seeking emergency care for acute myocardial infarction which can have significant, adverse consequences on patient outcomes.
Education: Researchers found that compared to people with graduate degrees, those with lower educational attainment appeared to have a higher risk of heart attack, dying from a cardiovascular event, and overall death.


== Society and culture ==
Depictions of heart attacks in popular media often include collapsing or loss of consciousness which are not common symptoms; these depictions contribute to widespread misunderstanding about the symptoms of myocardial infarctions, which in turn contributes to people not getting care when they should.


== Legal implications ==
At common law, in general, a myocardial infarction is a disease but may sometimes be an injury. This can create coverage issues in the administration of no-fault insurance schemes such as workers' compensation. In general, a heart attack is not covered; however, it may be a work-related injury if it results, for example, from unusual emotional stress or unusual exertion. In addition, in some jurisdictions, heart attacks had by persons in particular occupations such as police officers may be classified as line-of-duty injuries by statute or policy. In some countries or states, a person having had an MI may be prevented from participating in activity that puts other people's lives at risk, for example driving a car or flying an airplane.


== References ==


=== Sources ===


== Further reading ==


== External links ==

American Heart Association's Heart Attack web site – Information and resources for preventing, recognizing, and treating a heart attack.
TIMI Score for UA/NSTEMI Archived 2016-11-05 at the Wayback Machine and STEMI Archived 2009-03-19 at the Wayback Machine
HEART Score for Major Cardiac Events Archived 2016-10-28 at the Wayback Machine
""Heart Attack"". MedlinePlus. U.S. National Library of Medicine.",https://en.wikipedia.org/wiki/Myocardial_infarction
Heart Attack,Management of acute coronary syndrome,"Management of acute coronary syndrome is targeted against the effects of reduced blood flow to the affected area of the heart muscle, usually because of a blood clot in one of the coronary arteries, the vessels that supply oxygenated blood to the myocardium. This is achieved with urgent hospitalization and medical therapy, including drugs that relieve chest pain and reduce the size of the infarct, and drugs that inhibit clot formation; for a subset of patients, invasive measures are also employed (coronary angiography and percutaneous coronary intervention). Basic principles of management are the same for all types of acute coronary syndrome. However, some important aspects of treatment depend on the presence or absence of elevation of the ST segment on the electrocardiogram, which classifies cases upon presentation to either ST segment elevation myocardial infarction (STEMI) or non-ST elevation acute coronary syndrome (NST-ACS); the latter includes unstable angina and non-ST elevation myocardial infarction (NSTEMI). Treatment is generally more aggressive for STEMI patients, and reperfusion therapy is more often reserved for them. Long-term therapy is necessary for prevention of recurrent events and complications.","Management of acute coronary syndrome is targeted against the effects of reduced blood flow to the affected area of the heart muscle, usually because of a blood clot in one of the coronary arteries, the vessels that supply oxygenated blood to the myocardium. This is achieved with urgent hospitalization and medical therapy, including drugs that relieve chest pain and reduce the size of the infarct, and drugs that inhibit clot formation; for a subset of patients, invasive measures are also employed (coronary angiography and percutaneous coronary intervention). Basic principles of management are the same for all types of acute coronary syndrome. However, some important aspects of treatment depend on the presence or absence of elevation of the ST segment on the electrocardiogram, which classifies cases upon presentation to either ST segment elevation myocardial infarction (STEMI) or non-ST elevation acute coronary syndrome (NST-ACS); the latter includes unstable angina and non-ST elevation myocardial infarction (NSTEMI). Treatment is generally more aggressive for STEMI patients, and reperfusion therapy is more often reserved for them. Long-term therapy is necessary for prevention of recurrent events and complications.


== General principles ==
Acute coronary syndromes are caused by a sudden, critical reduction in blood flow in one of the coronary arteries, the vessels that supply oxygenated blood to the myocardium (heart muscle), typically by a blood clot. The principal symptom is typically chest pain, known as angina pectoris; people who present with angina must prompt evaluation for possible acute coronary syndrome.
Acute coronary syndromes are classified into two major categories, according to the patient's electrocardiogram, and specifically the presence or absence of persistent (>20 min) ST segment elevation (or left bundle branch block). Patients with acute coronary syndrome and ST elevation are said to have ST-elevation myocardial infarction (STEMI), and they tend to have one of their coronary arteries totally blocked. Damage is reversible for approximately 20-30 minutes after complete obstruction of blood flow; thereafter myocardial cell death ensues and progresses as time passes. Therefore, complete and sustained restoration of blood flow must be as prompt as possible to ensure maximum salvage of functional myocardium, a principle expressed in the maxim ""time is muscle"". This is achieved with reperfusion therapy, which is based on invasive reopening of the affected coronary artery with primary percutaneous coronary intervention, or non-invasive breaking up of the responsible blood clot with a thrombolytic drug.
Patients without ST-segment elevation are said to have non-ST-elevation acute coronary syndrome and tend not to have full occlusion of a coronary artery. If there is evidence of myocardial cell death (especially elevated cardiac biomarkers), they are considered to have a non-ST-elevation myocardial infarction (NSTEMI); otherwise, they are classified with unstable angina. Their management is based on the estimation of their risk for adverse events. Patients at low risk can be adequately treated with medical therapy, in many ways similar to the one used for STEMI (but excluding thrombolytics). Those at moderate to high risk benefit from an early invasive strategy, which includes coronary angiography and, if necessary, revascularization with percutaneous coronary intervention or coronary artery bypass surgery.
Medical therapy for acute coronary syndromes is based on drugs that act against ischemia and resultant angina and limit the infarct size (i.e., the area of myocardium affected), as well as drugs that inhibit clot formation. The latter include antiplatelet agents, which block the activation and aggregation of platelets (cellular blood components that contribute to clot formation), and anticoagulant agents (which attenuate the coagulation cascade). Long-term therapy in acute coronary syndrome survivors is targeted against recurrence and long-term complications (secondary prevention).
Women are taken less seriously than men when they have a heart attack, leading to higher mortality among women.


== Patient-dependent initial measures ==
Because of the relationship between the duration of myocardial ischemia and the extent of damage to heart muscle, public health services encourage people experiencing possible acute coronary syndrome symptoms or those around them to immediately call emergency medical services. 
Patients with known coronary artery disease who have been prescribed nitroglycerin should promptly take one dose, and call emergency medical services if their symptoms do not improve within 2–5 minutes. Chewing non−enteric-coated aspirin is encouraged (unless there are contraindications).
Patients should stay calm in a comfortable position. In case of heart attack, it would not usually be lying down, but sitting or sitting with folded knees (but patients would notice the position that fits for them).
Patients should not be transported to the hospital by private vehicle instead of an ambulance, unless evacuation by land or air ambulance is impossible (e.g., dangerous weather in a very remote area), and if they must be, it should be done if possible with someone trained in cardiac first aid. 
Health care professionals are responsible for teaching their patients at risk of acute coronary syndrome what the symptoms of this condition are, and that it is imperative to seek urgent medical attention in case they present.


== Emergency services ==
Emergency Medical Services (EMS) Systems vary considerably in their ability to evaluate and treat patients with suspected acute myocardial infarction. Some provide only first aid and early defibrillation. Others employ highly trained paramedics with sophisticated technology and advanced protocols. Paramedic services are capable of providing oxygen, IV access, sublingual nitroglycerine, morphine, and aspirin.  Some advanced paramedic systems can also perform 12-lead ECGs.  If a STEMI is recognized, the paramedic may be able to contact the local PCI hospital and alert the emergency room physician and staff of the suspected AMI. Some paramedic services can provide thrombolytic therapy in the prehospital setting, allowing reperfusion of the myocardium.
With primary PCI emerging as the preferred therapy for ST-segment elevation myocardial infarction, EMS can play a key role in reducing door-to-balloon intervals (the time from presentation to a hospital ER to the restoration of coronary artery blood flow) by performing a 12-lead ECG in the field and using this information to triage the patient to the most appropriate medical facility. In addition, the 12-lead ECG can be transmitted to the receiving hospital, which enables time-saving decisions to be made before the arrival of the patient. This may include a ""cardiac alert"" or ""STEMI alert"" that calls in off-duty personnel in areas where the cardiac cath lab is not staffed 24 hours a day.  Even in the absence of a formal alerting program, prehospital 12-lead ECGs are independently associated with reduced door-to-treatment intervals in the emergency department.


== Initial diagnostic approach ==
In patients with symptoms typical of myocardial ischemia an electrocardiogram must be immediately obtained - e.g., within 10 minutes from first contact with medical or paramedical personnel, including prehospital setting; the electrocardiographic findings will guide the subsequent management. Patients with elevation of the ST segment (or presumed new left bundle branch block) are treated based on guidelines for ST elevation myocardial infarction (STEMI) and must undergo reperfusion therapy as soon as possible. Serum cardiac biomarkers are routinely obtained and their elevation is necessary for confirming diagnosis of myocardial infarction; however, reperfusion must not be delayed by waiting for the results. Patients without the above findings are initially classified with non-ST elevation acute coronary syndrome, and subsequent cardiac biomarker results will differentiate between true non ST elevation myocardial infarction (NSTEMI) and unstable angina.


== Relief of angina ==
Relief of anginal pain is of paramount importance, not only for humane reasons but because pain is associated with sympathetic activation that causes vasoconstriction and increases the heart's workload. The pain of myocardial ischemia is likely to respond to any intervention that improves the relationship between oxygen demand and supply, like nitrates, beta blockers, and oxygen.


=== Nitrates ===
Nitrates, like nitroglycerin, dilate blood vessels, which is beneficial against myocardial ischemia in two ways: By increasing blood flow in the coronary arteries and the amount of oxygen that arrives to heart muscle; and by relaxing all blood vessels in the body, thereby reducing the workload that heart needs to produce against them and the oxygen it consumes. The preferred mode of administration is sublingually. By relaxing blood vessels, nitrates also reduce blood pressure, which must be carefully monitored; they must not be used if hypotension is present. They must also be avoided in patients who have taken sildenafil or other phosphodiesterase type 5 inhibitors (used for erectile dysfunction) within the previous 24–48 hours, as the combination of the two could cause a serious drop in blood pressure. Intravenous nitrates are useful in patients with hypertension or pulmonary edema.


=== Beta blockers ===
By reducing sympathetic stimulation of the heart, beta blockers decrease heart rate, blood pressure, and cardiac output, and hence heart oxygen consumption. Beta-blockers alleviate ischemic pain and have also been proven to reduce the size of infarcted heart muscle, the risk of arrhythmias, and the proportion of patients with acute coronary syndrome who actually evolve STEMI. However, they have also been shown to increase the risk of acute heart failure. Their early use is contraindicated if there are signs of congestive heart failure (e.g., Killip class II or above) or hypotension, along with other contraindications to beta blockers (slow heart rate, atrioventricular block); in the absence of contraindications beta blocker therapy should begin in the first 24 hours. It may be prudent to prefer oral rather than intravenous forms.


=== Oxygen therapy ===
Initial administration of oxygen to all patients with acute coronary syndrome is common practice; however, there is no evidence to support or refute that supplemental oxygen might be harmful or beneficial for cardiac patients who do not need it. It is currently recommended to give oxygen only to breathless patients or when blood oxygen saturation is low, e.g. <90%.


=== Analgesics ===
Analgesic agents that are most commonly used are opioids, and especially morphine, which is considered the analgesic of choice in patients with ST elevation. Along with its pain-controlling properties, morphine also reduces the work of breathing, alleviates breathlessness, reduces anxiety, and has favorable actions on hemodynamic parameters and cardiac oxygen consumption. However, in patients presenting without ST elevation, morphine has been shown to have adverse events potential, and its use is considered acceptable only after inadequate pain relief by medication specific against angina. Non-steroidal anti-inflammatory drugs are contraindicated for both categories of patients.


== Antiplatelet drugs ==
All patients with acute coronary syndrome must immediately receive antiplatelet therapy, including aspirin and generally a second oral antiplatelet agent. Bleeding is the most important side-effect of antiplatelets.


=== Aspirin ===
Aspirin inhibits platelet aggregation and formation of blood clots. It is effective across the entire spectrum of acute coronary syndromes; it has been shown to reduce the rate of death in patients with STEMI and in patients presenting without ST elevation.  Aspirin is contraindicated in patients with documented allergy or known platelet disorder. Patients who have had gastrointestinal symptoms while on long-term aspirin therapy are usually able to tolerate aspirin in the short term. For patients with true intolerance to aspirin, clopidogrel is recommended. Lower doses need days to achieve full antiplatelet effect; therefore, a loading dose is necessary for patients who are not already on aspirin.


=== P2Y12 inhibitors ===
Aside from aspirin, three antiplatelet agents taken by mouth have been approved for use in acute coronary syndromes, clopidogrel, ticagrelor and prasugrel; all reduce platelet aggregation by inhibiting the P2Y12 receptor, a type of adenosine phosphate receptor, on the surface of platelets. Not all three of them are equally indicated in all types of acute coronary syndromes. In patients with ST elevation the choice of P2Y12 inhibitor depends on reperfusion strategy; for patients undergoing primary percutaneous coronary intervention ticagrelor and prasugrel are considered superior to clopidogrel, as they are more potent and have more rapid onset of action, at the cost of some increase in bleeding risk; for STEMI patients who are treated with fibrinolysis and those who do not undergo reperfusion treatment only clopidogrel is indicated. Prasugrel must not be given to patients with a history of ischemic stroke or aged 75 years or older. In patients with non-ST elevation acute coronary syndrome, current guidelines also recommend immediate administration of dual antiplatelet therapy upon diagnosis; clopidogrel and ticagrelor are indicated in this setting, with ticagrelor considered superior for patients undergoing early invasive strategy (see later). However, emerging evidence questions this strategy. As with aspirin, it is necessary to administer a loading dose.


=== Glycoprotein IIb/IIIa inhibitors ===
Glycoprotein IIb/IIIa inhibitors are a class of intravenous antiplatelet agents used in patients undergoing percutaneous coronary intervention, consisting of abciximab, eptifibatide, and tirofiban. Patients presenting with ST elevation that will be reperfused with percutaneous coronary intervention may receive one of the above agents at the time of catheterization, or perhaps before. Administering eptifibatide or tirofiban may also be reasonable in patients presenting with NST-ACS who are considered of intermediate or high risk and are treated with an early invasive strategy.


== Anticoagulants ==
Anticoagulants in acute coronary syndrome are targeted against the coronary blood clot, as well as towards prevention of thrombotic complications, like formation of blood clots in the ventricles, stroke, pulmonary embolism, or deep vein thrombosis. Patients undergoing PCI also need an anticoagulant to prevent catheter thrombosis. Options include unfractionated heparin, enoxaparin (a low molecular weight heparin), fondaparinux (a pentasaccharide antagonist of factor Xa) and bivalirudin (a direct thrombin inhibitor); all the above agents are given parenterally (subcutaneously or intravenously). Unfractionated heparin has the disadvantage of requiring dose adjustment based on a laboratory exam, activated partial thromboplastin time (APTT). In STEMI patients choice depends on the reperfusion strategy used (see below); bivalirudin is used when PCI is employed only, while in the same cases, fondaparinux is not preferred. Similarly, in Non-STE ACS, bivalirudin too is only used when an early invasive strategy is chosen.


== Reperfusion ==

 The concept of reperfusion has become so central to the modern treatment of acute myocardial infarction that we are said to be in the reperfusion era. Patients who present with suspected acute myocardial infarction and ST segment elevation (STEMI) or new bundle branch block on the 12 lead ECG are presumed to have an occlusive thrombosis in an epicardial coronary artery. They are therefore candidates for immediate reperfusion, either with thrombolytic therapy, percutaneous coronary intervention (PCI) or when these therapies are unsuccessful, bypass surgery.
Individuals without ST-segment elevation are presumed to be experiencing either unstable angina (UA) or non-ST-segment elevation myocardial infarction (NSTEMI). They receive many of the same initial therapies and are often stabilized with antiplatelet drugs and anticoagulated. If their condition remains (hemodynamically) stable, they can be offered either late coronary angiography with subsequent restoration of blood flow (revascularization), or non-invasive stress testing to determine if there is significant ischemia that would benefit from revascularization.  If hemodynamic instability develops in individuals with NSTEMIs, they may undergo urgent coronary angiography and subsequent revascularization. The use of thrombolytic agents is contraindicated in this patient subset, however.
The basis for this distinction in treatment regimens is that ST-segment elevations on an ECG are typically due to complete occlusion of a coronary artery. On the other hand, in NSTEMIs, there is typically a sudden narrowing of a coronary artery with preserved (but diminished) flow to the distal myocardium. Anticoagulation and antiplatelet agents are given to prevent the narrowed artery from occluding.
At least 10% of patients with STEMI do not develop myocardial necrosis (as evidenced by a rise in cardiac markers) and subsequent Q waves on EKG after reperfusion therapy. Such a successful restoration of flow to the infarct-related artery during an acute myocardial infarction is known as ""aborting"" the myocardial infarction. If treated within the hour, about 25% of STEMIs can be aborted.


== Rehabilitation ==
Additional objectives are preventing life-threatening arrhythmias or conduction disturbances. This requires monitoring in a coronary care unit and protocolized administration of antiarrhythmic agents.  Antiarrhythmic agents are typically only given to individuals with life-threatening arrhythmias after a myocardial infarction and not to suppress the ventricular ectopy that is often seen after a myocardial infarction.
Cardiac rehabilitation aims to optimize function and quality of life in those affected by a heart disease. This can be with the help of a physician or in the form of a cardiac rehabilitation program.
Physical exercise is an important part of rehabilitation after a myocardial infarction, with beneficial effects on cholesterol levels, blood pressure, weight, stress and mood. Some patients become afraid of exercising because it might trigger another infarct. Patients are encouraged to exercise, and should only avoid certain exerting activities. Local authorities may place limitations on driving motor vehicles. In most cases, the advice is a gradual increase in physical exercise during about 6–8 weeks following an MI. If it doesn't feel too hard for the patient, the advice about exercise is then the same as applies to anyone else to gain health benefits, that is, at least 20–30 minutes of moderate exercise on most days (at least five days per week) to the extent of getting slightly short of breath.
Some people are afraid to have sex after a heart attack. Most people can resume sexual activities after 3 to 4 weeks. The amount of activity needs to be adjusted to the patient's capabilities.


== Special cases ==


=== Cocaine ===
Cocaine associated myocardial infarction should be managed like other patients with acute coronary syndrome, except that beta blockers should not be used and benzodiazepines should be administered early.  The treatment itself may have complications. If attempts to restore blood flow are initiated after a critical period of only a few hours, the result may be reperfusion injury instead of amelioration.


=== Wilderness setting ===
In wilderness first aid, a possible heart attack justifies evacuation by the fastest available means, often meaning the initiation of a MEDEVAC. The suspicion or provisional diagnosis of an MI means that it is inappropriate for the patient to walk out of the wilderness setting and will require them to be carried or conveyed in a vehicle.  Aspirin, nitroglycerin, and oxygen can all be given with relative ease in a wilderness setting and should be administered as soon as possible in suspected cases of MI.  Wilderness management of cardiac arrest differs slightly from that carried out in an urban setting in that it is generally considered acceptable to terminate a resuscitation attempt after 30 minutes if there has been no change in the patient's condition.


=== Air travel ===
Certified personnel traveling by commercial aircraft may be able to assist an MI patient by using the on-board first aid kit, which may contain some cardiac drugs (such as glyceryl trinitrate spray, aspirin, or opioid painkillers), an AED, and oxygen. Pilots may divert the flight to land at a nearby airport. Cardiac monitors are being introduced by some airlines, and they can be used by both on-board and ground-based physicians.


== References ==


=== Selected cited works ===",https://en.wikipedia.org/wiki/Management_of_acute_coronary_syndrome
Heart Failure,Heart failure,"Heart failure (HF), also known as congestive heart failure (CHF), is a syndrome caused by an impairment in the heart's ability to fill with and pump blood.
Although symptoms vary based on which side of the heart is affected, HF typically presents with shortness of breath, excessive fatigue, and bilateral leg swelling. The severity of the heart failure is mainly decided based on ejection fraction and also measured by the severity of symptoms. Other conditions that have symptoms similar to heart failure include obesity, kidney failure, liver disease, anemia, and thyroid disease.
Common causes of heart failure include coronary artery disease, heart attack, high blood pressure, atrial fibrillation, valvular heart disease, excessive alcohol consumption, infection, and cardiomyopathy. These cause heart failure by altering the structure or the function of the heart or in some cases both. There are different types of heart failure: right-sided heart failure, which affects the right heart, left-sided heart failure, which affects the left heart, and biventricular heart failure, which affects both sides of the heart. Left-sided heart failure may be present with a reduced ejection fraction or with a preserved ejection fraction. Heart failure is not the same as cardiac arrest, in which blood flow stops completely due to the failure of the heart to pump.
Diagnosis is based on symptoms, physical findings, and echocardiography. Blood tests, and a chest X-ray may be useful to determine the underlying cause. Treatment depends on severity and case. For people with chronic, stable, or mild heart failure, treatment usually consists of lifestyle changes, such as not smoking, physical exercise, and dietary changes, as well as medications. In heart failure due to left ventricular dysfunction, angiotensin-converting-enzyme inhibitors, angiotensin II receptor blockers (ARBs), or angiotensin receptor-neprilysin inhibitors, along with beta blockers, mineralocorticoid receptor antagonists and SGLT2 inhibitors are recommended. Diuretics may also be prescribed to prevent fluid retention and the resulting shortness of breath. Depending on the case, an implanted device such as a pacemaker or implantable cardiac defibrillator  may sometimes be recommended. In some moderate or more severe cases, cardiac resynchronization therapy (CRT) or cardiac contractility modulation may be beneficial. In severe disease that persists despite all other measures, a cardiac assist device ventricular assist device, or, occasionally, heart transplantation may be recommended.
Heart failure is a common, costly, and potentially fatal condition, and is the leading cause of hospitalization and readmission in older adults. Heart failure often leads to more drastic health impairments than the failure of other, similarly complex organs such as the kidneys or liver. In 2015, it affected about 40 million people worldwide. Overall, heart failure affects about 2% of adults, and more than 10% of those over the age of 70. Rates are predicted to increase.
The risk of death in the first year after diagnosis is about 35%, while the risk of death in the second year is less than 10% in those still alive. The risk of death is comparable to that of some cancers. In the United Kingdom, the disease is the reason for 5% of emergency hospital admissions. Heart failure has been known since ancient times in Egypt; it is mentioned in the Ebers Papyrus around 1550 BCE.","Heart failure (HF), also known as congestive heart failure (CHF), is a syndrome caused by an impairment in the heart's ability to fill with and pump blood.
Although symptoms vary based on which side of the heart is affected, HF typically presents with shortness of breath, excessive fatigue, and bilateral leg swelling. The severity of the heart failure is mainly decided based on ejection fraction and also measured by the severity of symptoms. Other conditions that have symptoms similar to heart failure include obesity, kidney failure, liver disease, anemia, and thyroid disease.
Common causes of heart failure include coronary artery disease, heart attack, high blood pressure, atrial fibrillation, valvular heart disease, excessive alcohol consumption, infection, and cardiomyopathy. These cause heart failure by altering the structure or the function of the heart or in some cases both. There are different types of heart failure: right-sided heart failure, which affects the right heart, left-sided heart failure, which affects the left heart, and biventricular heart failure, which affects both sides of the heart. Left-sided heart failure may be present with a reduced ejection fraction or with a preserved ejection fraction. Heart failure is not the same as cardiac arrest, in which blood flow stops completely due to the failure of the heart to pump.
Diagnosis is based on symptoms, physical findings, and echocardiography. Blood tests, and a chest X-ray may be useful to determine the underlying cause. Treatment depends on severity and case. For people with chronic, stable, or mild heart failure, treatment usually consists of lifestyle changes, such as not smoking, physical exercise, and dietary changes, as well as medications. In heart failure due to left ventricular dysfunction, angiotensin-converting-enzyme inhibitors, angiotensin II receptor blockers (ARBs), or angiotensin receptor-neprilysin inhibitors, along with beta blockers, mineralocorticoid receptor antagonists and SGLT2 inhibitors are recommended. Diuretics may also be prescribed to prevent fluid retention and the resulting shortness of breath. Depending on the case, an implanted device such as a pacemaker or implantable cardiac defibrillator  may sometimes be recommended. In some moderate or more severe cases, cardiac resynchronization therapy (CRT) or cardiac contractility modulation may be beneficial. In severe disease that persists despite all other measures, a cardiac assist device ventricular assist device, or, occasionally, heart transplantation may be recommended.
Heart failure is a common, costly, and potentially fatal condition, and is the leading cause of hospitalization and readmission in older adults. Heart failure often leads to more drastic health impairments than the failure of other, similarly complex organs such as the kidneys or liver. In 2015, it affected about 40 million people worldwide. Overall, heart failure affects about 2% of adults, and more than 10% of those over the age of 70. Rates are predicted to increase.
The risk of death in the first year after diagnosis is about 35%, while the risk of death in the second year is less than 10% in those still alive. The risk of death is comparable to that of some cancers. In the United Kingdom, the disease is the reason for 5% of emergency hospital admissions. Heart failure has been known since ancient times in Egypt; it is mentioned in the Ebers Papyrus around 1550 BCE.


== Definition ==
The term ""cardiovascular insufficiency"" is sometimes used when the heart does not function effectively as a pump and fails to circulate enough blood through the circulatory system to meet the body's needs. This generally leads to the syndrome of heart failure, a combination of signs and symptoms when the heart functions poorly as a pump. This leads to high filling pressure in the left atrium with fluid accumulation and water retention. Most of the visible signs of heart failure are the result of this fluid accumulation (edema) and the adjective congestion is added to the definition of heart failure. Impaired ejection can lead to inadequate blood flow to the body tissues, resulting in ischemia.


== Signs and symptoms ==

Congestive heart failure is a pathophysiological condition in which the heart's output is insufficient to meet the needs of the body and lungs. The term ""congestive heart failure"" is often used because one of the most common symptoms is congestion or fluid accumulation in the tissues and veins of the lungs or other parts of a person's body.
Congestion manifests itself particularly in the form of fluid accumulation and swelling (edema), in the form of peripheral edema (causing swollen limbs and feet) and pulmonary edema (causing difficulty breathing) and ascites (swollen abdomen). Pulse pressure, which is the difference between the systolic (""top number"") and diastolic (""bottom number"") blood pressures, is often low/narrow (i.e. 25% or less of the level of the systolic) in people with heart failure, and this can be an early warning sign.
Symptoms of heart failure are traditionally divided into left-sided and right-sided because the left and right ventricles supply different parts of the circulation. In biventricular heart failure, both sides of the heart are affected. Left-sided heart failure is the more common.


=== Left-sided failure ===
The left side of the heart takes oxygen-rich blood from the lungs and pumps it to the rest of the circulatory system in the body (except for the pulmonary circulation). Failure of the left side of the heart causes blood to back up into the lungs, causing breathing difficulties and fatigue due to an insufficient supply of oxygenated blood. Common respiratory signs include increased respiratory rate and labored breathing (nonspecific signs of shortness of breath). Rales or crackles are heard initially in the lung bases and when severe in all lung fields indicate the development of pulmonary edema (fluid in the alveoli). Cyanosis, indicates deficiency of oxygen in the blood, is a late sign of extremely severe pulmonary edema.
Other signs of left ventricular failure include a laterally displaced apex beat (which occurs when the heart is enlarged) and a gallop rhythm (additional heart sounds), which may be heard as a sign of increased blood flow or increased intracardiac pressure. Heart murmurs may indicate the presence of valvular heart disease, either as a cause (e.g., aortic stenosis) or as a consequence (e.g., mitral regurgitation) of heart failure.
Reverse insufficiency of the left ventricle causes congestion in the blood vessels of the lungs so that symptoms are predominantly respiratory. Reverse insufficiency can be divided into the failure of the left atrium, the left ventricle, or both within the left circuit. Patients will experience shortness of breath (dyspnea) on exertion and, in severe cases, dyspnea at rest. Increasing breathlessness while lying down, called orthopnea, also occurs. It can be measured by the number of pillows required to lie comfortably, with extreme cases of orthopnea forcing the patient to sleep sitting up. Another symptom of heart failure is paroxysmal nocturnal dyspnea: a sudden nocturnal attack of severe shortness of breath, usually occurring several hours after falling asleep. There may be ""cardiac asthma"" or wheezing. Impaired left ventricular forward function can lead to symptoms of poor systemic perfusion such as dizziness, confusion, and cool extremities at rest. Loss of consciousness may also occur due to loss of blood supply to the brain.


=== Right-sided failure ===

Right-sided heart failure is often caused by pulmonary heart disease (cor pulmonale), which is typically caused by issues with pulmonary circulation such as pulmonary hypertension or pulmonic stenosis. Physical examination may reveal pitting peripheral edema, ascites, liver enlargement, and spleen enlargement. Jugular venous pressure is frequently assessed as a marker of fluid status, which can be accentuated by testing hepatojugular reflux. If the right ventricular pressure is increased, a parasternal heave which causes the compensatory increase in contraction strength may be present.
Backward failure of the right ventricle leads to congestion of systemic capillaries. This generates excess fluid accumulation in the body. This causes swelling under the skin (peripheral edema or anasarca) and usually affects the dependent parts of the body first, causing foot and ankle swelling in people who are standing up and sacral edema in people who are predominantly lying down. Nocturia (frequent night-time urination) may occur when fluid from the legs is returned to the bloodstream while lying down at night. In progressively severe cases, ascites (fluid accumulation in the abdominal cavity causing swelling) and liver enlargement may develop. Significant liver congestion may result in impaired liver function (congestive hepatopathy), jaundice, and coagulopathy (problems of decreased or increased blood clotting).


=== Biventricular failure ===
Dullness of the lung fields when percussed and reduced breath sounds at the base of the lungs may suggest the development of a pleural effusion (fluid collection between the lung and the chest wall). Though it can occur in isolated left- or right-sided heart failure, it is more common in biventricular failure because pleural veins drain into both the systemic and pulmonary venous systems. When unilateral, effusions are often right-sided.
If a person with a failure of one ventricle lives long enough, it will tend to progress to failure of both ventricles. For example, left ventricular failure allows pulmonary edema and pulmonary hypertension to occur, which increases stress on the right ventricle. Though still harmful, right ventricular failure is not as deleterious to the left side.


== Causes ==
Since heart failure is a syndrome and not a disease, establishing the underlying cause is vital to diagnosis and treatment. In heart failure, the structure or the function of the heart or in some cases both are altered. Heart failure is the potential end stage of all heart diseases.
Common causes of heart failure include coronary artery disease – including a previous myocardial infarction (heart attack), high blood pressure, atrial fibrillation, and valvular heart disease – excessive alcohol use, infection, and cardiomyopathy of an unknown cause. In addition, viral infection and subsequent myocarditis – inflammation of the heart's myocardial tissue – can similarly contribute to the development of heart failure. Genetic predisposition plays an important role. If more than one cause is present, progression is more likely and prognosis is worse.
Heart damage can predispose a person to develop heart failure later in life and has many causes including systemic viral infections (e.g., HIV), chemotherapeutic agents such as daunorubicin, cyclophosphamide, trastuzumab and substance use disorders of substances such as alcohol, cocaine, and methamphetamine. An uncommon cause is exposure to certain toxins such as lead and cobalt. Additionally, infiltrative disorders such as amyloidosis and connective tissue diseases such as systemic lupus erythematosus have similar consequences. Obstructive sleep apnea (a condition of sleep wherein disordered breathing overlaps with obesity, hypertension, and/or diabetes) is regarded as an independent cause of heart failure. Recent reports from clinical trials have also linked variation in blood pressure to heart failure and cardiac changes that may give rise to heart failure.


=== High-output heart failure ===
High-output heart failure happens when the amount of blood pumped out is more than typical and the heart cannot keep up. This can occur in overload situations such as blood or serum infusions, kidney diseases, chronic severe anemia, beriberi (vitamin B1/thiamine deficiency), hyperthyroidism, cirrhosis, Paget's disease, multiple myeloma, arteriovenous fistulae, or arteriovenous malformations.


=== Acute decompensation ===

Chronic stable heart failure may easily decompensate (fail to meet the body's metabolic needs). This most commonly results from a concurrent illness (such as myocardial infarction (a heart attack) or pneumonia), abnormal heart rhythms, uncontrolled hypertension, or a person's failure to maintain a fluid restriction, diet, or medication.
Other factors that may worsen CHF include: anemia, hyperthyroidism, excessive fluid or salt intake, and medication such as NSAIDs and thiazolidinediones. NSAIDs increase the risk twofold.


=== Medications ===
A number of medications may cause or worsen the disease. This includes NSAIDs, COX-2 inhibitors, a number of anesthetic agents such as ketamine, thiazolidinediones, some cancer medications, several antiarrhythmic medications, pregabalin, alpha-2 adrenergic receptor agonists, minoxidil, itraconazole, cilostazol, anagrelide, stimulants (e.g., methylphenidate), tricyclic antidepressants, lithium, antipsychotics, dopamine agonists, TNF inhibitors, calcium channel blockers (especially verapamil and diltiazem), salbutamol, and tamsulosin.
By inhibiting the formation of prostaglandins, NSAIDs may exacerbate heart failure through several mechanisms, including promotion of fluid retention, increasing blood pressure, and decreasing a person's response to diuretic medications. Similarly, the ACC/AHA recommends against using COX-2 inhibitor medications in people with heart failure. Thiazolidinediones have been strongly linked to new cases of heart failure and worsening of pre-existing congestive heart failure due to their association with weight gain and fluid retention. Certain calcium channel blockers, such as diltiazem and verapamil, are known to decrease the force with which the heart ejects blood; thus, these are not recommended in people with heart failure with a reduced ejection fraction.
Breast cancer patients are at high risk of heart failure due to several factors. After analyzing data from 26 studies (836,301 patients), the recent meta-analysis found that breast cancer survivors demonstrated a higher risk of heart failure within the first ten years after diagnosis (hazard ratio = 1.21; 95% CI: 1.1, 1.33). The pooled incidence of heart failure in breast cancer survivors was 4.44 (95% CI 3.33-5.92) per 1000 person-years of follow-up.


=== Supplements ===
Certain alternative medicines carry a risk of exacerbating existing heart failure, and are not recommended. This includes aconite, ginseng, gossypol, gynura, licorice, lily of the valley, tetrandrine, and yohimbine. Aconite can cause abnormally slow heart rates and abnormal heart rhythms such as ventricular tachycardia. Ginseng can cause abnormally low or high blood pressure and may interfere with the effects of diuretic medications. Gossypol can increase the effects of diuretics, leading to toxicity.
Gynura can cause low blood pressure. Licorice can worsen heart failure by increasing blood pressure and promoting fluid retention. Lily of the Valley can cause abnormally slow heart rates with mechanisms similar to those of digoxin. Tetrandrine can lower blood pressure by inhibiting L-type calcium channels. Yohimbine can exacerbate heart failure by increasing blood pressure through alpha-2 adrenergic receptor antagonism.


== Pathophysiology ==

 Heart failure is caused by any condition that reduces the efficiency of the heart muscle, through damage or overloading. Over time, these increases in workload, which are mediated by long-term activation of neurohormonal systems such as the renin–angiotensin system and the sympathoadrenal system, lead to fibrosis, dilation, and structural changes in the shape of the left ventricle from elliptical to spherical.
The heart of a person with heart failure may have a reduced force of contraction due to overloading of the ventricle. In a normal heart, increased filling of the ventricle results in increased contraction force by the Frank–Starling law of the heart, and thus a rise in cardiac output. In heart failure, this mechanism fails, as the ventricle is loaded with blood to the point where heart muscle contraction becomes less efficient. This is due to the reduced ability to cross-link actin and myosin myofilaments in over-stretched heart muscle.


== Diagnosis ==
No diagnostic criteria have been agreed on as the gold standard for heart failure, especially heart failure with preserved ejection fraction (HFpEF).
In the UK, the National Institute for Health and Care Excellence recommends measuring N-terminal pro-BNP (NT-proBNP) followed by an ultrasound of the heart if positive. In Europe, the European Society of Cardiology, and in the United States, the AHA/ACC/HFSA, recommend measuring NT-proBNP or BNP followed by an ultrasound of the heart if positive. This is recommended in those with symptoms consistent with heart failure such as shortness of breath.
The European Society of Cardiology defines the diagnosis of heart failure as symptoms and signs consistent with heart failure in combination with ""objective evidence of cardiac structural or functional abnormalities"". This definition is consistent with an international 2021 report termed ""Universal Definition of Heart Failure"". Score-based algorithms have been developed to help in the diagnosis of HFpEF, which can be challenging for physicians to diagnose. The AHA/ACC/HFSA defines heart failure as symptoms and signs consistent with heart failure in combination with shown ""structural and functional alterations of the heart as the underlying cause for the clinical presentation"", for HFmrEF and HFpEF specifically requiring ""evidence of spontaneous or provokable increased left ventricle filling pressures"".


=== Algorithms ===
The European Society of Cardiology has developed a diagnostic algorithm for HFpEF, named HFA-PEFF. HFA-PEFF considers symptoms and signs, typical clinical demographics (obesity, hypertension, diabetes, elderly, atrial fibrillation), and diagnostic laboratory tests, ECG, and echocardiography.


=== Classification ===


==== ""Left"", ""right"" and mixed heart failure ====
One historical method of categorizing heart failure is by the side of the heart involved (left heart failure versus right heart failure). Right heart failure was thought to compromise blood flow to the lungs compared to left heart failure compromising blood flow to the aorta and consequently to the brain and the remainder of the body's systemic circulation. However, mixed presentations are common, and left heart failure is a common cause of right heart failure.


==== By ejection fraction ====
A more accurate classification of heart failure type is made by measuring ejection fraction, or the proportion of blood pumped out of the heart during a single contraction. Ejection fraction is given as a percentage, with the normal range being between 50% and 75%. The types are:

Heart failure with reduced ejection fraction (HFrEF): Synonyms no longer recommended are ""heart failure due to left ventricular systolic dysfunction"" and ""systolic heart failure"". HFrEF is associated with an ejection fraction less than 40%.
Heart failure with mildly reduced ejection fraction (HFmrEF), previously called ""heart failure with mid-range ejection fraction"", is defined by an ejection fraction of 41–49%.
Heart failure with preserved ejection fraction (HFpEF): Synonyms no longer recommended include ""diastolic heart failure"" and ""heart failure with normal ejection fraction"". HFpEF occurs when the left ventricle contracts normally during systole, but the ventricle is stiff and does not relax normally during diastole, which impairs filling.
Heart failure with recovered ejection fraction (HFrecovEF or HFrecEF): patients previously with HFrEF with complete normalization of left ventricular ejection (≥50%).
Heart failure may also be classified as acute or chronic. Chronic heart failure is a long-term condition, usually kept stable by the treatment of symptoms. Acute decompensated heart failure is a worsening of chronic heart failure symptoms, which can result in acute respiratory distress. High-output heart failure can occur when there is increased cardiac demand that results in increased left ventricular diastolic pressure which can develop into pulmonary congestion (pulmonary edema).
Several terms are closely related to heart failure and may be the cause of heart failure, but should not be confused with it. Cardiac arrest and asystole refer to situations in which no cardiac output occurs at all. Without urgent treatment, these events result in sudden death. Myocardial infarction (heart attack) refers to heart muscle damage due to insufficient blood supply, usually as a result of a blocked coronary artery. Cardiomyopathy refers specifically to problems within the heart muscle, and these problems can result in heart failure. Ischemic cardiomyopathy implies that the cause of muscle damage is coronary artery disease. Dilated cardiomyopathy implies that the muscle damage has resulted in enlargement of the heart. Hypertrophic cardiomyopathy involves enlargement and thickening of the heart muscle.


=== Ultrasound ===
An echocardiogram (ultrasound of the heart) is commonly used to support a clinical diagnosis of heart failure. This can determine the stroke volume (SV, the amount of blood in the heart that exits the ventricles with each beat), the end-diastolic volume (EDV, the total amount of blood at the end of diastole), and the SV in proportion to the EDV, a value known as the ejection fraction (EF). In pediatrics, the shortening fraction is the preferred measure of systolic function. Normally, the EF should be between 50 and 70%; in systolic heart failure, it drops below 40%. Echocardiography can also identify valvular heart disease and assess the state of the pericardium (the connective tissue sac surrounding the heart). Echocardiography may also aid in deciding specific treatments, such as medication, insertion of an implantable cardioverter-defibrillator, or cardiac resynchronization therapy. Echocardiography can also help determine if acute myocardial ischemia is the precipitating cause, and may manifest as regional wall motion abnormalities on echo.
A carotid ultrasound was found to assist with determining whether males aged over 60 were at risk of developing heart failure in the future. The ultrasound scans the carotid arteries which carry blood to the brain, with men that have less flexible arteries being at greater risk.


=== Chest X-ray ===

Chest X-rays are frequently used to aid in the diagnosis of CHF. In a person who is compensated, this may show cardiomegaly (visible enlargement of the heart), quantified as the cardiothoracic ratio (proportion of the heart size to the chest). In left ventricular failure, evidence may exist of vascular redistribution (upper lobe blood diversion or cephalization), Kerley lines, cuffing of the areas around the bronchi, and interstitial edema. Ultrasound of the lung may also detect Kerley lines.


=== Electrophysiology ===
An electrocardiogram (ECG or EKG) may be used to identify arrhythmias, ischemic heart disease, right and left ventricular hypertrophy, and presence of conduction delay or abnormalities (e.g. left bundle branch block). Although these findings are not specific to the diagnosis of heart failure, a normal ECG virtually excludes left ventricular systolic dysfunction.


=== Blood tests ===
N-terminal pro-BNP (NT-proBNP) is the favored biomarker for the diagnosis of heart failure, according to guidelines published 2018 by NICE in the UK. Brain natriuretic peptide 32 (BNP) is another biomarker commonly tested for heart failure. An elevated NT-proBNP or BNP is a specific test indicative of heart failure. Additionally, NT-proBNP or BNP can be used to differentiate between causes of dyspnea due to heart failure from other causes of dyspnea. If a myocardial infarction is suspected, various cardiac markers may be used.
Blood tests routinely performed include electrolytes (sodium, potassium), measures of kidney function, liver function tests, thyroid function tests, a complete blood count, and often C-reactive protein if infection is suspected.
Hyponatremia (low serum sodium concentration) is common in heart failure. Vasopressin levels are usually increased, along with renin, angiotensin II, and catecholamines to compensate for reduced circulating volume due to inadequate cardiac output. This leads to increased fluid and sodium retention in the body; the rate of fluid retention is higher than the rate of sodium retention in the body, this phenomenon causes hypervolemic hyponatremia (low sodium concentration due to high body fluid retention). This phenomenon is more common in older women with low body mass. Severe hyponatremia can result in accumulation of fluid in the brain, causing cerebral edema and intracranial hemorrhage.


=== Angiography ===
Angiography is the X-ray imaging of blood vessels, which is done by injecting contrast agents into the bloodstream through a thin plastic tube (catheter), which is placed directly in the blood vessel. X-ray images are called angiograms. Heart failure may be the result of coronary artery disease, and its prognosis depends in part on the ability of the coronary arteries to supply blood to the myocardium (heart muscle). As a result, coronary catheterization may be used to identify possibilities for revascularisation through percutaneous coronary intervention or bypass surgery.


=== Staging ===
Heart failure is commonly stratified by the degree of functional impairment conferred by the severity of the heart failure, as reflected in the New York Heart Association (NYHA) functional classification. The NYHA functional classes (I–IV) begin with class I, which is defined as a person who experiences no limitation in any activities and has no symptoms from ordinary activities. People with NYHA class II heart failure have slight, mild limitations with everyday activities; the person is comfortable at rest or with mild exertion. With NYHA class III heart failure, a marked limitation occurs with any activity; the person is comfortable only at rest. A person with NYHA class IV heart failure is symptomatic at rest and becomes quite uncomfortable with any physical activity. This score documents the severity of symptoms and can be used to assess response to treatment. While its use is widespread, the NYHA score is not very reproducible and does not reliably predict walking distance or exercise tolerance on formal testing.
In its 2001 guidelines, the American College of Cardiology/American Heart Association working group introduced four stages of heart failure:

Stage A: People at high risk for developing HF in the future, but no functional or structural heart disorder
Stage B: A structural heart disorder, but no symptoms at any stage
Stage C: Previous or current symptoms of heart failure in the context of an underlying structural heart problem, but managed with medical treatment
Stage D: Advanced disease requiring hospital-based support, a heart transplant, or palliative care
The ACC staging system is useful since stage A encompasses ""pre-heart failure"" – a stage where intervention with treatment can presumably prevent progression to overt symptoms. ACC stage A does not have a corresponding NYHA class. ACC stage B would correspond to NYHA class I. ACC stage C corresponds to NYHA class II and III, while ACC stage D overlaps with NYHA class IV.

The degree of coexisting illness: i.e. heart failure/systemic hypertension, heart failure/pulmonary hypertension, heart failure/diabetes, heart failure/kidney failure, etc.
Whether the problem is primarily increased venous back pressure (preload), or failure to supply adequate arterial perfusion (afterload)
Whether the abnormality is due to low cardiac output with high systemic vascular resistance or high cardiac output with low vascular resistance (low-output heart failure vs. high-output heart failure)


=== Histopathology ===

Histopathology can diagnose heart failure in autopsies. The presence of siderophages indicates chronic left-sided heart failure, but is not specific for it. It is also indicated by congestion of the pulmonary circulation.


== Prevention ==
A person's risk of developing heart failure is inversely related to the level of physical activity. Those who achieved at least 500 MET-minutes/week (the recommended minimum by U.S. guidelines) had lower heart failure risk than individuals who did not report exercising during their free time; the reduction in heart failure risk was even greater in those who engaged in higher levels of physical activity than the recommended minimum.
Heart failure can also be prevented by lowering high blood pressure and high blood cholesterol, and by controlling diabetes. Maintaining a healthy weight, and decreasing sodium, alcohol, and sugar intake, may help. Additionally, avoiding tobacco use has been shown to lower the risk of heart failure.
According to Johns Hopkins and the American Heart Association there are a few ways to help prevent a cardiac event. Johns Hopkins states that stopping tobacco use, reducing high blood pressure, physical activity, and nutrition can drastically affect the chances of developing heart disease. High blood pressure accounts for most cardiovascular deaths. High blood pressure can be lowered into the normal range by making dietary decisions such as consuming less salt. Exercise also helps to bring blood pressure back down. One of the best ways to help avoid heart failure is to promote healthier eating habits like eating more vegetables, fruits, grains, and lean protein.
Diabetes is a major risk factor for heart failure. For women with Coronary Heart disease (CHD), diabetes was the strongest risk factor for heart failure. Diabetic women with depressed creatinine clearance or elevated BMI were at the highest risk of heart failure. While the annual incidence rate of heart failure for non-diabetic women with no risk factors is 0.4%, the annual incidence rate for diabetic women with elevated body mass index (BMI) and depressed creatinine clearance was 7% and 13%, respectively.


== Management ==

Treatment focuses on improving the symptoms and preventing the progression of the disease. Reversible causes of heart failure also need to be addressed (e.g. infection, alcohol ingestion, anemia, thyrotoxicosis, arrhythmia, and hypertension). Treatments include lifestyle and pharmacological modalities, and occasionally various forms of device therapy. Rarely, cardiac transplantation is used as an effective treatment when heart failure has reached the end stage.


=== Acute decompensation ===

In acute decompensated heart failure, the immediate goal is to re-establish adequate perfusion and oxygen delivery to end organs. This entails ensuring that airway, breathing, and circulation are adequate. Immediate treatments usually involve some combination of vasodilators such as nitroglycerin, diuretics such as furosemide, and possibly noninvasive positive pressure ventilation. Supplemental oxygen is indicated in those with oxygen saturation levels below 90%, but is not recommended in those with normal oxygen levels in the normal atmosphere.


=== Chronic management ===
The goals of treatment for people with chronic heart failure are prolonging life, preventing acute decompensation, and reducing symptoms, allowing for greater activity.
Heart failure can result from a variety of conditions. In considering therapeutic options, excluding reversible causes is of primary importance, including thyroid disease, anemia, chronic tachycardia, alcohol use disorder, hypertension, and dysfunction of one or more heart valves. Treatment of the underlying cause is usually the first approach to treating heart failure. In most cases, though, either no primary cause is found or treatment of the primary cause does not restore normal heart function. In these cases, behavioral, medical and device treatment strategies exist that can provide a significant improvement in outcomes, including the relief of symptoms, exercise tolerance, and a decrease in the likelihood of hospitalization or death. Breathlessness rehabilitation for chronic obstructive pulmonary disease and heart failure has been proposed with exercise training as a core component. Rehabilitation should also include other interventions to address shortness of breath including the psychological and educational needs of people and the needs of caregivers. Iron supplementation appears to reduce hospitalization but not all-cause mortality in patients with iron deficiency and heart
failure.


==== Advance care planning ====
The latest evidence indicates that advance care planning (ACP) may help to increase documentation by medical staff regarding discussions with participants and improve an individual's depression. This involves discussing an individual's future care plan, preferences, and values. The findings are, however, based on low-quality evidence.


==== Monitoring ====
The various measures often used to assess the progress of people being treated for heart failure include fluid balance (calculation of fluid intake and excretion) and monitoring body weight (which in the shorter term reflects fluid shifts). Remote monitoring can be effective to reduce complications for people with heart failure.


==== Lifestyle ====
Behavior modification is a primary consideration in chronic heart failure management programs, with dietary guidelines regarding fluid and salt intake. Fluid restriction is important to reduce fluid retention in the body and to correct the hyponatremic status of the body. The evidence of the benefit of reducing salt, however, is poor as of 2018. Thirst is a common and burdensome symptom for patients to cope with. Chewing gum is an effective intervention to relieve thirst in patients experiencing heart failure, although patient acceptability remains an issue.


==== Exercise and physical activity ====
Exercise should be encouraged and tailored to suit an individual's capabilities. A meta-analysis found that center-based group interventions delivered by a physiotherapist help promote physical activity in HF. There is a need for additional training for physiotherapists in delivering behavior change intervention alongside an exercise program. An intervention is expected to be more efficacious in encouraging physical activity than the usual care if it includes Prompts and cues to walk or exercise, like a phone call or a text message. It is helpful if a trusted clinician provides explicit advice to engage in physical activity (Credible source). Another highly effective strategy is to place objects that will serve as a cue to engage in physical activity in the person's everyday environment (Adding object to the environment; e.g., exercise step or treadmill). Encouragement to walk or exercise in various settings beyond CR (e.g., home, neighborhood, parks) is also promising (Generalisation of target behavior). Additional promising strategies are Graded tasks (e.g., gradual increase in intensity and duration of exercise training), Self-monitoring, Monitoring of physical activity by others without feedback, Action planning, and Goal-setting. The inclusion of regular physical conditioning as part of a cardiac rehabilitation program can significantly improve quality of life and reduce the risk of hospital admission for worsening symptoms, but no evidence shows a reduction in mortality rates as a result of exercise.
Home visits and regular monitoring at heart-failure clinics reduce the need for hospitalization and improve life expectancy.


==== Medication ====
Quadruple medical therapy using a combination of angiotensin receptor-neprilysin inhibitors (ARNI), beta blockers, mineralocorticoid receptor antagonists (MRA), and sodium/glucose cotransporter 2 inhibitors (SGLT2 inhibitors) is the standard of care as of 2021 for heart failure with reduced ejection fraction (HFrEF).
There is no convincing evidence for pharmacological treatment of heart failure with preserved ejection fraction (HFpEF). Medication for HFpEF is symptomatic treatment with diuretics to treat congestion. Managing risk factors and comorbidities such as hypertension is recommended in HFpEF.
Inhibitors of the renin–angiotensin system (RAS) are recommended for heart failure. The angiotensin receptor-neprilysin inhibitors (ARNI) sacubitril/valsartan is recommended as the first choice of RAS inhibitors in American guidelines published by AHA/ACC in 2022. Use of ACE inhibitor, or angiotensin receptor blockers (ARBs) if the person develops a long-term cough as a side effect of the ACE-I, is associated with improved survival, fewer hospitalizations for heart failure exacerbations, and improved quality of life in people with heart failure. European guidelines published by ESC in 2021 recommends that ARNI should be used in those who still have symptoms while on an ACE-I or ARB, beta blocker, and a mineralocorticoid receptor antagonist. Use of the combination agent ARNI requires the cessation of ACE-I or ARB therapy at least 36 hours before its initiation.
Beta-adrenergic blocking agents (beta blockers) add to the improvement in symptoms and mortality provided by ACE-I/ARB. The mortality benefits of beta blockers in people with systolic dysfunction who also have atrial fibrillation is more limited than in those who do not have it. If the ejection fraction is not diminished (HFpEF), the benefits of beta blockers are more modest; a decrease in mortality has been observed, but reduction in hospital admission for uncontrolled symptoms has not been observed.
In people who are intolerant of ACE-I and ARB or who have significant kidney dysfunction, the use of combined hydralazine and a long-acting nitrate, such as isosorbide dinitrate, is an effective alternate strategy. This regimen has been shown to reduce mortality in people with moderate heart failure. It is especially beneficial in the black population.
Use of a mineralocorticoid antagonist, such as spironolactone or eplerenone, in addition to beta blockers and ACE-I, can improve symptoms and reduce mortality in people with symptomatic heart failure with reduced ejection fraction (HFrEF).
SGLT2 inhibitors are used for heart failure with reduced ejection fraction as they have demonstrated benefits in reducing hospitalizations and mortality, regardless of whether an individual has comorbid Type 2 Diabetes or not.


===== Other medications =====
Second-line medications for CHF do not confer a mortality benefit. Digoxin is one such medication. Its narrow therapeutic window, a high degree of toxicity, and the failure of multiple trials to show a mortality benefit have reduced its role in clinical practice. It is now used in only a small number of people with refractory symptoms, who are in atrial fibrillation, and/or who have chronic hypotension.
Diuretics have been a mainstay of treatment against symptoms of fluid accumulation, and include diuretics classes such as loop diuretics (such as furosemide), thiazide-like diuretics, and potassium-sparing diuretics. Although widely used, evidence on their efficacy and safety is limited, except for mineralocorticoid antagonists such as spironolactone.
Anemia is an independent factor in mortality in people with chronic heart failure. Treatment of anemia significantly improves the quality of life for those with heart failure, often with a reduction in severity of the NYHA classification, and also improves mortality rates. The European Society of Cardiology recommends screening for iron deficiency and treating with intravenous iron if deficiency is found.
The decision to anticoagulate people with HF, typically with left ventricular ejection fractions <35% is debated, but generally, people with coexisting atrial fibrillation, a prior embolic event, or conditions that increase the risk of an embolic event such as amyloidosis, left ventricular noncompaction, familial dilated cardiomyopathy, or a thromboembolic event in a first-degree relative.
Vasopressin receptor antagonists can also treat heart failure. Conivaptan is the first medication approved by the US Food and Drug Administration for the treatment of euvolemic hyponatremia in those with heart failure. In rare cases hypertonic 3% saline together with diuretics may be used to correct hyponatremia.
Ivabradine is recommended for people with symptomatic heart failure with reduced left ventricular ejection fraction who are receiving optimized guideline-directed therapy (as above) including the maximum tolerated dose of beta-blocker, have a normal heart rhythm and continue to have a resting heart rate above 70 beats per minute. Ivabradine has been found to reduce the risk of hospitalization for heart failure exacerbations in this subgroup of people with heart failure.


==== Implanted devices ====
In people with severe cardiomyopathy (left ventricular ejection fraction below 35%), or in those with recurrent VT or malignant arrhythmias, treatment with an automatic implantable cardioverter-defibrillator (AICD) is indicated to reduce the risk of severe life-threatening arrhythmias. The AICD does not improve symptoms or reduce the incidence of malignant arrhythmias but does reduce mortality from those arrhythmias, often in conjunction with antiarrhythmic medications. In people with left ventricular ejection (LVEF) below 35%, the incidence of ventricular tachycardia or sudden cardiac death is high enough to warrant AICD placement. Its use is therefore recommended in AHA/ACC guidelines.
Cardiac contractility modulation (CCM) is a treatment for people with moderate to severe left ventricular systolic heart failure (NYHA classes II–IV), which enhances both the strength of ventricular contraction and the heart's pumping capacity. The CCM mechanism is based on stimulation of the cardiac muscle by nonexcitatory electrical signals, which are delivered by a pacemaker-like device. CCM is particularly suitable for the treatment of heart failure with normal QRS complex duration (120 ms or less) and has been demonstrated to improve the symptoms, quality of life, and exercise tolerance. CCM is approved for use in Europe, and was approved by the Food and Drug Administration for use in the United States in 2019.
About one-third of people with an LVEF below 35% have markedly altered conduction to the ventricles, resulting in dyssynchronous depolarization of the right and left ventricles. This is especially problematic in people with left bundle branch block (blockage of one of the two primary conducting fiber bundles that originate at the base of the heart and carry depolarizing impulses to the left ventricle). Using a special pacing algorithm, biventricular cardiac resynchronization therapy (CRT) can initiate a normal sequence of ventricular depolarization. In people with LVEF below 35% and prolonged QRS duration on ECG (LBBB or QRS of 150 ms or more), an improvement in symptoms and mortality occurs when CRT is added to standard medical therapy. However, in the two-thirds of people without prolonged QRS duration, CRT may be harmful.


==== Surgical therapies ====
People with the most severe heart failure may be candidates for ventricular assist devices, which have commonly been used as a bridge to heart transplantation but have been used more recently as a destination treatment for advanced heart failure. Coronary bypass surgery may also be used to move blood around clogged arteries in cases when heart failure is caused by arterial blockages.
In select cases, heart transplantation can be considered. While this may resolve the problems associated with heart failure, the person must generally remain on an immunosuppressive regimen to prevent rejection, which has its own significant downsides. A major limitation of this treatment option is the scarcity of hearts available for transplantation.


=== Palliative care ===
People with heart failure often have significant symptoms, such as chest pain and shortness of breath. Palliative care should be initiated early in the HF trajectory, and should not be an option of last resort. Palliative care can not only provide symptom management, but also assist with advanced care planning, goals of care in the case of a significant decline, and making sure the person has a medical power of attorney and discussed his or her wishes with this individual. A 2016 and 2017 review found that palliative care is associated with improved outcomes, such as quality of life, symptom burden, and satisfaction with care.
Without transplantation, heart failure may not be reversible and heart function typically deteriorates with time. The growing number of people with stage IV heart failure (intractable symptoms of fatigue, shortness of breath, or chest pain at rest despite optimal medical therapy) should be considered for palliative care or hospice, according to American College of Cardiology/American Heart Association guidelines.


== Prognosis ==
Prognosis in heart failure can be assessed in multiple ways, including clinical prediction rules and cardiopulmonary exercise testing. Clinical prediction rules use a composite of clinical factors such as laboratory tests and blood pressure to estimate prognosis. Among several clinical prediction rules for prognosticating acute heart failure, the 'EFFECT rule' slightly outperformed other rules in stratifying people and identifying those at low risk of death during hospitalization or within 30 days. Easy methods for identifying people that are low-risk are:

ADHERE Tree rule indicates that people with blood urea nitrogen < 43 mg/dL and systolic blood pressure at least 115 mm Hg have less than 10% chance of inpatient death or complications.
BWH rule indicates that people with systolic blood pressure over 90 mm Hg, respiratory rate of 30 or fewer breaths per minute, serum sodium over 135 mmol/L, and no new ST–T wave changes have less than 10% chance of inpatient death or complications.
A crucial method for assessing prognosis in people with advanced heart failure is cardiopulmonary exercise testing (CPX testing). CPX testing is usually required before heart transplantation as an indicator of prognosis. CPX testing involves the measurement of exhaled oxygen and carbon dioxide during exercise. The peak oxygen consumption (VO2 max) is used as an indicator of prognosis. As a general rule, a VO2 max less than 12–14 cc/kg/min indicates poor survival and suggests that the person may be a candidate for a heart transplant. People with a VO2 max <10 cc/kg/min have a poorer prognosis. The most recent International Society for Heart and Lung Transplantation guidelines also suggest two other parameters that can be used for evaluation of prognosis in advanced heart failure, the heart failure survival score and the use of a criterion of VE/VCO2 slope > 35 from the CPX test. The heart failure survival score is calculated using a combination of clinical predictors and the VO2 max from the CPX test.
Heart failure is associated with significantly reduced physical and mental health, resulting in a markedly decreased quality of life. With the exception of heart failure caused by reversible conditions, the condition usually worsens with time. Although some people survive many years, progressive disease is associated with an overall annual mortality rate of 10%.
Around 18 of every 1000 persons will experience an ischemic stroke during the first year after diagnosis of HF. As the duration of follow-up increases, the stroke rate rises to nearly 50 strokes per 1000 cases of HF by 5 years.


== Epidemiology ==
In 2022, heart failure affected about 64 million people globally. Overall, around 2% of adults have heart failure. In those over the age of 75, rates are greater than 10%.
Rates are predicted to increase. Increasing rates are mostly because of increasing lifespan, but also because of increased risk factors (hypertension, diabetes, dyslipidemia, and obesity) and improved survival rates from other types of cardiovascular disease (myocardial infarction, valvular disease, and arrhythmias). Heart failure is the leading cause of hospitalization in people older than 65.


=== United States ===
In the United States, heart failure affects 5.8 million people, and each year 550,000 new cases are diagnosed. In 2011, heart failure was the most common reason for hospitalization for adults aged 85 years and older, and the second-most common for adults aged 65–84 years. An estimated one in five adults at age 40 will develop heart failure during their remaining lifetimes and about half of people who develop heart failure die within 5 years of diagnosis. Heart failure – much higher in African Americans, Hispanics, Native Americans, and recent immigrants from Eastern Europe countries – has been linked in these ethnic minority populations to the high incidence of diabetes and hypertension.
Nearly one of every four people (24.7%) hospitalized in the U.S. with congestive heart failure is readmitted within 30 days. Additionally, more than 50% of people seek readmission within 6 months after treatment and the average duration of hospital stay is 6 days. Heart failure is a leading cause of hospital readmissions in the U.S. People aged 65 and older were readmitted at a rate of 24.5 per 100 admissions in 2011. In the same year, heart failure patients under Medicaid were readmitted at a rate of 30.4 per 100 admissions, and uninsured people were readmitted at a rate of 16.8 per 100 admissions. These are the highest readmission rates for both categories. Notably, heart failure was not among the top-10 conditions with the most 30-day readmissions among the privately insured.


=== United Kingdom ===
In the UK, despite moderate improvements in prevention, heart failure rates have increased due to population growth and aging. Overall heart failure rates are similar to the four most common causes of cancer (breast, lung, prostate, and colon) combined. People from deprived backgrounds are more likely to be diagnosed with heart failure at a younger age.


=== Developing world ===
In tropical countries, the most common cause of heart failure is valvular heart disease or some type of cardiomyopathy. As underdeveloped countries have become more affluent, the incidences of diabetes, hypertension, and obesity have increased, which have in turn raised the incidence of heart failure.


=== Sex ===
Men have a higher incidence of heart failure, but the overall prevalence rate is similar in both sexes since women survive longer after the onset of heart failure. Women tend to be older when diagnosed with heart failure (after menopause), they are more likely than men to have diastolic dysfunction, and seem to experience a lower overall quality of life than men after diagnosis.


=== Ethnicity ===
Some sources state that people of Asian descent are at a higher risk of heart failure than other ethnic groups. Other sources, however, have found that rates of heart failure are similar to rates found in other ethnic groups.


== History ==
For centuries, the disease entity which would include many cases of what today would be called heart failure was dropsy; the term denotes generalized edema, a major manifestation of a failing heart, though also caused by other diseases. Writings of ancient civilizations include evidence of their acquaintance with dropsy and heart failure: Egyptians were the first to use bloodletting to relieve fluid accumulation and shortage of breath, and provided what may have been the first documented observations on heart failure in the Ebers papyrus (around 1500 BCE). Greeks described cases of dyspnea, fluid retention and fatigue compatible with heart failure.
Romans used the flowering plant Drimia maritima (sea squill), which contains cardiac glycosides, for the treatment of dropsy; descriptions pertaining to heart failure are also known in the civilizations of ancient India and China. However, the manifestations of failing heart were understood in the context of these peoples' medical theories – including ancient Egyptian religion, Hippocratic theory of humours, or ancient Indian and Chinese medicine, and the current concept of heart failure had not developed yet. Although shortage of breath had been connected to heart disease by Avicenna round 1000 CE, decisive for modern understanding of the nature of the condition were the description of pulmonary circulation by Ibn al-Nafis in the 13th century, and of systemic circulation by William Harvey in 1628.
The role of the heart in fluid retention began to be better appreciated, as dropsy of the chest (fluid accumulation in and around the lungs causing shortness of breath) became more familiar and the current concept of heart failure, which brings together swelling and shortage of breath due to fluid retention, began to be accepted, in the 17th and especially in the 18th century: Richard Lower linked dyspnea and foot swelling in 1679, and Giovanni Maria Lancisi connected jugular vein distention with right ventricular failure in 1728. Dropsy attributable to other causes, e.g. kidney failure, was differentiated in the 19th century. The stethoscope, invented by René Laennec in 1819, x-rays, discovered by Wilhelm Röntgen in 1895, and electrocardiography, described by Willem Einthoven in 1903, facilitated the investigation of heart failure.
The 19th century also saw experimental and conceptual advances in the physiology of heart contraction, which led to the formulation of the Frank-Starling law of the heart (named after physiologists Otto Frank and Ernest Starling), a remarkable advance in understanding mechanisms of heart failure.
One of the earliest treatments of heart failure, relief of swelling by bloodletting with various methods, including leeches, continued through the centuries. Along with bloodletting, Jean-Baptiste de Sénac in 1749 recommended opiates for acute shortage of breath due to heart failure. In 1785, William Withering described the therapeutic uses of the foxglove genus of plants in the treatment of edema; their extract contains cardiac glycosides, including digoxin, still used today in the treatment of heart failure. The diuretic effects of inorganic mercury salts, which were used to treat syphilis, had already been noted in the 16th century by Paracelsus; in the 19th century they were used by noted physicians like John Blackall and William Stokes. In the meantime, cannulae (tubes) invented by English physician Reginald Southey in 1877 was another method of removing excess fluid by directly inserting into swollen limbs.
Use of organic mercury compounds as diuretics, beyond their role in syphilis treatment, started in 1920, though it was limited by their parenteral route of administration and their side-effects. Oral mercurial diuretics were introduced in the 1950s; so were thiazide diuretics, which caused less toxicity, and are still used. Around the same time, the invention of echocardiography by Inge Edler and Hellmuth Hertz in 1954 marked a new era in the evaluation of heart failure. In the 1960s, loop diuretics were added to available treatments of fluid retention, while a patient with heart failure received the first heart transplant by Christiaan Barnard. Over the following decades, new drug classes found their place in heart failure therapeutics, including vasodilators like hydralazine; renin-angiotensin system inhibitors; and beta-blockers.


== Economics ==
In 2011, nonhypertensive heart failure was one of the 10 most expensive conditions seen during inpatient hospitalizations in the U.S., with aggregate inpatient hospital costs more than $10.5 billion.
Heart failure is associated with a high health expenditure, mostly because of the cost of hospitalizations; costs have been estimated to amount to 2% of the total budget of the National Health Service in the United Kingdom, and more than $35 billion in the United States.


== Research directions ==
Some research indicates that stem cell therapy may help. Although this research indicated benefits of stem cell therapy, other research does not indicate benefit. There is tentative evidence of longer life expectancy and improved left ventricular ejection fraction in persons treated with bone marrow-derived stem cells.
The maintenance of heart function depends on appropriate gene expression that is regulated at multiple levels by epignetic mechanisms including DNA methylation and histone post-translational modification. Currently, an increasing body of research is directed at understanding the role of perturbations of epigenetic processes in cardiac hypertrophy and fibrotic scarring.


== Notes ==


== References ==


== External links ==

Heart failure, American Heart Association – information and resources for treating and living with heart failure
Heart Failure Matters – patient information website of the Heart Failure Association of the European Society of Cardiology
Heart failure in children by Great Ormond Street Hospital, London, UK
""Heart Failure"". MedlinePlus. U.S. National Library of Medicine.
2022 AHA/ACC/HFSA Guideline for the Management of Heart Failure - Guideline Hub at American College of Cardiology, jointly with the American Heart Association and the Heart Failure Society of America. JACC article link, quick references, slides, perspectives, education, apps and tools, and patient resources. April, 2022
2021 ESC Guidelines for the diagnosis and treatment of acute and chronic heart failure – European Society of Cardiology resource webpage with links to Full text and related materials, scientific presentation at ESC Congress 2021, news article, TV interview, app, slide set, and ESC Pocket Guidelines; plus previous versions. August, 2021.",https://en.wikipedia.org/wiki/Heart_failure
Heart Failure,Management of heart failure,"Management of heart failure requires a multimodal approach. It involves a combination of lifestyle modifications, medications, and possibly the use of devices or surgery. It may be noted that treatment can vary across continents and regions.","Management of heart failure requires a multimodal approach. It involves a combination of lifestyle modifications, medications, and possibly the use of devices or surgery. It may be noted that treatment can vary across continents and regions.


== Lifestyle changes ==
People with heart failure, also known as congestive heart failure (CHF), are educated to undertake various non-pharmacological measures to improve symptoms and prognosis. Such measures include:

Moderate physical activity, when symptoms are mild or moderate; or bed rest when symptoms are severe. In individuals with heart failure, increasing physical activity offers significant prognostic benefits for the secondary prevention of the condition.
If sleep apnea is identified, treat with CPAP, BiPAP, dental appliances or surgery. Sleep apnea is an under-recognized risk factor for heart failure. Uncontrolled sleep apnea may increase the risk of heart failure by up to 140%.
Weight reduction – through physical activity and dietary modification, as obesity is a risk factor for heart failure and left ventricular hypertrophy. Effective weight management has been shown to significantly improve the heart's functional status and reduce the risk of all-cause mortality.
Monitor weight – this is a parameter that can easily be measured at home. Rapid weight increase is generally due to fluid retention. Weight gain of more than 2 pounds is associated with admission to the hospital for heart failure.
Sodium restriction – excessive sodium intake may precipitate or exacerbate heart failure, thus a ""no added salt"" diet (60–100 mmol total daily intake) is recommended for patients with CHF.


=== Fluid restriction ===
According to a review in 2009, there is apparently no evidence of benefit of fluid restriction in patients with clinically stable heart failure otherwise receiving optimal pharmacological treatment. The same review suggested that clinicians still choosing to restrict fluid intake for patients with HF should consider an individualized fluid prescription, potentially based on patient body weight, sodium intake, and likelihood of adherence.
Generally water intake should be limited to 1.5 L daily or less in patients with hyponatremia, though fluid restriction may be beneficial regardless in symptomatic reduction.


== Medication ==
There is a significant evidence–practice gap in the treatment of CHF; particularly the underuse of ACE inhibitors and β-blockers and aldosterone antagonists which have been shown to provide mortality benefit. Treatment of CHF aims to relieve symptoms, to maintain a euvolemic state (normal fluid level in the circulatory system), and to improve prognosis by delaying progression of heart failure and reducing cardiovascular risk. Medications used include: diuretic agents, vasodilator agents, positive inotropes, ACE inhibitors, beta blockers, and aldosterone antagonists (e.g., spironolactone). SGLT2 inhibitors have also shown positive therapeutic outcomes. Some medications which increase heart function, such as the positive inotrope milrinone, lead to increased death, and are contraindicated.


=== Angiotensin-modulating agents ===
Unless contraindicated or not tolerated, ACE inhibitor (ACEi) therapy is recommended for all patients with systolic heart failure, irrespective of symptomatic severity or blood pressure. ACE inhibitors improve symptoms, decrease mortality and reduce ventricular hypertrophy. Angiotensin II receptor antagonist therapy (also referred to as AT1-antagonists or angiotensin receptor blockers), particularly using candesartan, is an acceptable alternative if the patient is unable to tolerate ACEi therapy. ACEIs and ARBs decrease afterload by antagonizing the vasopressor effect of angiotensin, thereby decreasing the amount of work the heart must perform. It is also believed that angiotensin directly affects cardiac remodeling, and blocking its activity can thereby slow the deterioration of cardiac function.
A number of studies have been done to investigate whether ACEi plus ARB is better than an ACEi treatment alone in reducing death, disability or hospital admission in CHF with systolic dysfunction. The two largest studies were CHARM-Added and Val-HeFT. The conclusion of a Cochrane Database systematic review, which included these two studies and five others, was that combining ACEi treatment with ARB was not effective in reducing total mortality RR 0.98 [95% CI 0.9, 1.06] or cardiovascular mortality RR 0.93 [95% CI 0.84, 1.03] when compared with single therapy of an ACEi. Combined therapy did reduce HF-related hospital admissions with an absolute risk reduction of 4.4% but also increased discontinuation of medication due to adverse effects with an absolute risk increase of 3.7%. In plain English, 23 people would need to be treated to reduce one hospitalisation for HF while treating 27 people would harm one person with adverse effects. Thus, combined therapy does not improve mortality and may slightly increase morbidity.


=== Diuretics ===
Diuretic therapy is indicated for relief of congestive symptoms. Several classes are used, with combinations reserved for severe heart failure:

Loop diuretics (e.g. furosemide, bumetanide) – most commonly used class in CHF, usually for moderate CHF
Thiazide diuretics (e.g. hydrochlorothiazide, chlorthalidone, chlorthiazide) – may be useful for mild CHF, but typically used in severe CHF in combination with loop diuretics, resulting in a synergistic effect.
Potassium-sparing diuretics (e.g. amiloride) – used first-line use to correct hypokalaemia.
Spironolactone is used as add-on therapy to ACEI plus loop diuretic in severe CHF.
Eplerenone is specifically indicated for post-MI reduction of cardiovascular risk.
If a heart failure patient exhibits a resistance to or poor response to diuretic therapy, ultrafiltration or aquapheresis may be needed to achieve adequate control of fluid retention and congestion. The use of such mechanical methods of fluid removal can produce meaningful clinical benefits in patients with diuretic-resistant heart failure and may restore responsiveness to conventional doses of diuretics.
Newly emerging evidence showed that glucocorticoids could be used in the treatment of decompensated heart failure to potentiate renal responsiveness to diuretics, especially in heart failure patients with refractory diuretic resistance with large dose of loop diuretics. Glucocorticoids induce a potent diuresis in heart failure because they could improve renal responsiveness to atrial natriuretic peptide by upregulating natriuretic peptide receptor A NPR-A expression in the renal inner medullary collecting duct, inducing a potent diuresis.


=== Beta blockers ===
Until recently (within the last 20 years), β-blockers were contraindicated in CHF, owing to their negative inotropic effect and ability to produce bradycardia – effects which worsen heart failure. However, current guidelines recommend β-blocker therapy for patients with systolic heart failure due to left ventricular systolic dysfunction after stabilization with diuretic and ACEI therapy, irrespective of symptomatic severity or blood pressure. As with ACEI therapy, the addition of a β-blocker can decrease mortality and improve left ventricular function. Several β-blockers are specifically indicated for CHF including: bisoprolol, carvedilol, nebivolol and extended-release metoprolol. The antagonism of β1 inotropic and chronotropic effects decreases the amount of work the heart must perform. It is also thought that catecholamines and other sympathomimetics have an effect on cardiac remodeling, and blocking their activity can slow the deterioration of cardiac function.


=== Positive inotropes ===
Digoxin (a mildly positive inotrope and negative chronotrope), once used as first-line therapy, is now reserved for control of ventricular rhythm in patients with atrial fibrillation; or where adequate control is not achieved with an ACEI, a beta blocker and a loop diuretic. There is no evidence that digoxin reduces mortality in CHF, although some studies suggest a decreased rate in hospital admissions. It is contraindicated in cardiac tamponade and restrictive cardiomyopathy.
The inotropic agent dobutamine is advised only in the short-term use of acutely decompensated heart failure, and has no other uses.
Phosphodiesterase inhibitors such as milrinone are sometimes utilized in severe cardiomyopathy. The mechanism of action is through inhibiting the breakdown and thereby increasing the concentration of cAMP similar to beta adrenoreceptor agonism, resulting in inotropic effects and modest diuretic effects.


=== Alternative vasodilators ===
The combination of isosorbide dinitrate/hydralazine is the only vasodilator regimen, other than ACE inhibitors or angiotensin II receptor antagonists, with proven survival benefits. This combination appears to be particularly beneficial in CHF patients with an African American background, who respond less effectively to ACEI therapy.


=== Aldosterone receptor antagonists ===
The RALES trial showed that the addition of spironolactone can improve mortality, particularly in severe cardiomyopathy (ejection fraction less than 25%.) The related medication eplerenone was shown in the EPHESUS trial to have a similar effect, and it is specifically labelled for use in decompensated heart failure complicating acute myocardial infarction. While the antagonism of aldosterone will decrease the effects of sodium and water retention, it is thought that the main mechanism of action is by antagonizing the deleterious effects of aldosterone on cardiac remodeling.


=== Recombinant neuroendocrine hormones ===
Nesiritide, a recombinant form of B-natriuretic peptide, is indicated for use in patients with acute decompensated heart failure who have dyspnea at rest. Nesiritide promotes diuresis and natriuresis, thereby ameliorating volume overload. It is thought that, while BNP is elevated in heart failure, the peptide that is produced is actually dysfunctional or non-functional and thereby ineffective.


=== Vasopressin receptor antagonists ===
Tolvaptan and conivaptan antagonize the effects of antidiuretic hormone (vasopressin), thereby promoting the specific excretion of free water, directly ameliorating the volume overloaded state, and counteracting the hyponatremia that occurs due to the release of neuroendocrine hormones in an attempt to counteract the effects of heart failure. The EVEREST trial, which utilized tolvaptan, showed that when used in combination with conventional therapy, many symptoms of acute decompensated heart failure were significantly improved compared to conventional therapy alone although they found no difference in mortality and morbidity when compared to conventional therapy.


=== SGLT2 inhibitors ===
SGLT2 inhibitors act by inhibiting sodium/glucose cotransporter 2 (SGLT2) located in the kidneys. While generally used for patients with type 2 diabetes research has shown that they can provide important cardiovascular benefits. Recent studies have shown that SGLT2 inhibitors can have a positive clinical effect in both heart failure with preserved ejection fraction (HFpEF) and heart failure with reduced ejection fraction (HFrEF).  The 2023 Focused Update of the 2021 European Society of Cardiology (ESC) Guidelines for the diagnosis and treatment of both acute and chronic heart failure ranked SGLT2 inhibitors as a Class I recommendation in the management of HFpEF and heart failure with mildly reduced ejection fraction (HFmrEF). In the same guidelines ACEi/ARNI/ARB, MRA and β-blockers were classified as Class IIb for HFmrEF management. The 2022 AHA/ACC/HFSA Guideline for the Management of Heart Failure also recommended SGLT2 for HF treatment.


== Pharmacological contraindications ==
The pharmacological agents used in HF management can be contraindicated in pregnant individuals, patients with secondary pathologies or patients assuming other medications.


=== Pregnancy ===
Pregnant individuals with pre-existing heart failure might be advised to modify their current treatment to avoid foetal harm. According to both ESC and AHA guidelines ACEi, ARB, ARNI, MRA, ivabradine, vericiguat and SGLT2 inhibitors are all contraindicated in women with HF who are pregnant or  planning to become pregnant. During pregnancy β-blockers should be continued using β1-selective blockers (usually metoprolol succinate).


== Devices ==
CRT: People with NYHA class III or IV, left ventricular ejection fraction (LVEF) of 35% or less and a QRS interval of 120 ms or more may benefit from cardiac resynchronization therapy (CRT; pacing both the left and right ventricles), through implantation of a bi-ventricular pacemaker. This treatment modality may alleviate symptoms, improving quality of life, and in some trials has been proven to reduce mortality.
The COMPANION trial demonstrated that CRT improved survival in individuals with NYHA class III or IV heart failure with a widened QRS complex on an electrocardiogram. The CARE-HF trial showed that patients receiving CRT and optimal medical therapy benefited from a 36% reduction in all-cause mortality and a reduction in cardiovascular-related hospitalization.
However, around one third of patients with LVEF of 35% of less have a QRS complex duration of 120 ms or more. In the remaining two thirds of patients (who have a QRS complex duration of 120 ms or less), CRT may actually be harmful.
CCM: Cardiac Contractility Modulation (CCM) is a treatment for patients with moderate to severe left ventricular systolic heart failure (NYHA class II–IV) which enhances both the strength of ventricular contraction and the heart's pumping capacity. The CCM mechanism is based on stimulation of the cardiac muscle by non-excitatory electrical signals (NES), which are delivered by a pacemaker-like device. CCM is particularly suitable for the treatment of heart failure patients with normal QRS complex duration (120 ms or less) and has been demonstrated to improve the symptoms, quality of life and exercise tolerance of heart failure patients. CCM is approved for use in Europe, but not currently in North America.
AICD: Patients with NYHA class II, III or IV, and LVEF of 35% (without a QRS requirement) may also benefit from an implantable cardioverter-defibrillator (ICD), a device that is proven to reduce all-cause mortality by 23% compared to placebo in patients who were already optimally managed on drug therapy. Patients with severe cardiomyopathy are at high risk for sudden cardiac death due to ventricular dysrhythmias. Although ICDs deliver electrical shocks to resynchronize heart rhythm which are potentially distressing to the patient, they have not been shown to affect quality of life.
The number of (appropriate and inappropriate) shocks seems to be associated with a worse outcome. Although they are expensive, ICDs are potentially cost-effective in this setting.
LVAD: Another current treatment involves the use of left ventricular assist devices (LVADs). LVADs are battery-operated mechanical pump-type devices that are surgically implanted in the upper part of the abdomen. They take blood from the left ventricle and pump it through the aorta. LVADs are becoming more common and are often used in patients waiting for heart transplants.


== Surgery ==
The final option, if other measures have failed, is heart transplantation or (temporary or prolonged) implantation of an artificial heart. These remain the recommended surgical treatment options. However, the limited number of hearts available for transplantation in a growing group of candidates, has led to the development of alternative surgical approaches to heart failure. These commonly involve surgical left ventricular remodeling. The aim of the procedures is to reduce the ventricle diameter (targeting Laplace's law and the disease mechanism of heart failure), improve its shape and/or remove non-viable tissue. These procedures can be performed together with coronary artery bypass surgery or mitral valve repair.
If heart failure ensues after a myocardial infarction due to scarring and aneurysm formation, reconstructive surgery may be an option. These aneurysms bulge with every contraction, making it inefficient. Cooley and coworkers reported the first surgical treatment of a left ventricular aneurysm in 1958. They used a linear closure after their excision. In the 1980s, Vincent Dor developed a method using a circular patch stitched to the inside of the ventricle (the endoventricular circular patch plasty or Dor procedure) to close the defect after excision. Dor's approach has been modified by others and is today the preferred method for surgical treatment of incorrectly contracting (dyskinetic) left ventricle tissue, although a linear closure technique combined with septoplasty might be equally effective. The multicenter RESTORE trial of 1198 participants demonstrated an increase in ejection fraction from about 30% to 40% with a concomitant shift in NYHA classes, with an early mortality of 5% and a 5-year survival of 70%. It remains unknown if surgery is superior to optimal medical therapy. The STICH trial (Surgical Treatment for IschemiC Heart Failure) will examine the role of medical treatment, coronary artery bypass surgery and left ventricle remodeling surgery in heart failure patients. Results are expected to be published in 2009 and 2011.
The Batista procedure was invented by Brazilian surgeon Randas Batista in 1994 for use in patients with non-ischemic dilated cardiomyopathy. It involves removal of a portion of viable tissue from the left ventricle to reduce its size (partial left ventriculectomy), with or without repair or replacement of the mitral valve. Although several studies showed benefits from this surgery, studies at the Cleveland Clinic concluded that this procedure was associated with a high early and late failure rate. At 3 years only 26 percent were event-free and survival rate was only 60 percent. Most hospitals have abandoned this operation and it is no longer included in heart failure guidelines.
Newer procedures under examination are based on the observation that the spherical configuration of the dilated heart reduces ejection fraction compared to the elliptical form. Mesh-like constraint devices such as the Acorn CorCap aim to improve contraction efficacy and prevent further remodeling. Clinical trials are underway. Another technique which aims to divide the spherical ventricle into two elliptical halves is used with the Myosplint device.


== References ==",https://en.wikipedia.org/wiki/Management_of_heart_failure
